timestamp,meter_id,consumption_kwh,voltage_v,current_a,power_factor,is_anomaly_ground_truth,anomaly_type
2026-05-30 00:34:05.727696,METER-ML-1001,2.84,231.12,13.24,0.928,0,NORMAL
2026-05-30 01:34:05.727696,METER-ML-1001,3.859,228.36,18.05,0.936,0,NORMAL
2026-05-30 02:34:05.727696,METER-ML-1001,3.1,226.77,16.24,0.842,0,NORMAL
2026-05-30 03:34:05.727696,METER-ML-1001,3.83,226.46,18.2,0.929,0,NORMAL
2026-05-30 04:34:05.727696,METER-ML-1001,3.037,222.51,15.14,0.901,0,NORMAL
2026-05-30 05:34:05.727696,METER-ML-1001,3.661,228.09,17.38,0.923,0,NORMAL
2026-05-30 06:34:05.727696,METER-ML-1001,3.986,233.32,18.4,0.929,0,NORMAL
2026-05-30 07:34:05.727696,METER-ML-1001,4.435,157.76,21.71,0.533,1,ANOMALIE_TENSION_FP
2026-05-30 08:34:05.727696,METER-ML-1001,5.274,223.14,26.86,0.88,0,NORMAL
2026-05-30 09:34:05.727696,METER-ML-1001,5.641,230.77,25.83,0.946,0,NORMAL
2026-05-30 10:34:05.727696,METER-ML-1001,5.778,228.95,28.82,0.876,0,NORMAL
2026-05-30 11:34:05.727696,METER-ML-1001,5.667,225.29,28.15,0.894,0,NORMAL
2026-05-30 12:34:05.727696,METER-ML-1001,6.23,171.21,30.28,0.546,1,ANOMALIE_TENSION_FP
2026-05-30 13:34:05.727696,METER-ML-1001,6.306,227.06,30.5,0.911,0,NORMAL
2026-05-30 14:34:05.727696,METER-ML-1001,5.109,233.85,23.89,0.915,0,NORMAL
2026-05-30 15:34:05.727696,METER-ML-1001,5.35,232.84,23.92,0.961,0,NORMAL
2026-05-30 16:34:05.727696,METER-ML-1001,4.676,229.73,21.44,0.949,0,NORMAL
2026-05-30 17:34:05.727696,METER-ML-1001,5.122,229.87,23.04,0.967,0,NORMAL
2026-05-30 18:34:05.727696,METER-ML-1001,4.083,229.79,20.25,0.877,0,NORMAL
2026-05-30 19:34:05.727696,METER-ML-1001,4.309,229.23,20.2,0.931,0,NORMAL
2026-05-30 20:34:05.727696,METER-ML-1001,2.995,232.6,14.09,0.914,0,NORMAL
2026-05-30 21:34:05.727696,METER-ML-1001,2.796,233.2,12.9,0.93,0,NORMAL
2026-05-30 22:34:05.727696,METER-ML-1001,3.374,230.61,16.06,0.911,0,NORMAL
2026-05-30 23:34:05.727696,METER-ML-1001,2.859,228.63,14.27,0.876,0,NORMAL
2026-05-31 00:34:05.727696,METER-ML-1001,2.1,231.21,10.0,0.908,0,NORMAL
2026-05-31 01:34:05.727696,METER-ML-1001,3.235,229.44,15.13,0.932,0,NORMAL
2026-05-31 02:34:05.727696,METER-ML-1001,2.922,234.91,13.53,0.919,0,NORMAL
2026-05-31 03:34:05.727696,METER-ML-1001,2.571,230.21,11.28,0.99,0,NORMAL
2026-05-31 04:34:05.727696,METER-ML-1001,3.603,229.09,17.42,0.903,0,NORMAL
2026-05-31 05:34:05.727696,METER-ML-1001,3.172,234.0,14.38,0.943,0,NORMAL
2026-05-31 06:34:05.727696,METER-ML-1001,3.889,234.84,17.21,0.962,0,NORMAL
2026-05-31 07:34:05.727696,METER-ML-1001,28.091,226.53,137.32,0.903,1,SURCHARGE_ANORMALE
2026-05-31 08:34:05.727696,METER-ML-1001,5.179,228.72,24.1,0.939,0,NORMAL
2026-05-31 09:34:05.727696,METER-ML-1001,4.96,226.78,22.63,0.966,0,NORMAL
2026-05-31 10:34:05.727696,METER-ML-1001,5.647,226.9,27.37,0.909,0,NORMAL
2026-05-31 11:34:05.727696,METER-ML-1001,6.28,230.8,28.37,0.959,0,NORMAL
2026-05-31 12:34:05.727696,METER-ML-1001,5.918,229.28,29.44,0.877,0,NORMAL
2026-05-31 13:34:05.727696,METER-ML-1001,6.584,231.83,30.58,0.929,0,NORMAL
2026-05-31 14:34:05.727696,METER-ML-1001,0.066,234.26,0.1,0.927,1,CHUTE_SUSPECTE_FRAUDE
2026-05-31 15:34:05.727696,METER-ML-1001,5.954,236.53,26.94,0.934,0,NORMAL
2026-05-31 16:34:05.727696,METER-ML-1001,5.527,226.66,27.17,0.897,0,NORMAL
2026-05-31 17:34:05.727696,METER-ML-1001,4.197,233.37,19.29,0.932,0,NORMAL
2026-05-31 18:34:05.727696,METER-ML-1001,3.858,230.51,19.04,0.879,0,NORMAL
2026-05-31 19:34:05.727696,METER-ML-1001,3.438,229.73,16.09,0.93,0,NORMAL
2026-05-31 20:34:05.727696,METER-ML-1001,3.955,231.88,17.23,0.99,0,NORMAL
2026-05-31 21:34:05.727696,METER-ML-1001,3.046,232.19,14.67,0.894,0,NORMAL
2026-05-31 22:34:05.727696,METER-ML-1001,2.735,229.52,13.01,0.916,0,NORMAL
2026-05-31 23:34:05.727696,METER-ML-1001,2.891,227.04,14.56,0.875,0,NORMAL
2026-06-01 00:34:05.727696,METER-ML-1001,2.441,228.2,11.37,0.941,0,NORMAL
2026-06-01 01:34:05.727696,METER-ML-1001,2.849,226.91,13.58,0.925,0,NORMAL
2026-06-01 02:34:05.727696,METER-ML-1001,3.235,230.18,14.85,0.946,0,NORMAL
2026-06-01 03:34:05.727696,METER-ML-1001,3.238,225.18,16.12,0.892,0,NORMAL
2026-06-01 04:34:05.727696,METER-ML-1001,2.934,230.9,13.8,0.921,0,NORMAL
2026-06-01 05:34:05.727696,METER-ML-1001,3.161,232.0,14.28,0.954,0,NORMAL
2026-06-01 06:34:05.727696,METER-ML-1001,3.655,230.62,17.9,0.885,0,NORMAL
2026-06-01 07:34:05.727696,METER-ML-1001,3.35,228.3,15.91,0.922,0,NORMAL
2026-06-01 08:34:05.727696,METER-ML-1001,3.596,160.81,17.14,0.425,1,ANOMALIE_TENSION_FP
2026-06-01 09:34:05.727696,METER-ML-1001,4.655,235.46,21.4,0.924,0,NORMAL
2026-06-01 10:34:05.727696,METER-ML-1001,4.569,230.76,21.49,0.921,0,NORMAL
2026-06-01 11:34:05.727696,METER-ML-1001,4.75,234.77,21.41,0.945,0,NORMAL
2026-06-01 12:34:05.727696,METER-ML-1001,4.252,230.65,20.48,0.9,0,NORMAL
2026-06-01 13:34:05.727696,METER-ML-1001,5.352,227.3,24.28,0.97,0,NORMAL
2026-06-01 14:34:05.727696,METER-ML-1001,4.671,227.71,21.08,0.973,0,NORMAL
2026-06-01 15:34:05.727696,METER-ML-1001,4.784,231.32,21.33,0.97,0,NORMAL
2026-06-01 16:34:05.727696,METER-ML-1001,0.005,228.31,0.1,0.958,1,CHUTE_SUSPECTE_FRAUDE
2026-06-01 17:34:05.727696,METER-ML-1001,3.667,229.17,16.39,0.976,0,NORMAL
2026-06-01 18:34:05.727696,METER-ML-1001,2.265,226.41,10.97,0.912,0,NORMAL
2026-06-01 19:34:05.727696,METER-ML-1001,0.063,235.4,0.1,0.96,1,CHUTE_SUSPECTE_FRAUDE
2026-06-01 20:34:05.727696,METER-ML-1001,3.277,230.04,16.0,0.891,0,NORMAL
2026-06-01 21:34:05.727696,METER-ML-1001,2.686,229.29,12.71,0.922,0,NORMAL
2026-06-01 22:34:05.727696,METER-ML-1001,2.308,232.32,10.27,0.968,0,NORMAL
2026-06-01 23:34:05.727696,METER-ML-1001,1.618,232.4,7.55,0.922,0,NORMAL
2026-06-02 00:34:05.727696,METER-ML-1001,2.924,227.82,14.05,0.914,0,NORMAL
2026-06-02 01:34:05.727696,METER-ML-1001,2.615,227.82,12.62,0.909,0,NORMAL
2026-06-02 02:34:05.727696,METER-ML-1001,3.172,231.08,14.53,0.944,0,NORMAL
2026-06-02 03:34:05.727696,METER-ML-1001,3.064,231.93,14.7,0.899,0,NORMAL
2026-06-02 04:34:05.727696,METER-ML-1001,2.803,230.41,12.7,0.958,0,NORMAL
2026-06-02 05:34:05.727696,METER-ML-1001,2.575,235.44,12.06,0.907,0,NORMAL
2026-06-02 06:34:05.727696,METER-ML-1001,4.084,230.07,18.87,0.94,0,NORMAL
2026-06-02 07:34:05.727696,METER-ML-1001,3.826,229.05,18.53,0.902,0,NORMAL
2026-06-02 08:34:05.727696,METER-ML-1001,4.351,232.08,20.93,0.895,0,NORMAL
2026-06-02 09:34:05.727696,METER-ML-1001,5.459,234.22,26.36,0.884,0,NORMAL
2026-06-02 10:34:05.727696,METER-ML-1001,5.11,232.2,23.93,0.92,0,NORMAL
2026-06-02 11:34:05.727696,METER-ML-1001,4.652,222.68,21.47,0.973,0,NORMAL
2026-06-02 12:34:05.727696,METER-ML-1001,4.732,228.88,22.17,0.932,0,NORMAL
2026-06-02 13:34:05.727696,METER-ML-1001,4.785,228.48,22.61,0.926,0,NORMAL
2026-06-02 14:34:05.727696,METER-ML-1001,4.672,230.81,23.09,0.877,0,NORMAL
2026-06-02 15:34:05.727696,METER-ML-1001,4.059,227.68,18.56,0.961,0,NORMAL
2026-06-02 16:34:05.727696,METER-ML-1001,4.436,235.16,19.95,0.946,0,NORMAL
2026-06-02 17:34:05.727696,METER-ML-1001,3.886,228.94,18.45,0.92,0,NORMAL
2026-06-02 18:34:05.727696,METER-ML-1001,3.691,227.1,17.37,0.936,0,NORMAL
2026-06-02 19:34:05.727696,METER-ML-1001,3.787,224.94,18.82,0.895,0,NORMAL
2026-06-02 20:34:05.727696,METER-ML-1001,2.901,230.04,13.67,0.923,0,NORMAL
2026-06-02 21:34:05.727696,METER-ML-1001,2.192,237.97,9.88,0.932,0,NORMAL
2026-06-02 22:34:05.727696,METER-ML-1001,0.095,227.31,0.1,0.946,1,CHUTE_SUSPECTE_FRAUDE
2026-06-02 23:34:05.727696,METER-ML-1001,2.186,229.61,10.03,0.949,0,NORMAL
2026-06-03 00:34:05.727696,METER-ML-1001,2.476,227.9,12.69,0.856,0,NORMAL
2026-06-03 01:34:05.727696,METER-ML-1001,2.602,223.31,12.52,0.931,0,NORMAL
2026-06-03 02:34:05.727696,METER-ML-1001,2.452,231.72,12.02,0.88,0,NORMAL
2026-06-03 03:34:05.727696,METER-ML-1001,3.544,229.74,16.92,0.912,0,NORMAL
2026-06-03 04:34:05.727696,METER-ML-1001,2.127,234.74,9.88,0.917,0,NORMAL
2026-06-03 05:34:05.727696,METER-ML-1001,3.307,229.62,15.68,0.918,0,NORMAL
2026-06-03 06:34:05.727696,METER-ML-1001,3.564,230.16,17.08,0.906,0,NORMAL
2026-06-03 07:34:05.727696,METER-ML-1001,4.199,225.21,19.92,0.936,0,NORMAL
2026-06-03 08:34:05.727696,METER-ML-1001,3.698,234.47,16.96,0.93,0,NORMAL
2026-06-03 09:34:05.727696,METER-ML-1001,4.323,230.4,19.41,0.967,0,NORMAL
2026-06-03 10:34:05.727696,METER-ML-1001,5.685,236.14,26.38,0.913,0,NORMAL
2026-06-03 11:34:05.727696,METER-ML-1001,5.399,235.21,24.26,0.946,0,NORMAL
2026-06-03 12:34:05.727696,METER-ML-1001,5.485,223.84,27.7,0.885,0,NORMAL
2026-06-03 13:34:05.727696,METER-ML-1001,4.195,230.7,21.27,0.855,0,NORMAL
2026-06-03 14:34:05.727696,METER-ML-1001,5.512,225.17,28.17,0.869,0,NORMAL
2026-06-03 15:34:05.727696,METER-ML-1001,4.6,229.98,21.46,0.932,0,NORMAL
2026-06-03 16:34:05.727696,METER-ML-1001,3.79,232.34,17.52,0.931,0,NORMAL
2026-06-03 17:34:05.727696,METER-ML-1001,3.574,232.62,16.86,0.911,0,NORMAL
2026-06-03 18:34:05.727696,METER-ML-1001,3.168,231.76,15.12,0.904,0,NORMAL
2026-06-03 19:34:05.727696,METER-ML-1001,2.856,224.98,13.89,0.914,0,NORMAL
2026-06-03 20:34:05.727696,METER-ML-1001,3.598,230.12,17.39,0.899,0,NORMAL
2026-06-03 21:34:05.727696,METER-ML-1001,2.587,232.98,12.32,0.901,0,NORMAL
2026-06-03 22:34:05.727696,METER-ML-1001,2.051,227.98,9.86,0.912,0,NORMAL
2026-06-03 23:34:05.727696,METER-ML-1001,1.192,227.81,6.13,0.854,0,NORMAL
2026-06-04 00:34:05.727696,METER-ML-1001,3.042,231.09,13.3,0.99,0,NORMAL
2026-06-04 01:34:05.727696,METER-ML-1001,3.26,235.33,16.37,0.846,0,NORMAL
2026-06-04 02:34:05.727696,METER-ML-1001,2.509,225.02,12.38,0.901,0,NORMAL
2026-06-04 03:34:05.727696,METER-ML-1001,2.379,230.76,10.88,0.947,0,NORMAL
2026-06-04 04:34:05.727696,METER-ML-1001,2.809,235.18,12.95,0.922,0,NORMAL
2026-06-04 05:34:05.727696,METER-ML-1001,2.467,228.46,11.16,0.967,0,NORMAL
2026-06-04 06:34:05.727696,METER-ML-1001,3.212,225.16,15.05,0.948,0,NORMAL
2026-06-04 07:34:05.727696,METER-ML-1001,4.714,230.1,22.18,0.924,0,NORMAL
2026-06-04 08:34:05.727696,METER-ML-1001,4.052,228.3,19.67,0.902,0,NORMAL
2026-06-04 09:34:05.727696,METER-ML-1001,4.277,221.24,20.55,0.941,0,NORMAL
2026-06-04 10:34:05.727696,METER-ML-1001,4.765,226.82,23.27,0.903,0,NORMAL
2026-06-04 11:34:05.727696,METER-ML-1001,5.313,231.85,24.74,0.926,0,NORMAL
2026-06-04 12:34:05.727696,METER-ML-1001,4.394,231.9,21.05,0.9,0,NORMAL
2026-06-04 13:34:05.727696,METER-ML-1001,5.239,230.98,27.07,0.838,0,NORMAL
2026-06-04 14:34:05.727696,METER-ML-1001,4.965,226.83,23.3,0.939,0,NORMAL
2026-06-04 15:34:05.727696,METER-ML-1001,3.958,239.74,18.94,0.872,0,NORMAL
2026-06-04 16:34:05.727696,METER-ML-1001,3.968,228.65,18.26,0.95,0,NORMAL
2026-06-04 17:34:05.727696,METER-ML-1001,3.719,233.87,16.86,0.943,0,NORMAL
2026-06-04 18:34:05.727696,METER-ML-1001,2.573,227.21,12.08,0.937,0,NORMAL
2026-06-04 19:34:05.727696,METER-ML-1001,3.092,230.59,14.53,0.923,0,NORMAL
2026-06-04 20:34:05.727696,METER-ML-1001,2.846,229.46,12.99,0.955,0,NORMAL
2026-06-04 21:34:05.727696,METER-ML-1001,2.603,227.92,12.18,0.938,0,NORMAL
2026-06-04 22:34:05.727696,METER-ML-1001,2.421,228.53,11.41,0.929,0,NORMAL
2026-06-04 23:34:05.727696,METER-ML-1001,2.943,229.05,13.55,0.948,0,NORMAL
2026-06-05 00:34:05.727696,METER-ML-1001,1.997,226.47,10.21,0.864,0,NORMAL
2026-06-05 01:34:05.727696,METER-ML-1001,2.671,224.47,12.93,0.92,0,NORMAL
2026-06-05 02:34:05.727696,METER-ML-1001,3.144,222.26,15.26,0.927,0,NORMAL
2026-06-05 03:34:05.727696,METER-ML-1001,3.12,230.58,14.44,0.937,0,NORMAL
2026-06-05 04:34:05.727696,METER-ML-1001,2.947,228.55,13.73,0.939,0,NORMAL
2026-06-05 05:34:05.727696,METER-ML-1001,3.72,228.29,17.48,0.932,0,NORMAL
2026-06-05 06:34:05.727696,METER-ML-1001,3.894,227.0,18.6,0.922,0,NORMAL
2026-06-05 07:34:05.727696,METER-ML-1001,3.759,228.78,17.39,0.945,0,NORMAL
2026-06-05 08:34:05.727696,METER-ML-1001,4.204,226.57,20.46,0.907,0,NORMAL
2026-06-05 09:34:05.727696,METER-ML-1001,4.773,233.37,21.55,0.949,0,NORMAL
2026-06-05 10:34:05.727696,METER-ML-1001,5.026,236.57,23.69,0.897,0,NORMAL
2026-06-05 11:34:05.727696,METER-ML-1001,4.513,230.6,20.71,0.945,0,NORMAL
2026-06-05 12:34:05.727696,METER-ML-1001,5.324,229.81,24.95,0.928,0,NORMAL
2026-06-05 13:34:05.727696,METER-ML-1001,4.561,229.29,21.59,0.921,0,NORMAL
2026-06-05 14:34:05.727696,METER-ML-1001,4.905,232.54,22.57,0.934,0,NORMAL
2026-06-05 15:34:05.727696,METER-ML-1001,4.712,230.88,23.04,0.886,0,NORMAL
2026-06-05 16:34:05.727696,METER-ML-1001,4.949,228.21,24.36,0.89,0,NORMAL
2026-06-05 17:34:05.727696,METER-ML-1001,3.9,238.89,17.45,0.936,0,NORMAL
2026-06-05 18:34:05.727696,METER-ML-1001,3.499,228.51,17.21,0.89,0,NORMAL
2026-06-05 19:34:05.727696,METER-ML-1001,2.512,229.2,11.67,0.939,0,NORMAL
2026-06-05 20:34:05.727696,METER-ML-1001,2.677,235.84,12.45,0.912,0,NORMAL
2026-06-05 21:34:05.727696,METER-ML-1001,1.9,229.98,9.38,0.88,0,NORMAL
2026-06-05 22:34:05.727696,METER-ML-1001,8.562,232.44,37.76,0.975,1,SURCHARGE_ANORMALE
2026-06-05 23:34:05.727696,METER-ML-1001,2.564,227.2,12.33,0.915,0,NORMAL
2026-06-06 00:34:05.727696,METER-ML-1001,4.609,230.21,21.75,0.92,0,NORMAL
2026-06-06 01:34:05.727696,METER-ML-1001,3.363,229.6,15.84,0.925,0,NORMAL
2026-06-06 02:34:05.727696,METER-ML-1001,3.358,228.1,16.38,0.899,0,NORMAL
2026-06-06 03:34:05.727696,METER-ML-1001,3.425,234.86,17.36,0.84,0,NORMAL
2026-06-06 04:34:05.727696,METER-ML-1001,3.972,222.74,19.6,0.91,0,NORMAL
2026-06-06 05:34:05.727696,METER-ML-1001,3.196,229.48,14.88,0.936,0,NORMAL
2026-06-06 06:34:05.727696,METER-ML-1001,0.023,236.13,0.1,0.948,1,CHUTE_SUSPECTE_FRAUDE
2026-06-06 07:34:05.727696,METER-ML-1001,5.35,230.35,25.36,0.916,0,NORMAL
2026-06-06 08:34:05.727696,METER-ML-1001,4.588,232.5,21.62,0.913,0,NORMAL
2026-06-06 09:34:05.727696,METER-ML-1001,5.367,230.82,25.07,0.928,0,NORMAL
2026-06-06 10:34:05.727696,METER-ML-1001,0.021,232.16,0.1,0.938,1,CHUTE_SUSPECTE_FRAUDE
2026-06-06 11:34:05.727696,METER-ML-1001,5.864,224.16,26.89,0.973,0,NORMAL
2026-06-06 12:34:05.727696,METER-ML-1001,5.823,233.67,27.72,0.899,0,NORMAL
2026-06-06 13:34:05.727696,METER-ML-1001,5.337,232.65,26.14,0.878,0,NORMAL
2026-06-06 14:34:05.727696,METER-ML-1001,4.834,235.94,22.12,0.926,0,NORMAL
2026-06-06 15:34:05.727696,METER-ML-1001,5.501,233.4,25.64,0.919,0,NORMAL
2026-06-06 16:34:05.727696,METER-ML-1001,5.0,229.8,23.41,0.929,0,NORMAL
2026-06-06 17:34:05.727696,METER-ML-1001,3.919,227.82,18.96,0.907,0,NORMAL
2026-06-06 18:34:05.727696,METER-ML-1001,4.283,153.53,20.5,0.515,1,ANOMALIE_TENSION_FP
2026-06-06 19:34:05.727696,METER-ML-1001,3.435,231.43,17.08,0.869,0,NORMAL
2026-06-06 20:34:05.727696,METER-ML-1001,3.149,231.84,14.02,0.969,0,NORMAL
2026-06-06 21:34:05.727696,METER-ML-1001,3.755,223.56,19.05,0.882,0,NORMAL
2026-06-06 22:34:05.727696,METER-ML-1001,2.548,230.69,12.6,0.877,0,NORMAL
2026-06-06 23:34:05.727696,METER-ML-1001,2.814,226.77,14.11,0.879,0,NORMAL
2026-06-07 00:34:05.727696,METER-ML-1001,3.65,223.86,16.59,0.982,0,NORMAL
2026-06-07 01:34:05.727696,METER-ML-1001,0.06,227.0,0.1,0.941,1,CHUTE_SUSPECTE_FRAUDE
2026-06-07 02:34:05.727696,METER-ML-1001,3.372,227.69,17.03,0.869,0,NORMAL
2026-06-07 03:34:05.727696,METER-ML-1001,3.848,229.88,17.2,0.973,0,NORMAL
2026-06-07 04:34:05.727696,METER-ML-1001,2.626,228.6,12.29,0.935,0,NORMAL
2026-06-07 05:34:05.727696,METER-ML-1001,3.63,232.18,17.91,0.873,0,NORMAL
2026-06-07 06:34:05.727696,METER-ML-1001,3.641,229.21,16.69,0.952,0,NORMAL
2026-06-07 07:34:05.727696,METER-ML-1001,4.797,231.96,21.72,0.952,0,NORMAL
2026-06-07 08:34:05.727696,METER-ML-1001,4.956,232.22,24.42,0.874,0,NORMAL
2026-06-07 09:34:05.727696,METER-ML-1001,5.519,231.5,25.74,0.926,0,NORMAL
2026-06-07 10:34:05.727696,METER-ML-1001,6.226,230.47,28.94,0.933,0,NORMAL
2026-06-07 11:34:05.727696,METER-ML-1001,5.91,229.86,27.34,0.94,0,NORMAL
2026-06-07 12:34:05.727696,METER-ML-1001,5.851,233.1,28.59,0.878,0,NORMAL
2026-06-07 13:34:05.727696,METER-ML-1001,6.253,230.78,29.92,0.906,0,NORMAL
2026-06-07 14:34:05.727696,METER-ML-1001,5.708,230.47,26.56,0.932,0,NORMAL
2026-06-07 15:34:05.727696,METER-ML-1001,4.621,233.61,22.59,0.875,0,NORMAL
2026-06-07 16:34:05.727696,METER-ML-1001,4.526,232.05,20.72,0.941,0,NORMAL
2026-06-07 17:34:05.727696,METER-ML-1001,4.763,228.19,21.69,0.962,0,NORMAL
2026-06-07 18:34:05.727696,METER-ML-1001,4.716,231.1,23.47,0.87,0,NORMAL
2026-06-07 19:34:05.727696,METER-ML-1001,2.964,228.53,14.23,0.912,0,NORMAL
2026-06-07 20:34:05.727696,METER-ML-1001,2.891,226.32,14.82,0.862,0,NORMAL
2026-06-07 21:34:05.727696,METER-ML-1001,2.422,233.45,11.36,0.914,0,NORMAL
2026-06-07 22:34:05.727696,METER-ML-1001,3.824,227.68,17.59,0.955,0,NORMAL
2026-06-07 23:34:05.727696,METER-ML-1001,3.314,227.77,16.09,0.904,0,NORMAL
2026-06-08 00:34:05.727696,METER-ML-1001,3.034,227.82,14.71,0.905,0,NORMAL
2026-06-08 01:34:05.727696,METER-ML-1001,2.745,234.97,12.94,0.903,0,NORMAL
2026-06-08 02:34:05.727696,METER-ML-1001,2.949,228.68,14.35,0.899,0,NORMAL
2026-06-08 03:34:05.727696,METER-ML-1001,2.53,235.42,11.04,0.974,0,NORMAL
2026-06-08 04:34:05.727696,METER-ML-1001,2.667,232.04,12.27,0.936,0,NORMAL
2026-06-08 05:34:05.727696,METER-ML-1001,3.245,229.38,15.79,0.896,0,NORMAL
2026-06-08 06:34:05.727696,METER-ML-1001,3.915,226.67,19.31,0.895,0,NORMAL
2026-06-08 07:34:05.727696,METER-ML-1001,3.947,228.19,18.66,0.927,0,NORMAL
2026-06-08 08:34:05.727696,METER-ML-1001,2.919,226.95,13.45,0.956,0,NORMAL
2026-06-08 09:34:05.727696,METER-ML-1001,4.76,232.39,21.0,0.975,0,NORMAL
2026-06-08 10:34:05.727696,METER-ML-1001,4.957,231.07,22.63,0.948,0,NORMAL
2026-06-08 11:34:05.727696,METER-ML-1001,5.179,232.87,23.78,0.935,0,NORMAL
2026-06-08 12:34:05.727696,METER-ML-1001,5.465,235.36,25.79,0.901,0,NORMAL
2026-06-08 13:34:05.727696,METER-ML-1001,5.203,229.42,24.53,0.924,0,NORMAL
2026-06-08 14:34:05.727696,METER-ML-1001,4.585,231.73,21.22,0.933,0,NORMAL
2026-06-08 15:34:05.727696,METER-ML-1001,4.783,230.67,22.5,0.921,0,NORMAL
2026-06-08 16:34:05.727696,METER-ML-1001,4.613,225.27,21.22,0.965,0,NORMAL
2026-06-08 17:34:05.727696,METER-ML-1001,4.035,230.87,18.07,0.967,0,NORMAL
2026-06-08 18:34:05.727696,METER-ML-1001,4.045,224.95,19.44,0.925,0,NORMAL
2026-06-08 19:34:05.727696,METER-ML-1001,3.337,233.76,16.05,0.889,0,NORMAL
2026-06-08 20:34:05.727696,METER-ML-1001,2.088,233.38,9.88,0.906,0,NORMAL
2026-06-08 21:34:05.727696,METER-ML-1001,2.552,228.04,12.02,0.931,0,NORMAL
2026-06-08 22:34:05.727696,METER-ML-1001,2.21,222.88,10.53,0.942,0,NORMAL
2026-06-08 23:34:05.727696,METER-ML-1001,2.545,224.93,13.25,0.854,0,NORMAL
2026-06-09 00:34:05.727696,METER-ML-1001,3.071,233.46,13.79,0.954,0,NORMAL
2026-06-09 01:34:05.727696,METER-ML-1001,3.336,232.28,15.66,0.917,0,NORMAL
2026-06-09 02:34:05.727696,METER-ML-1001,2.321,235.81,10.39,0.947,0,NORMAL
2026-06-09 03:34:05.727696,METER-ML-1001,2.729,225.62,12.56,0.963,0,NORMAL
2026-06-09 04:34:05.727696,METER-ML-1001,3.014,229.9,14.13,0.928,0,NORMAL
2026-06-09 05:34:05.727696,METER-ML-1001,2.72,231.99,12.56,0.933,0,NORMAL
2026-06-09 06:34:05.727696,METER-ML-1001,3.184,231.13,14.39,0.957,0,NORMAL
2026-06-09 07:34:05.727696,METER-ML-1001,4.147,227.63,18.7,0.974,0,NORMAL
2026-06-09 08:34:05.727696,METER-ML-1001,4.015,229.95,20.02,0.872,0,NORMAL
2026-06-09 09:34:05.727696,METER-ML-1001,0.039,228.44,0.1,0.863,1,CHUTE_SUSPECTE_FRAUDE
2026-06-09 10:34:05.727696,METER-ML-1001,5.85,228.26,26.96,0.951,0,NORMAL
2026-06-09 11:34:05.727696,METER-ML-1001,4.573,226.62,21.97,0.919,0,NORMAL
2026-06-09 12:34:05.727696,METER-ML-1001,0.052,229.92,0.1,0.936,1,CHUTE_SUSPECTE_FRAUDE
2026-06-09 13:34:05.727696,METER-ML-1001,0.04,229.13,0.1,0.9,1,CHUTE_SUSPECTE_FRAUDE
2026-06-09 14:34:05.727696,METER-ML-1001,4.939,226.28,22.98,0.95,0,NORMAL
2026-06-09 15:34:05.727696,METER-ML-1001,4.872,151.56,21.88,0.508,1,ANOMALIE_TENSION_FP
2026-06-09 16:34:05.727696,METER-ML-1001,4.591,231.38,20.96,0.947,0,NORMAL
2026-06-09 17:34:05.727696,METER-ML-1001,4.204,230.4,19.24,0.949,0,NORMAL
2026-06-09 18:34:05.727696,METER-ML-1001,4.392,227.59,19.85,0.972,0,NORMAL
2026-06-09 19:34:05.727696,METER-ML-1001,3.253,226.39,15.89,0.904,0,NORMAL
2026-06-09 20:34:05.727696,METER-ML-1001,2.802,237.5,12.14,0.972,0,NORMAL
2026-06-09 21:34:05.727696,METER-ML-1001,2.676,226.05,12.63,0.937,0,NORMAL
2026-06-09 22:34:05.727696,METER-ML-1001,2.16,224.16,10.34,0.932,0,NORMAL
2026-06-09 23:34:05.727696,METER-ML-1001,2.372,223.47,11.89,0.893,0,NORMAL
2026-06-10 00:34:05.727696,METER-ML-1001,2.902,233.66,12.79,0.971,0,NORMAL
2026-06-10 01:34:05.727696,METER-ML-1001,2.628,224.28,12.98,0.903,0,NORMAL
2026-06-10 02:34:05.727696,METER-ML-1001,3.402,234.83,16.08,0.901,0,NORMAL
2026-06-10 03:34:05.727696,METER-ML-1001,2.97,231.13,14.1,0.911,0,NORMAL
2026-06-10 04:34:05.727696,METER-ML-1001,3.029,228.7,14.04,0.943,0,NORMAL
2026-06-10 05:34:05.727696,METER-ML-1001,1.672,225.96,7.96,0.93,0,NORMAL
2026-06-10 06:34:05.727696,METER-ML-1001,3.044,234.06,14.35,0.906,0,NORMAL
2026-06-10 07:34:05.727696,METER-ML-1001,4.089,224.55,19.97,0.912,0,NORMAL
2026-06-10 08:34:05.727696,METER-ML-1001,4.343,225.51,20.27,0.95,0,NORMAL
2026-06-10 09:34:05.727696,METER-ML-1001,4.425,232.27,21.69,0.878,0,NORMAL
2026-06-10 10:34:05.727696,METER-ML-1001,4.721,228.78,22.67,0.91,0,NORMAL
2026-06-10 11:34:05.727696,METER-ML-1001,5.841,231.27,26.34,0.959,0,NORMAL
2026-06-10 12:34:05.727696,METER-ML-1001,4.958,229.31,23.56,0.918,0,NORMAL
2026-06-10 13:34:05.727696,METER-ML-1001,4.996,229.54,24.48,0.889,0,NORMAL
2026-06-10 14:34:05.727696,METER-ML-1001,4.892,223.01,23.15,0.947,0,NORMAL
2026-06-10 15:34:05.727696,METER-ML-1001,4.761,222.65,21.6,0.99,0,NORMAL
2026-06-10 16:34:05.727696,METER-ML-1001,4.755,226.36,22.39,0.938,0,NORMAL
2026-06-10 17:34:05.727696,METER-ML-1001,3.529,230.97,16.97,0.9,0,NORMAL
2026-06-10 18:34:05.727696,METER-ML-1001,3.486,230.76,15.97,0.946,0,NORMAL
2026-06-10 19:34:05.727696,METER-ML-1001,3.372,229.89,14.96,0.98,0,NORMAL
2026-06-10 20:34:05.727696,METER-ML-1001,2.892,233.68,12.99,0.953,0,NORMAL
2026-06-10 21:34:05.727696,METER-ML-1001,2.976,226.19,13.58,0.969,0,NORMAL
2026-06-10 22:34:05.727696,METER-ML-1001,2.384,227.36,11.42,0.918,0,NORMAL
2026-06-10 23:34:05.727696,METER-ML-1001,2.244,231.19,10.08,0.963,0,NORMAL
2026-06-11 00:34:05.727696,METER-ML-1001,2.714,233.37,12.17,0.956,0,NORMAL
2026-06-11 01:34:05.727696,METER-ML-1001,2.321,232.53,10.63,0.939,0,NORMAL
2026-06-11 02:34:05.727696,METER-ML-1001,2.752,230.44,13.05,0.915,0,NORMAL
2026-06-11 03:34:05.727696,METER-ML-1001,2.818,225.53,14.35,0.871,0,NORMAL
2026-06-11 04:34:05.727696,METER-ML-1001,2.415,222.46,12.05,0.901,0,NORMAL
2026-06-11 05:34:05.727696,METER-ML-1001,2.283,230.59,11.01,0.899,0,NORMAL
2026-06-11 06:34:05.727696,METER-ML-1001,3.287,237.88,14.55,0.949,0,NORMAL
2026-06-11 07:34:05.727696,METER-ML-1001,3.82,228.41,18.19,0.919,0,NORMAL
2026-06-11 08:34:05.727696,METER-ML-1001,3.756,224.24,17.62,0.951,0,NORMAL
2026-06-11 09:34:05.727696,METER-ML-1001,5.598,232.38,25.7,0.937,0,NORMAL
2026-06-11 10:34:05.727696,METER-ML-1001,5.164,230.98,24.22,0.923,0,NORMAL
2026-06-11 11:34:05.727696,METER-ML-1001,4.986,229.34,23.21,0.937,0,NORMAL
2026-06-11 12:34:05.727696,METER-ML-1001,4.385,229.66,21.44,0.89,0,NORMAL
2026-06-11 13:34:05.727696,METER-ML-1001,4.569,223.31,21.96,0.932,0,NORMAL
2026-06-11 14:34:05.727696,METER-ML-1001,4.465,233.29,21.49,0.891,0,NORMAL
2026-06-11 15:34:05.727696,METER-ML-1001,4.533,226.61,21.36,0.937,0,NORMAL
2026-06-11 16:34:05.727696,METER-ML-1001,4.071,231.12,20.2,0.872,0,NORMAL
2026-06-11 17:34:05.727696,METER-ML-1001,4.126,234.89,19.14,0.918,0,NORMAL
2026-06-11 18:34:05.727696,METER-ML-1001,3.612,228.5,17.11,0.924,0,NORMAL
2026-06-11 19:34:05.727696,METER-ML-1001,3.391,229.01,15.89,0.932,0,NORMAL
2026-06-11 20:34:05.727696,METER-ML-1001,2.251,236.12,10.8,0.883,0,NORMAL
2026-06-11 21:34:05.727696,METER-ML-1001,2.224,232.81,10.58,0.903,0,NORMAL
2026-06-11 22:34:05.727696,METER-ML-1001,1.993,230.98,9.64,0.895,0,NORMAL
2026-06-11 23:34:05.727696,METER-ML-1001,2.971,231.84,14.27,0.898,0,NORMAL
2026-06-12 00:34:05.727696,METER-ML-1001,2.738,229.55,12.95,0.921,0,NORMAL
2026-06-12 01:34:05.727696,METER-ML-1001,2.753,224.62,13.21,0.928,0,NORMAL
2026-06-12 02:34:05.727696,METER-ML-1001,2.776,239.03,12.97,0.896,0,NORMAL
2026-06-12 03:34:05.727696,METER-ML-1001,3.467,233.42,15.59,0.953,0,NORMAL
2026-06-12 04:34:05.727696,METER-ML-1001,3.039,235.7,14.19,0.909,0,NORMAL
2026-06-12 05:34:05.727696,METER-ML-1001,2.73,226.15,13.43,0.899,0,NORMAL
2026-06-12 06:34:05.727696,METER-ML-1001,3.575,227.31,16.97,0.927,0,NORMAL
2026-06-12 07:34:05.727696,METER-ML-1001,3.328,231.62,14.61,0.984,0,NORMAL
2026-06-12 08:34:05.727696,METER-ML-1001,4.803,225.77,21.93,0.97,0,NORMAL
2026-06-12 09:34:05.727696,METER-ML-1001,4.79,230.34,23.12,0.9,0,NORMAL
2026-06-12 10:34:05.727696,METER-ML-1001,5.076,226.78,24.2,0.925,0,NORMAL
2026-06-12 11:34:05.727696,METER-ML-1001,4.445,235.54,20.72,0.911,0,NORMAL
2026-06-12 12:34:05.727696,METER-ML-1001,5.498,232.13,26.7,0.887,0,NORMAL
2026-06-12 13:34:05.727696,METER-ML-1001,4.884,230.26,22.48,0.943,0,NORMAL
2026-06-12 14:34:05.727696,METER-ML-1001,5.789,231.38,27.02,0.926,0,NORMAL
2026-06-12 15:34:05.727696,METER-ML-1001,4.499,231.76,20.71,0.937,0,NORMAL
2026-06-12 16:34:05.727696,METER-ML-1001,3.997,225.34,20.51,0.865,0,NORMAL
2026-06-12 17:34:05.727696,METER-ML-1001,4.153,237.55,19.73,0.886,0,NORMAL
2026-06-12 18:34:05.727696,METER-ML-1001,3.559,232.93,16.57,0.922,0,NORMAL
2026-06-12 19:34:05.727696,METER-ML-1001,3.134,231.99,14.4,0.938,0,NORMAL
2026-06-12 20:34:05.727696,METER-ML-1001,2.742,227.35,12.88,0.936,0,NORMAL
2026-06-12 21:34:05.727696,METER-ML-1001,2.142,230.18,10.06,0.925,0,NORMAL
2026-06-12 22:34:05.727696,METER-ML-1001,2.253,232.86,10.06,0.962,0,NORMAL
2026-06-12 23:34:05.727696,METER-ML-1001,2.336,221.16,11.46,0.922,0,NORMAL
2026-06-13 00:34:05.727696,METER-ML-1001,3.082,229.35,14.58,0.922,0,NORMAL
2026-06-13 01:34:05.727696,METER-ML-1001,3.628,223.69,18.01,0.901,0,NORMAL
2026-06-13 02:34:05.727696,METER-ML-1001,2.923,229.5,14.41,0.884,0,NORMAL
2026-06-13 03:34:05.727696,METER-ML-1001,3.662,226.62,17.33,0.933,0,NORMAL
2026-06-13 04:34:05.727696,METER-ML-1001,3.272,235.22,15.05,0.924,0,NORMAL
2026-06-13 05:34:05.727696,METER-ML-1001,3.212,228.03,15.52,0.908,0,NORMAL
2026-06-13 06:34:05.727696,METER-ML-1001,3.98,228.94,19.14,0.908,0,NORMAL
2026-06-13 07:34:05.727696,METER-ML-1001,4.822,224.63,22.66,0.947,0,NORMAL
2026-06-13 08:34:05.727696,METER-ML-1001,3.948,233.27,19.26,0.879,0,NORMAL
2026-06-13 09:34:05.727696,METER-ML-1001,5.439,234.23,25.5,0.911,0,NORMAL
2026-06-13 10:34:05.727696,METER-ML-1001,5.556,220.93,27.83,0.904,0,NORMAL
2026-06-13 11:34:05.727696,METER-ML-1001,6.201,226.52,29.79,0.919,0,NORMAL
2026-06-13 12:34:05.727696,METER-ML-1001,6.649,229.45,31.52,0.919,0,NORMAL
2026-06-13 13:34:05.727696,METER-ML-1001,5.565,234.09,26.59,0.894,0,NORMAL
2026-06-13 14:34:05.727696,METER-ML-1001,5.175,224.35,23.92,0.964,0,NORMAL
2026-06-13 15:34:05.727696,METER-ML-1001,5.446,234.0,26.26,0.886,0,NORMAL
2026-06-13 16:34:05.727696,METER-ML-1001,5.5,228.29,24.46,0.985,0,NORMAL
2026-06-13 17:34:05.727696,METER-ML-1001,4.449,230.97,20.41,0.944,0,NORMAL
2026-06-13 18:34:05.727696,METER-ML-1001,4.29,227.36,20.2,0.934,0,NORMAL
2026-06-13 19:34:05.727696,METER-ML-1001,3.483,229.2,16.47,0.923,0,NORMAL
2026-06-13 20:34:05.727696,METER-ML-1001,3.199,230.65,15.77,0.88,0,NORMAL
2026-06-13 21:34:05.727696,METER-ML-1001,2.535,232.38,11.43,0.955,0,NORMAL
2026-06-13 22:34:05.727696,METER-ML-1001,3.284,232.52,14.87,0.95,0,NORMAL
2026-06-13 23:34:05.727696,METER-ML-1001,2.172,225.62,10.64,0.905,0,NORMAL
2026-06-14 00:34:05.727696,METER-ML-1001,4.012,173.96,18.52,0.459,1,ANOMALIE_TENSION_FP
2026-06-14 01:34:05.727696,METER-ML-1001,4.413,230.2,20.66,0.928,0,NORMAL
2026-06-14 02:34:05.727696,METER-ML-1001,3.732,232.08,17.98,0.894,0,NORMAL
2026-06-14 03:34:05.727696,METER-ML-1001,3.547,226.34,18.2,0.861,0,NORMAL
2026-06-14 04:34:05.727696,METER-ML-1001,3.652,230.52,17.5,0.905,0,NORMAL
2026-06-14 05:34:05.727696,METER-ML-1001,3.215,231.08,14.73,0.944,0,NORMAL
2026-06-14 06:34:05.727696,METER-ML-1001,4.42,230.93,20.25,0.945,0,NORMAL
2026-06-14 07:34:05.727696,METER-ML-1001,4.349,231.72,19.93,0.942,0,NORMAL
2026-06-14 08:34:05.727696,METER-ML-1001,4.676,231.76,21.7,0.93,0,NORMAL
2026-06-14 09:34:05.727696,METER-ML-1001,5.562,231.4,26.69,0.9,0,NORMAL
2026-06-14 10:34:05.727696,METER-ML-1001,5.848,224.78,27.83,0.935,0,NORMAL
2026-06-14 11:34:05.727696,METER-ML-1001,6.36,230.84,27.83,0.99,0,NORMAL
2026-06-14 12:34:05.727696,METER-ML-1001,6.944,232.18,32.16,0.93,0,NORMAL
2026-06-14 13:34:05.727696,METER-ML-1001,0.073,229.52,0.1,0.883,1,CHUTE_SUSPECTE_FRAUDE
2026-06-14 14:34:05.727696,METER-ML-1001,6.451,228.52,30.43,0.928,0,NORMAL
2026-06-14 15:34:05.727696,METER-ML-1001,4.875,225.81,23.13,0.933,0,NORMAL
2026-06-14 16:34:05.727696,METER-ML-1001,5.308,235.09,25.76,0.877,0,NORMAL
2026-06-14 17:34:05.727696,METER-ML-1001,4.209,232.53,19.92,0.909,0,NORMAL
2026-06-14 18:34:05.727696,METER-ML-1001,3.882,222.67,18.59,0.938,0,NORMAL
2026-06-14 19:34:05.727696,METER-ML-1001,3.971,225.04,20.35,0.867,0,NORMAL
2026-06-14 20:34:05.727696,METER-ML-1001,3.934,227.99,18.65,0.925,0,NORMAL
2026-06-14 21:34:05.727696,METER-ML-1001,2.6,228.03,12.32,0.926,0,NORMAL
2026-06-14 22:34:05.727696,METER-ML-1001,3.609,236.6,15.74,0.969,0,NORMAL
2026-06-14 23:34:05.727696,METER-ML-1001,2.995,232.72,14.24,0.903,0,NORMAL
2026-06-15 00:34:05.727696,METER-ML-1001,3.258,227.73,15.09,0.948,0,NORMAL
2026-06-15 01:34:05.727696,METER-ML-1001,3.085,226.0,14.93,0.914,0,NORMAL
2026-06-15 02:34:05.727696,METER-ML-1001,2.475,229.53,11.54,0.934,0,NORMAL
2026-06-15 03:34:05.727696,METER-ML-1001,2.266,226.42,10.26,0.976,0,NORMAL
2026-06-15 04:34:05.727696,METER-ML-1001,2.672,230.92,12.12,0.954,0,NORMAL
2026-06-15 05:34:05.727696,METER-ML-1001,2.69,236.6,11.77,0.966,0,NORMAL
2026-06-15 06:34:05.727696,METER-ML-1001,2.997,225.89,14.68,0.904,0,NORMAL
2026-06-15 07:34:05.727696,METER-ML-1001,4.259,231.13,20.12,0.916,0,NORMAL
2026-06-15 08:34:05.727696,METER-ML-1001,4.725,229.32,22.67,0.909,0,NORMAL
2026-06-15 09:34:05.727696,METER-ML-1001,4.783,225.91,25.39,0.834,0,NORMAL
2026-06-15 10:34:05.727696,METER-ML-1001,4.943,228.68,25.92,0.834,0,NORMAL
2026-06-15 11:34:05.727696,METER-ML-1001,4.946,227.89,23.24,0.934,0,NORMAL
2026-06-15 12:34:05.727696,METER-ML-1001,5.22,227.99,24.6,0.931,0,NORMAL
2026-06-15 13:34:05.727696,METER-ML-1001,5.059,229.65,24.11,0.914,0,NORMAL
2026-06-15 14:34:05.727696,METER-ML-1001,5.003,229.23,24.39,0.895,0,NORMAL
2026-06-15 15:34:05.727696,METER-ML-1001,4.253,235.22,19.83,0.912,0,NORMAL
2026-06-15 16:34:05.727696,METER-ML-1001,4.101,229.95,19.32,0.923,0,NORMAL
2026-06-15 17:34:05.727696,METER-ML-1001,20.666,232.58,97.48,0.912,1,SURCHARGE_ANORMALE
2026-06-15 18:34:05.727696,METER-ML-1001,3.843,230.34,18.2,0.917,0,NORMAL
2026-06-15 19:34:05.727696,METER-ML-1001,2.932,232.78,14.27,0.882,0,NORMAL
2026-06-15 20:34:05.727696,METER-ML-1001,2.279,238.45,10.36,0.922,0,NORMAL
2026-06-15 21:34:05.727696,METER-ML-1001,2.64,227.43,12.96,0.896,0,NORMAL
2026-06-15 22:34:05.727696,METER-ML-1001,2.67,239.32,12.24,0.911,0,NORMAL
2026-06-15 23:34:05.727696,METER-ML-1001,2.174,227.1,10.38,0.923,0,NORMAL
2026-06-16 00:34:05.727696,METER-ML-1001,2.305,229.8,11.07,0.907,0,NORMAL
2026-06-16 01:34:05.727696,METER-ML-1001,3.616,232.17,15.86,0.982,0,NORMAL
2026-06-16 02:34:05.727696,METER-ML-1001,3.371,230.2,16.26,0.901,0,NORMAL
2026-06-16 03:34:05.727696,METER-ML-1001,2.788,227.74,13.66,0.896,0,NORMAL
2026-06-16 04:34:05.727696,METER-ML-1001,3.277,227.31,16.44,0.877,0,NORMAL
2026-06-16 05:34:05.727696,METER-ML-1001,2.85,228.98,14.25,0.873,0,NORMAL
2026-06-16 06:34:05.727696,METER-ML-1001,3.537,227.42,16.86,0.923,0,NORMAL
2026-06-16 07:34:05.727696,METER-ML-1001,4.303,231.05,20.75,0.897,0,NORMAL
2026-06-16 08:34:05.727696,METER-ML-1001,4.836,228.01,24.52,0.865,0,NORMAL
2026-06-16 09:34:05.727696,METER-ML-1001,4.703,236.56,20.87,0.952,0,NORMAL
2026-06-16 10:34:05.727696,METER-ML-1001,5.167,229.33,25.5,0.883,0,NORMAL
2026-06-16 11:34:05.727696,METER-ML-1001,5.058,227.75,23.35,0.951,0,NORMAL
2026-06-16 12:34:05.727696,METER-ML-1001,4.956,231.69,23.67,0.904,0,NORMAL
2026-06-16 13:34:05.727696,METER-ML-1001,4.804,226.66,22.73,0.933,0,NORMAL
2026-06-16 14:34:05.727696,METER-ML-1001,4.567,230.71,21.38,0.926,0,NORMAL
2026-06-16 15:34:05.727696,METER-ML-1001,4.719,229.72,22.0,0.934,0,NORMAL
2026-06-16 16:34:05.727696,METER-ML-1001,22.991,235.01,110.62,0.884,1,SURCHARGE_ANORMALE
2026-06-16 17:34:05.727696,METER-ML-1001,3.848,232.03,17.84,0.93,0,NORMAL
2026-06-16 18:34:05.727696,METER-ML-1001,3.24,232.09,15.04,0.928,0,NORMAL
2026-06-16 19:34:05.727696,METER-ML-1001,3.295,226.48,15.25,0.954,0,NORMAL
2026-06-16 20:34:05.727696,METER-ML-1001,2.746,234.57,12.76,0.917,0,NORMAL
2026-06-16 21:34:05.727696,METER-ML-1001,1.605,226.5,7.83,0.905,0,NORMAL
2026-06-16 22:34:05.727696,METER-ML-1001,2.037,228.56,9.9,0.9,0,NORMAL
2026-06-16 23:34:05.727696,METER-ML-1001,1.301,234.26,5.75,0.966,0,NORMAL
2026-06-17 00:34:05.727696,METER-ML-1001,2.771,234.29,12.84,0.921,0,NORMAL
2026-06-17 01:34:05.727696,METER-ML-1001,2.866,225.87,13.28,0.956,0,NORMAL
2026-06-17 02:34:05.727696,METER-ML-1001,2.651,231.83,12.64,0.905,0,NORMAL
2026-06-17 03:34:05.727696,METER-ML-1001,3.123,230.44,13.85,0.978,0,NORMAL
2026-06-17 04:34:05.727696,METER-ML-1001,3.223,225.39,15.19,0.942,0,NORMAL
2026-06-17 05:34:05.727696,METER-ML-1001,3.079,231.43,14.57,0.913,0,NORMAL
2026-06-17 06:34:05.727696,METER-ML-1001,3.175,230.53,15.85,0.869,0,NORMAL
2026-06-17 07:34:05.727696,METER-ML-1001,3.039,222.4,14.45,0.945,0,NORMAL
2026-06-17 08:34:05.727696,METER-ML-1001,4.237,226.7,20.46,0.913,0,NORMAL
2026-06-17 09:34:05.727696,METER-ML-1001,4.791,231.8,22.66,0.912,0,NORMAL
2026-06-17 10:34:05.727696,METER-ML-1001,5.216,228.16,24.33,0.94,0,NORMAL
2026-06-17 11:34:05.727696,METER-ML-1001,4.856,231.29,21.53,0.975,0,NORMAL
2026-06-17 12:34:05.727696,METER-ML-1001,4.308,228.96,21.58,0.872,0,NORMAL
2026-06-17 13:34:05.727696,METER-ML-1001,5.322,233.33,23.48,0.971,0,NORMAL
2026-06-17 14:34:05.727696,METER-ML-1001,5.155,227.73,24.54,0.922,0,NORMAL
2026-06-17 15:34:05.727696,METER-ML-1001,4.436,230.25,20.18,0.955,0,NORMAL
2026-06-17 16:34:05.727696,METER-ML-1001,4.451,234.07,20.49,0.928,0,NORMAL
2026-06-17 17:34:05.727696,METER-ML-1001,4.207,230.66,19.2,0.95,0,NORMAL
2026-06-17 18:34:05.727696,METER-ML-1001,2.838,227.59,12.93,0.964,0,NORMAL
2026-06-17 19:34:05.727696,METER-ML-1001,3.033,229.52,13.93,0.949,0,NORMAL
2026-06-17 20:34:05.727696,METER-ML-1001,3.301,236.12,15.71,0.89,0,NORMAL
2026-06-17 21:34:05.727696,METER-ML-1001,2.814,229.14,13.73,0.895,0,NORMAL
2026-06-17 22:34:05.727696,METER-ML-1001,2.432,230.5,10.94,0.964,0,NORMAL
2026-06-17 23:34:05.727696,METER-ML-1001,2.357,227.82,11.18,0.926,0,NORMAL
2026-06-18 00:34:05.727696,METER-ML-1001,2.636,222.27,12.98,0.913,0,NORMAL
2026-06-18 01:34:05.727696,METER-ML-1001,1.985,224.73,9.37,0.943,0,NORMAL
2026-06-18 02:34:05.727696,METER-ML-1001,2.73,230.02,12.46,0.953,0,NORMAL
2026-06-18 03:34:05.727696,METER-ML-1001,2.581,223.44,12.51,0.923,0,NORMAL
2026-06-18 04:34:05.727696,METER-ML-1001,2.5,229.32,12.2,0.893,0,NORMAL
2026-06-18 05:34:05.727696,METER-ML-1001,2.919,233.77,13.56,0.921,0,NORMAL
2026-06-18 06:34:05.727696,METER-ML-1001,3.402,227.71,17.0,0.879,0,NORMAL
2026-06-18 07:34:05.727696,METER-ML-1001,3.207,230.93,14.85,0.935,0,NORMAL
2026-06-18 08:34:05.727696,METER-ML-1001,4.68,228.1,22.2,0.924,0,NORMAL
2026-06-18 09:34:05.727696,METER-ML-1001,4.377,229.06,21.39,0.893,0,NORMAL
2026-06-18 10:34:05.727696,METER-ML-1001,4.506,228.93,20.38,0.966,0,NORMAL
2026-06-18 11:34:05.727696,METER-ML-1001,4.814,229.21,23.32,0.9,0,NORMAL
2026-06-18 12:34:05.727696,METER-ML-1001,32.111,234.05,143.62,0.955,1,SURCHARGE_ANORMALE
2026-06-18 13:34:05.727696,METER-ML-1001,4.317,233.34,19.92,0.929,0,NORMAL
2026-06-18 14:34:05.727696,METER-ML-1001,4.884,227.39,24.71,0.869,0,NORMAL
2026-06-18 15:34:05.727696,METER-ML-1001,4.364,228.08,20.74,0.923,0,NORMAL
2026-06-18 16:34:05.727696,METER-ML-1001,3.528,232.56,16.04,0.946,0,NORMAL
2026-06-18 17:34:05.727696,METER-ML-1001,4.465,227.74,20.14,0.973,0,NORMAL
2026-06-18 18:34:05.727696,METER-ML-1001,3.184,226.17,15.44,0.912,0,NORMAL
2026-06-18 19:34:05.727696,METER-ML-1001,3.747,231.01,17.48,0.928,0,NORMAL
2026-06-18 20:34:05.727696,METER-ML-1001,2.084,227.57,10.59,0.865,0,NORMAL
2026-06-18 21:34:05.727696,METER-ML-1001,2.97,233.61,13.33,0.954,0,NORMAL
2026-06-18 22:34:05.727696,METER-ML-1001,11.007,225.75,54.72,0.891,1,SURCHARGE_ANORMALE
2026-06-18 23:34:05.727696,METER-ML-1001,1.941,228.03,9.31,0.914,0,NORMAL
2026-06-19 00:34:05.727696,METER-ML-1001,3.256,225.86,16.55,0.871,0,NORMAL
2026-06-19 01:34:05.727696,METER-ML-1001,3.321,229.91,15.56,0.928,0,NORMAL
2026-06-19 02:34:05.727696,METER-ML-1001,2.793,225.99,13.43,0.92,0,NORMAL
2026-06-19 03:34:05.727696,METER-ML-1001,0.016,228.47,0.1,0.917,1,CHUTE_SUSPECTE_FRAUDE
2026-06-19 04:34:05.727696,METER-ML-1001,2.09,228.76,9.96,0.917,0,NORMAL
2026-06-19 05:34:05.727696,METER-ML-1001,2.903,234.11,13.32,0.931,0,NORMAL
2026-06-19 06:34:05.727696,METER-ML-1001,2.946,224.8,14.0,0.936,0,NORMAL
2026-06-19 07:34:05.727696,METER-ML-1001,3.134,236.06,13.45,0.987,0,NORMAL
2026-06-19 08:34:05.727696,METER-ML-1001,4.224,234.3,20.3,0.888,0,NORMAL
2026-06-19 09:34:05.727696,METER-ML-1001,4.273,229.41,20.56,0.906,0,NORMAL
2026-06-19 10:34:05.727696,METER-ML-1001,4.885,231.73,22.22,0.949,0,NORMAL
2026-06-19 11:34:05.727696,METER-ML-1001,4.281,237.26,20.22,0.892,0,NORMAL
2026-06-19 12:34:05.727696,METER-ML-1001,5.179,233.15,22.69,0.979,0,NORMAL
2026-06-19 13:34:05.727696,METER-ML-1001,5.462,228.37,26.09,0.917,0,NORMAL
2026-06-19 14:34:05.727696,METER-ML-1001,4.251,230.84,19.84,0.928,0,NORMAL
2026-06-19 15:34:05.727696,METER-ML-1001,5.33,231.08,25.4,0.908,0,NORMAL
2026-06-19 16:34:05.727696,METER-ML-1001,4.046,233.06,18.95,0.916,0,NORMAL
2026-06-19 17:34:05.727696,METER-ML-1001,3.481,233.94,16.2,0.918,0,NORMAL
2026-06-19 18:34:05.727696,METER-ML-1001,2.983,227.05,13.99,0.939,0,NORMAL
2026-06-19 19:34:05.727696,METER-ML-1001,2.883,222.53,13.09,0.99,0,NORMAL
2026-06-19 20:34:05.727696,METER-ML-1001,3.289,228.82,15.42,0.932,0,NORMAL
2026-06-19 21:34:05.727696,METER-ML-1001,3.098,229.31,14.76,0.915,0,NORMAL
2026-06-19 22:34:05.727696,METER-ML-1001,2.729,229.28,12.99,0.916,0,NORMAL
2026-06-19 23:34:05.727696,METER-ML-1001,13.123,232.3,61.02,0.926,1,SURCHARGE_ANORMALE
2026-06-20 00:34:05.727696,METER-ML-1001,3.831,233.85,18.05,0.908,0,NORMAL
2026-06-20 01:34:05.727696,METER-ML-1001,3.016,227.81,13.99,0.946,0,NORMAL
2026-06-20 02:34:05.727696,METER-ML-1001,3.117,233.0,14.3,0.935,0,NORMAL
2026-06-20 03:34:05.727696,METER-ML-1001,3.718,232.8,16.94,0.943,0,NORMAL
2026-06-20 04:34:05.727696,METER-ML-1001,3.655,231.57,17.59,0.897,0,NORMAL
2026-06-20 05:34:05.727696,METER-ML-1001,3.476,229.43,16.88,0.898,0,NORMAL
2026-06-20 06:34:05.727696,METER-ML-1001,4.182,228.08,19.86,0.923,0,NORMAL
2026-06-20 07:34:05.727696,METER-ML-1001,4.675,223.37,22.59,0.926,0,NORMAL
2026-06-20 08:34:05.727696,METER-ML-1001,5.873,230.01,27.92,0.915,0,NORMAL
2026-06-20 09:34:05.727696,METER-ML-1001,5.587,224.37,27.75,0.897,0,NORMAL
2026-06-20 10:34:05.727696,METER-ML-1001,6.252,227.8,29.98,0.915,0,NORMAL
2026-06-20 11:34:05.727696,METER-ML-1001,6.349,229.07,32.23,0.86,0,NORMAL
2026-06-20 12:34:05.727696,METER-ML-1001,6.112,230.08,30.52,0.87,0,NORMAL
2026-06-20 13:34:05.727696,METER-ML-1001,6.59,219.43,32.45,0.926,0,NORMAL
2026-06-20 14:34:05.727696,METER-ML-1001,5.522,230.66,26.99,0.887,0,NORMAL
2026-06-20 15:34:05.727696,METER-ML-1001,5.922,231.67,27.34,0.935,0,NORMAL
2026-06-20 16:34:05.727696,METER-ML-1001,4.619,230.23,22.35,0.898,0,NORMAL
2026-06-20 17:34:05.727696,METER-ML-1001,5.167,227.57,25.01,0.908,0,NORMAL
2026-06-20 18:34:05.727696,METER-ML-1001,3.974,230.05,18.21,0.949,0,NORMAL
2026-06-20 19:34:05.727696,METER-ML-1001,3.313,232.89,15.91,0.894,0,NORMAL
2026-06-20 20:34:05.727696,METER-ML-1001,3.243,227.28,15.15,0.942,0,NORMAL
2026-06-20 21:34:05.727696,METER-ML-1001,2.767,230.92,12.94,0.926,0,NORMAL
2026-06-20 22:34:05.727696,METER-ML-1001,2.607,232.65,12.21,0.918,0,NORMAL
2026-06-20 23:34:05.727696,METER-ML-1001,0.071,234.98,0.1,0.948,1,CHUTE_SUSPECTE_FRAUDE
2026-06-21 00:34:05.727696,METER-ML-1001,3.466,230.24,16.95,0.888,0,NORMAL
2026-06-21 01:34:05.727696,METER-ML-1001,0.096,232.16,0.1,0.956,1,CHUTE_SUSPECTE_FRAUDE
2026-06-21 02:34:05.727696,METER-ML-1001,2.015,230.06,9.99,0.877,0,NORMAL
2026-06-21 03:34:05.727696,METER-ML-1001,3.274,228.22,15.67,0.916,0,NORMAL
2026-06-21 04:34:05.727696,METER-ML-1001,3.967,228.88,19.09,0.908,0,NORMAL
2026-06-21 05:34:05.727696,METER-ML-1001,3.606,233.64,16.82,0.918,0,NORMAL
2026-06-21 06:34:05.727696,METER-ML-1001,4.74,235.61,22.41,0.898,0,NORMAL
2026-06-21 07:34:05.727696,METER-ML-1001,4.539,226.96,20.97,0.954,0,NORMAL
2026-06-21 08:34:05.727696,METER-ML-1001,5.917,227.34,28.12,0.926,0,NORMAL
2026-06-21 09:34:05.727696,METER-ML-1001,5.476,228.1,26.23,0.915,0,NORMAL
2026-06-21 10:34:05.727696,METER-ML-1001,0.041,230.42,0.1,0.874,1,CHUTE_SUSPECTE_FRAUDE
2026-06-21 11:34:05.727696,METER-ML-1001,5.469,221.03,27.06,0.914,0,NORMAL
2026-06-21 12:34:05.727696,METER-ML-1001,6.037,230.05,28.03,0.936,0,NORMAL
2026-06-21 13:34:05.727696,METER-ML-1001,5.993,225.87,27.83,0.953,0,NORMAL
2026-06-21 14:34:05.727696,METER-ML-1001,5.891,235.42,27.41,0.913,0,NORMAL
2026-06-21 15:34:05.727696,METER-ML-1001,5.639,230.36,25.33,0.966,0,NORMAL
2026-06-21 16:34:05.727696,METER-ML-1001,5.649,225.27,26.67,0.94,0,NORMAL
2026-06-21 17:34:05.727696,METER-ML-1001,5.065,224.4,25.22,0.895,0,NORMAL
2026-06-21 18:34:05.727696,METER-ML-1001,3.917,227.21,17.77,0.97,0,NORMAL
2026-06-21 19:34:05.727696,METER-ML-1001,3.757,230.07,17.62,0.927,0,NORMAL
2026-06-21 20:34:05.727696,METER-ML-1001,3.275,227.72,15.98,0.9,0,NORMAL
2026-06-21 21:34:05.727696,METER-ML-1001,2.714,234.49,12.36,0.937,0,NORMAL
2026-06-21 22:34:05.727696,METER-ML-1001,2.872,228.71,14.25,0.881,0,NORMAL
2026-06-21 23:34:05.727696,METER-ML-1001,3.293,227.16,16.43,0.882,0,NORMAL
2026-06-22 00:34:05.727696,METER-ML-1001,2.707,223.58,13.02,0.93,0,NORMAL
2026-06-22 01:34:05.727696,METER-ML-1001,3.06,227.08,13.71,0.983,0,NORMAL
2026-06-22 02:34:05.727696,METER-ML-1001,2.827,232.05,13.24,0.92,0,NORMAL
2026-06-22 03:34:05.727696,METER-ML-1001,2.161,229.33,10.36,0.909,0,NORMAL
2026-06-22 04:34:05.727696,METER-ML-1001,3.687,223.37,18.28,0.903,0,NORMAL
2026-06-22 05:34:05.727696,METER-ML-1001,2.779,179.44,13.54,0.559,1,ANOMALIE_TENSION_FP
2026-06-22 06:34:05.727696,METER-ML-1001,3.39,232.06,16.75,0.872,0,NORMAL
2026-06-22 07:34:05.727696,METER-ML-1001,4.135,227.49,19.66,0.925,0,NORMAL
2026-06-22 08:34:05.727696,METER-ML-1001,4.482,230.07,21.63,0.901,0,NORMAL
2026-06-22 09:34:05.727696,METER-ML-1001,4.818,226.63,22.5,0.945,0,NORMAL
2026-06-22 10:34:05.727696,METER-ML-1001,4.478,231.65,20.04,0.965,0,NORMAL
2026-06-22 11:34:05.727696,METER-ML-1001,5.153,232.16,24.29,0.914,0,NORMAL
2026-06-22 12:34:05.727696,METER-ML-1001,4.562,232.12,20.76,0.946,0,NORMAL
2026-06-22 13:34:05.727696,METER-ML-1001,24.903,229.46,121.42,0.894,1,SURCHARGE_ANORMALE
2026-06-22 14:34:05.727696,METER-ML-1001,4.718,227.73,21.98,0.942,0,NORMAL
2026-06-22 15:34:05.727696,METER-ML-1001,4.55,225.3,23.16,0.872,0,NORMAL
2026-06-22 16:34:05.727696,METER-ML-1001,3.565,233.53,16.97,0.899,0,NORMAL
2026-06-22 17:34:05.727696,METER-ML-1001,4.266,234.83,20.58,0.883,0,NORMAL
2026-06-22 18:34:05.727696,METER-ML-1001,3.568,226.66,17.34,0.908,0,NORMAL
2026-06-22 19:34:05.727696,METER-ML-1001,3.448,224.61,15.67,0.98,0,NORMAL
2026-06-22 20:34:05.727696,METER-ML-1001,3.459,230.37,16.81,0.893,0,NORMAL
2026-06-22 21:34:05.727696,METER-ML-1001,1.969,234.94,9.23,0.908,0,NORMAL
2026-06-22 22:34:05.727696,METER-ML-1001,1.682,229.96,8.29,0.882,0,NORMAL
2026-06-22 23:34:05.727696,METER-ML-1001,2.258,228.72,10.58,0.933,0,NORMAL
2026-06-23 00:34:05.727696,METER-ML-1001,1.77,230.7,8.22,0.933,0,NORMAL
2026-06-23 01:34:05.727696,METER-ML-1001,2.974,233.63,13.51,0.942,0,NORMAL
2026-06-23 02:34:05.727696,METER-ML-1001,2.1,231.12,10.04,0.905,0,NORMAL
2026-06-23 03:34:05.727696,METER-ML-1001,2.779,232.42,14.18,0.843,0,NORMAL
2026-06-23 04:34:05.727696,METER-ML-1001,2.377,226.2,11.17,0.94,0,NORMAL
2026-06-23 05:34:05.727696,METER-ML-1001,2.352,229.12,10.76,0.954,0,NORMAL
2026-06-23 06:34:05.727696,METER-ML-1001,4.039,226.57,19.68,0.906,0,NORMAL
2026-06-23 07:34:05.727696,METER-ML-1001,4.135,235.11,20.25,0.868,0,NORMAL
2026-06-23 08:34:05.727696,METER-ML-1001,4.346,227.17,21.37,0.895,0,NORMAL
2026-06-23 09:34:05.727696,METER-ML-1001,0.06,231.99,0.1,0.923,1,CHUTE_SUSPECTE_FRAUDE
2026-06-23 10:34:05.727696,METER-ML-1001,5.282,226.51,25.67,0.908,0,NORMAL
2026-06-23 11:34:05.727696,METER-ML-1001,5.111,221.92,24.91,0.925,0,NORMAL
2026-06-23 12:34:05.727696,METER-ML-1001,5.276,233.11,24.86,0.91,0,NORMAL
2026-06-23 13:34:05.727696,METER-ML-1001,5.729,233.81,25.85,0.948,0,NORMAL
2026-06-23 14:34:05.727696,METER-ML-1001,5.196,227.84,25.25,0.903,0,NORMAL
2026-06-23 15:34:05.727696,METER-ML-1001,4.182,233.7,18.88,0.948,0,NORMAL
2026-06-23 16:34:05.727696,METER-ML-1001,4.31,232.34,20.91,0.887,0,NORMAL
2026-06-23 17:34:05.727696,METER-ML-1001,3.795,150.34,17.32,0.541,1,ANOMALIE_TENSION_FP
2026-06-23 18:34:05.727696,METER-ML-1001,3.538,231.59,16.2,0.943,0,NORMAL
2026-06-23 19:34:05.727696,METER-ML-1001,2.773,231.75,12.98,0.921,0,NORMAL
2026-06-23 20:34:05.727696,METER-ML-1001,3.539,230.14,16.85,0.913,0,NORMAL
2026-06-23 21:34:05.727696,METER-ML-1001,2.609,222.46,12.31,0.953,0,NORMAL
2026-06-23 22:34:05.727696,METER-ML-1001,1.816,226.46,8.61,0.931,0,NORMAL
2026-06-23 23:34:05.727696,METER-ML-1001,2.437,232.39,11.93,0.879,0,NORMAL
2026-06-24 00:34:05.727696,METER-ML-1001,2.84,227.76,14.01,0.89,0,NORMAL
2026-06-24 01:34:05.727696,METER-ML-1001,2.371,224.67,11.07,0.953,0,NORMAL
2026-06-24 02:34:05.727696,METER-ML-1001,2.538,229.47,12.3,0.899,0,NORMAL
2026-06-24 03:34:05.727696,METER-ML-1001,3.185,226.09,14.72,0.957,0,NORMAL
2026-06-24 04:34:05.727696,METER-ML-1001,3.028,229.46,13.72,0.962,0,NORMAL
2026-06-24 05:34:05.727696,METER-ML-1001,3.27,228.74,16.24,0.88,0,NORMAL
2026-06-24 06:34:05.727696,METER-ML-1001,3.444,228.15,16.68,0.905,0,NORMAL
2026-06-24 07:34:05.727696,METER-ML-1001,3.283,230.11,15.9,0.897,0,NORMAL
2026-06-24 08:34:05.727696,METER-ML-1001,4.917,227.85,23.96,0.901,0,NORMAL
2026-06-24 09:34:05.727696,METER-ML-1001,5.303,224.76,26.2,0.9,0,NORMAL
2026-06-24 10:34:05.727696,METER-ML-1001,4.162,229.55,19.12,0.948,0,NORMAL
2026-06-24 11:34:05.727696,METER-ML-1001,4.496,227.47,21.36,0.925,0,NORMAL
2026-06-24 12:34:05.727696,METER-ML-1001,5.028,230.65,23.55,0.926,0,NORMAL
2026-06-24 13:34:05.727696,METER-ML-1001,4.686,157.53,22.0,0.535,1,ANOMALIE_TENSION_FP
2026-06-24 14:34:05.727696,METER-ML-1001,5.188,235.38,24.87,0.886,0,NORMAL
2026-06-24 15:34:05.727696,METER-ML-1001,4.255,229.25,20.0,0.928,0,NORMAL
2026-06-24 16:34:05.727696,METER-ML-1001,4.731,234.09,22.13,0.913,0,NORMAL
2026-06-24 17:34:05.727696,METER-ML-1001,3.933,228.86,19.72,0.871,0,NORMAL
2026-06-24 18:34:05.727696,METER-ML-1001,4.012,228.83,18.71,0.937,0,NORMAL
2026-06-24 19:34:05.727696,METER-ML-1001,2.766,226.97,13.31,0.916,0,NORMAL
2026-06-24 20:34:05.727696,METER-ML-1001,2.759,232.89,13.06,0.907,0,NORMAL
2026-06-24 21:34:05.727696,METER-ML-1001,1.859,230.06,8.81,0.917,0,NORMAL
2026-06-24 22:34:05.727696,METER-ML-1001,1.746,232.41,8.3,0.905,0,NORMAL
2026-06-24 23:34:05.727696,METER-ML-1001,0.021,231.26,0.1,0.937,1,CHUTE_SUSPECTE_FRAUDE
2026-06-25 00:34:05.727696,METER-ML-1001,2.445,227.09,11.73,0.918,0,NORMAL
2026-06-25 01:34:05.727696,METER-ML-1001,2.526,235.65,11.28,0.95,0,NORMAL
2026-06-25 02:34:05.727696,METER-ML-1001,3.012,231.65,14.1,0.922,0,NORMAL
2026-06-25 03:34:05.727696,METER-ML-1001,3.109,234.96,14.07,0.94,0,NORMAL
2026-06-25 04:34:05.727696,METER-ML-1001,2.506,230.13,11.58,0.94,0,NORMAL
2026-06-25 05:34:05.727696,METER-ML-1001,2.728,223.99,13.12,0.929,0,NORMAL
2026-06-25 06:34:05.727696,METER-ML-1001,3.683,232.53,17.35,0.913,0,NORMAL
2026-06-25 07:34:05.727696,METER-ML-1001,4.531,232.91,21.87,0.889,0,NORMAL
2026-06-25 08:34:05.727696,METER-ML-1001,5.109,227.32,24.87,0.904,0,NORMAL
2026-06-25 09:34:05.727696,METER-ML-1001,4.966,227.58,23.72,0.92,0,NORMAL
2026-06-25 10:34:05.727696,METER-ML-1001,4.664,235.05,22.49,0.882,0,NORMAL
2026-06-25 11:34:05.727696,METER-ML-1001,5.336,231.9,25.89,0.889,0,NORMAL
2026-06-25 12:34:05.727696,METER-ML-1001,5.29,233.39,24.91,0.91,0,NORMAL
2026-06-25 13:34:05.727696,METER-ML-1001,4.766,230.35,23.78,0.87,0,NORMAL
2026-06-25 14:34:05.727696,METER-ML-1001,4.32,225.37,20.51,0.934,0,NORMAL
2026-06-25 15:34:05.727696,METER-ML-1001,4.841,225.99,24.37,0.879,0,NORMAL
2026-06-25 16:34:05.727696,METER-ML-1001,4.22,227.02,20.09,0.925,0,NORMAL
2026-06-25 17:34:05.727696,METER-ML-1001,5.144,231.46,23.51,0.945,0,NORMAL
2026-06-25 18:34:05.727696,METER-ML-1001,3.73,232.12,16.37,0.982,0,NORMAL
2026-06-25 19:34:05.727696,METER-ML-1001,2.721,226.54,12.83,0.936,0,NORMAL
2026-06-25 20:34:05.727696,METER-ML-1001,2.645,228.97,12.17,0.949,0,NORMAL
2026-06-25 21:34:05.727696,METER-ML-1001,2.869,229.02,13.43,0.933,0,NORMAL
2026-06-25 22:34:05.727696,METER-ML-1001,2.176,228.92,9.6,0.99,0,NORMAL
2026-06-25 23:34:05.727696,METER-ML-1001,2.286,229.49,11.04,0.902,0,NORMAL
2026-06-26 00:34:05.727696,METER-ML-1001,3.22,237.31,15.55,0.872,0,NORMAL
2026-06-26 01:34:05.727696,METER-ML-1001,2.06,233.8,9.26,0.952,0,NORMAL
2026-06-26 02:34:05.727696,METER-ML-1001,1.758,230.01,8.22,0.93,0,NORMAL
2026-06-26 03:34:05.727696,METER-ML-1001,3.182,230.88,15.44,0.892,0,NORMAL
2026-06-26 04:34:05.727696,METER-ML-1001,2.454,228.57,12.06,0.89,0,NORMAL
2026-06-26 05:34:05.727696,METER-ML-1001,3.072,229.54,14.47,0.925,0,NORMAL
2026-06-26 06:34:05.727696,METER-ML-1001,3.442,229.82,15.13,0.99,0,NORMAL
2026-06-26 07:34:05.727696,METER-ML-1001,3.505,166.07,16.4,0.567,1,ANOMALIE_TENSION_FP
2026-06-26 08:34:05.727696,METER-ML-1001,4.456,231.18,22.48,0.857,0,NORMAL
2026-06-26 09:34:05.727696,METER-ML-1001,4.548,225.38,22.08,0.914,0,NORMAL
2026-06-26 10:34:05.727696,METER-ML-1001,4.825,233.58,22.59,0.914,0,NORMAL
2026-06-26 11:34:05.727696,METER-ML-1001,4.731,229.85,22.33,0.922,0,NORMAL
2026-06-26 12:34:05.727696,METER-ML-1001,4.952,233.29,22.7,0.935,0,NORMAL
2026-06-26 13:34:05.727696,METER-ML-1001,5.028,227.88,23.82,0.926,0,NORMAL
2026-06-26 14:34:05.727696,METER-ML-1001,4.743,234.71,22.76,0.888,0,NORMAL
2026-06-26 15:34:05.727696,METER-ML-1001,4.347,227.81,20.87,0.914,0,NORMAL
2026-06-26 16:34:05.727696,METER-ML-1001,0.066,229.01,0.1,0.959,1,CHUTE_SUSPECTE_FRAUDE
2026-06-26 17:34:05.727696,METER-ML-1001,4.337,229.29,20.56,0.92,0,NORMAL
2026-06-26 18:34:05.727696,METER-ML-1001,3.669,235.3,16.21,0.962,0,NORMAL
2026-06-26 19:34:05.727696,METER-ML-1001,3.339,230.29,15.07,0.962,0,NORMAL
2026-06-26 20:34:05.727696,METER-ML-1001,3.242,235.34,15.33,0.898,0,NORMAL
2026-06-26 21:34:05.727696,METER-ML-1001,2.713,231.04,12.57,0.934,0,NORMAL
2026-06-26 22:34:05.727696,METER-ML-1001,2.479,235.05,11.18,0.944,0,NORMAL
2026-06-26 23:34:05.727696,METER-ML-1001,2.237,226.39,10.6,0.932,0,NORMAL
2026-06-27 00:34:05.727696,METER-ML-1001,2.9,233.27,13.8,0.901,0,NORMAL
2026-06-27 01:34:05.727696,METER-ML-1001,2.89,228.7,14.4,0.878,0,NORMAL
2026-06-27 02:34:05.727696,METER-ML-1001,2.715,230.11,12.73,0.927,0,NORMAL
2026-06-27 03:34:05.727696,METER-ML-1001,3.144,231.79,14.26,0.951,0,NORMAL
2026-06-27 04:34:05.727696,METER-ML-1001,3.819,226.16,18.3,0.923,0,NORMAL
2026-06-27 05:34:05.727696,METER-ML-1001,3.349,225.89,16.6,0.893,0,NORMAL
2026-06-27 06:34:05.727696,METER-ML-1001,3.788,232.45,18.64,0.874,0,NORMAL
2026-06-27 07:34:05.727696,METER-ML-1001,5.037,231.93,23.13,0.939,0,NORMAL
2026-06-27 08:34:05.727696,METER-ML-1001,4.718,235.02,22.15,0.906,0,NORMAL
2026-06-27 09:34:05.727696,METER-ML-1001,23.757,231.22,117.68,0.873,1,SURCHARGE_ANORMALE
2026-06-27 10:34:05.727696,METER-ML-1001,6.155,228.98,29.67,0.906,0,NORMAL
2026-06-27 11:34:05.727696,METER-ML-1001,6.322,232.65,28.96,0.938,0,NORMAL
2026-06-27 12:34:05.727696,METER-ML-1001,6.027,228.24,27.61,0.956,0,NORMAL
2026-06-27 13:34:05.727696,METER-ML-1001,5.726,233.79,27.81,0.881,0,NORMAL
2026-06-27 14:34:05.727696,METER-ML-1001,6.474,232.2,29.28,0.952,0,NORMAL
2026-06-27 15:34:05.727696,METER-ML-1001,6.517,230.87,29.67,0.951,0,NORMAL
2026-06-27 16:34:05.727696,METER-ML-1001,6.023,228.28,30.0,0.879,0,NORMAL
2026-06-27 17:34:05.727696,METER-ML-1001,4.475,231.29,22.57,0.857,0,NORMAL
2026-06-27 18:34:05.727696,METER-ML-1001,4.811,231.92,22.05,0.941,0,NORMAL
2026-06-27 19:34:05.727696,METER-ML-1001,4.575,236.84,21.35,0.905,0,NORMAL
2026-06-27 20:34:05.727696,METER-ML-1001,3.642,229.44,17.25,0.92,0,NORMAL
2026-06-27 21:34:05.727696,METER-ML-1001,2.389,233.54,10.65,0.96,0,NORMAL
2026-06-27 22:34:05.727696,METER-ML-1001,2.909,226.42,14.54,0.884,0,NORMAL
2026-06-27 23:34:05.727696,METER-ML-1001,2.715,236.95,12.67,0.904,0,NORMAL
2026-06-28 00:34:05.727696,METER-ML-1001,3.625,234.66,16.34,0.945,0,NORMAL
2026-06-28 01:34:05.727696,METER-ML-1001,3.614,230.15,16.76,0.937,0,NORMAL
2026-06-28 02:34:05.727696,METER-ML-1001,2.845,228.91,14.28,0.87,0,NORMAL
2026-06-28 03:34:05.727696,METER-ML-1001,3.633,236.14,15.91,0.967,0,NORMAL
2026-06-28 04:34:05.727696,METER-ML-1001,2.987,229.48,13.73,0.948,0,NORMAL
2026-06-28 05:34:05.727696,METER-ML-1001,3.5,226.04,16.49,0.939,0,NORMAL
2026-06-28 06:34:05.727696,METER-ML-1001,4.194,230.74,20.35,0.893,0,NORMAL
2026-06-28 07:34:05.727696,METER-ML-1001,5.218,230.89,23.93,0.945,0,NORMAL
2026-06-28 08:34:05.727696,METER-ML-1001,5.747,229.58,27.37,0.915,0,NORMAL
2026-06-28 09:34:05.727696,METER-ML-1001,5.314,229.28,25.82,0.898,0,NORMAL
2026-06-28 10:34:05.727696,METER-ML-1001,5.516,227.53,27.93,0.868,0,NORMAL
2026-06-28 11:34:05.727696,METER-ML-1001,5.902,229.1,28.22,0.913,0,NORMAL
2026-06-28 12:34:05.727696,METER-ML-1001,5.257,228.38,25.53,0.902,0,NORMAL
2026-06-28 13:34:05.727696,METER-ML-1001,6.518,228.29,31.39,0.909,0,NORMAL
2026-06-28 14:34:05.727696,METER-ML-1001,6.49,226.02,31.6,0.909,0,NORMAL
2026-06-28 15:34:05.727696,METER-ML-1001,5.706,229.89,27.75,0.895,0,NORMAL
2026-06-28 16:34:05.727696,METER-ML-1001,5.823,230.99,27.19,0.927,0,NORMAL
2026-06-28 17:34:05.727696,METER-ML-1001,4.23,231.22,20.56,0.89,0,NORMAL
2026-06-28 18:34:05.727696,METER-ML-1001,3.868,229.91,19.48,0.863,0,NORMAL
2026-06-28 19:34:05.727696,METER-ML-1001,3.619,229.59,17.5,0.901,0,NORMAL
2026-06-28 20:34:05.727696,METER-ML-1001,3.634,235.74,16.16,0.954,0,NORMAL
2026-06-28 21:34:05.727696,METER-ML-1001,3.329,231.38,16.69,0.862,0,NORMAL
2026-06-28 22:34:05.727696,METER-ML-1001,2.147,228.25,9.69,0.971,0,NORMAL
2026-06-28 23:34:05.727696,METER-ML-1001,2.5,234.36,11.62,0.918,0,NORMAL
2026-06-29 00:34:05.727696,METER-ML-1001,2.703,233.69,12.79,0.904,0,NORMAL
2026-06-29 01:34:05.727696,METER-ML-1001,2.026,229.15,9.71,0.911,0,NORMAL
2026-06-29 02:34:05.727696,METER-ML-1001,2.917,225.61,14.21,0.909,0,NORMAL
2026-06-29 03:34:05.727696,METER-ML-1001,3.886,231.03,19.23,0.875,0,NORMAL
2026-06-29 04:34:05.727696,METER-ML-1001,2.455,231.41,12.04,0.881,0,NORMAL
2026-06-29 05:34:05.727696,METER-ML-1001,2.928,227.87,14.22,0.904,0,NORMAL
2026-06-29 06:34:05.727696,METER-ML-1001,3.714,229.33,17.56,0.922,0,NORMAL
2026-06-29 07:34:05.727696,METER-ML-1001,4.128,234.26,19.48,0.905,0,NORMAL
2026-06-29 08:34:05.727696,METER-ML-1001,4.358,227.04,20.6,0.932,0,NORMAL
2026-06-29 09:34:05.727696,METER-ML-1001,4.81,226.14,22.62,0.94,0,NORMAL
2026-06-29 10:34:05.727696,METER-ML-1001,4.717,231.89,21.9,0.929,0,NORMAL
2026-06-29 11:34:05.727696,METER-ML-1001,5.161,227.77,24.27,0.934,0,NORMAL
2026-06-29 12:34:05.727696,METER-ML-1001,0.021,229.08,0.1,0.945,1,CHUTE_SUSPECTE_FRAUDE
2026-06-29 13:34:05.727696,METER-ML-1001,5.0,231.02,23.67,0.914,0,NORMAL
2026-06-29 14:34:05.727696,METER-ML-1001,5.497,229.28,26.1,0.919,0,NORMAL
2026-06-29 15:34:05.727696,METER-ML-1001,4.137,228.16,18.85,0.962,0,NORMAL
2026-06-29 16:34:05.727696,METER-ML-1001,4.072,226.11,18.19,0.99,0,NORMAL
2026-06-29 17:34:05.727696,METER-ML-1001,4.039,231.78,17.6,0.99,0,NORMAL
2026-06-29 18:34:05.727696,METER-ML-1001,3.584,228.21,16.43,0.956,0,NORMAL
2026-06-29 19:34:05.727696,METER-ML-1001,3.086,229.84,14.8,0.907,0,NORMAL
2026-06-29 20:34:05.727696,METER-ML-1001,2.911,226.87,14.33,0.896,0,NORMAL
2026-06-29 21:34:05.727696,METER-ML-1001,2.283,228.42,10.43,0.958,0,NORMAL
2026-06-29 22:34:05.727696,METER-ML-1001,2.393,228.44,11.11,0.943,0,NORMAL
2026-06-29 23:34:05.727696,METER-ML-1001,1.666,229.39,7.72,0.94,0,NORMAL
2026-06-30 00:34:05.727696,METER-ML-1001,3.425,170.04,16.53,0.587,1,ANOMALIE_TENSION_FP
2026-06-30 01:34:05.727696,METER-ML-1001,2.33,232.43,11.44,0.876,0,NORMAL
2026-06-30 02:34:05.727696,METER-ML-1001,3.159,228.41,15.48,0.893,0,NORMAL
2026-06-30 03:34:05.727696,METER-ML-1001,3.194,233.47,14.38,0.951,0,NORMAL
2026-06-30 04:34:05.727696,METER-ML-1001,2.57,229.2,12.88,0.871,0,NORMAL
2026-06-30 05:34:05.727696,METER-ML-1001,2.655,228.36,13.13,0.885,0,NORMAL
2026-06-30 06:34:05.727696,METER-ML-1001,3.691,225.98,17.71,0.923,0,NORMAL
2026-06-30 07:34:05.727696,METER-ML-1001,2.754,237.26,12.77,0.909,0,NORMAL
2026-06-30 08:34:05.727696,METER-ML-1001,4.498,235.32,21.44,0.892,0,NORMAL
2026-06-30 09:34:05.727696,METER-ML-1001,5.321,229.05,24.77,0.938,0,NORMAL
2026-06-30 10:34:05.727696,METER-ML-1001,4.531,227.87,21.99,0.904,0,NORMAL
2026-06-30 11:34:05.727696,METER-ML-1001,4.588,230.8,20.46,0.971,0,NORMAL
2026-06-30 12:34:05.727696,METER-ML-1001,4.297,229.76,21.28,0.879,0,NORMAL
2026-06-30 13:34:05.727696,METER-ML-1001,5.806,230.43,28.32,0.89,0,NORMAL
2026-06-30 14:34:05.727696,METER-ML-1001,5.366,227.04,25.24,0.936,0,NORMAL
2026-06-30 15:34:05.727696,METER-ML-1001,4.702,236.68,21.04,0.944,0,NORMAL
2026-06-30 16:34:05.727696,METER-ML-1001,3.65,226.64,17.57,0.916,0,NORMAL
2026-06-30 17:34:05.727696,METER-ML-1001,3.987,226.4,19.2,0.917,0,NORMAL
2026-06-30 18:34:05.727696,METER-ML-1001,4.168,232.11,19.47,0.922,0,NORMAL
2026-06-30 19:34:05.727696,METER-ML-1001,3.089,223.89,14.72,0.937,0,NORMAL
2026-06-30 20:34:05.727696,METER-ML-1001,2.049,226.99,9.94,0.908,0,NORMAL
2026-06-30 21:34:05.727696,METER-ML-1001,3.256,225.04,15.4,0.94,0,NORMAL
2026-06-30 22:34:05.727696,METER-ML-1001,2.696,228.35,12.87,0.917,0,NORMAL
2026-06-30 23:34:05.727696,METER-ML-1001,2.643,234.04,12.49,0.904,0,NORMAL
2026-07-01 00:34:05.727696,METER-ML-1001,2.204,220.09,11.05,0.906,0,NORMAL
2026-07-01 01:34:05.727696,METER-ML-1001,3.033,231.7,14.02,0.934,0,NORMAL
2026-07-01 02:34:05.727696,METER-ML-1001,2.064,228.64,9.75,0.926,0,NORMAL
2026-07-01 03:34:05.727696,METER-ML-1001,2.991,229.91,14.38,0.905,0,NORMAL
2026-07-01 04:34:05.727696,METER-ML-1001,2.993,226.56,14.33,0.922,0,NORMAL
2026-07-01 05:34:05.727696,METER-ML-1001,2.991,229.53,14.5,0.899,0,NORMAL
2026-07-01 06:34:05.727696,METER-ML-1001,3.806,230.55,18.29,0.902,0,NORMAL
2026-07-01 07:34:05.727696,METER-ML-1001,4.04,222.35,19.04,0.954,0,NORMAL
2026-07-01 08:34:05.727696,METER-ML-1001,4.482,234.19,21.78,0.879,0,NORMAL
2026-07-01 09:34:05.727696,METER-ML-1001,4.339,226.26,22.13,0.866,0,NORMAL
2026-07-01 10:34:05.727696,METER-ML-1001,4.639,230.72,22.75,0.884,0,NORMAL
2026-07-01 11:34:05.727696,METER-ML-1001,4.852,225.8,23.58,0.911,0,NORMAL
2026-07-01 12:34:05.727696,METER-ML-1001,4.456,231.13,19.82,0.973,0,NORMAL
2026-07-01 13:34:05.727696,METER-ML-1001,5.018,231.24,23.79,0.912,0,NORMAL
2026-07-01 14:34:05.727696,METER-ML-1001,4.951,232.42,24.15,0.882,0,NORMAL
2026-07-01 15:34:05.727696,METER-ML-1001,5.303,236.96,24.05,0.931,0,NORMAL
2026-07-01 16:34:05.727696,METER-ML-1001,4.622,231.94,21.5,0.927,0,NORMAL
2026-07-01 17:34:05.727696,METER-ML-1001,3.851,229.19,17.59,0.955,0,NORMAL
2026-07-01 18:34:05.727696,METER-ML-1001,3.487,231.08,16.43,0.918,0,NORMAL
2026-07-01 19:34:05.727696,METER-ML-1001,3.661,232.36,18.17,0.867,0,NORMAL
2026-07-01 20:34:05.727696,METER-ML-1001,2.774,231.47,13.4,0.894,0,NORMAL
2026-07-01 21:34:05.727696,METER-ML-1001,3.013,234.71,14.17,0.906,0,NORMAL
2026-07-01 22:34:05.727696,METER-ML-1001,2.923,233.75,13.92,0.898,0,NORMAL
2026-07-01 23:34:05.727696,METER-ML-1001,2.257,231.55,11.01,0.885,0,NORMAL
2026-07-02 00:34:05.727696,METER-ML-1001,2.992,223.46,15.13,0.885,0,NORMAL
2026-07-02 01:34:05.727696,METER-ML-1001,2.699,235.24,12.67,0.906,0,NORMAL
2026-07-02 02:34:05.727696,METER-ML-1001,2.734,227.35,12.64,0.951,0,NORMAL
2026-07-02 03:34:05.727696,METER-ML-1001,3.474,228.69,16.79,0.905,0,NORMAL
2026-07-02 04:34:05.727696,METER-ML-1001,9.724,232.59,48.46,0.863,1,SURCHARGE_ANORMALE
2026-07-02 05:34:05.727696,METER-ML-1001,15.007,227.63,69.39,0.95,1,SURCHARGE_ANORMALE
2026-07-02 06:34:05.727696,METER-ML-1001,3.578,231.55,16.29,0.949,0,NORMAL
2026-07-02 07:34:05.727696,METER-ML-1001,3.542,229.15,16.38,0.943,0,NORMAL
2026-07-02 08:34:05.727696,METER-ML-1001,4.272,227.89,20.09,0.933,0,NORMAL
2026-07-02 09:34:05.727696,METER-ML-1001,4.81,232.22,22.93,0.904,0,NORMAL
2026-07-02 10:34:05.727696,METER-ML-1001,4.817,226.86,22.46,0.945,0,NORMAL
2026-07-02 11:34:05.727696,METER-ML-1001,4.863,232.37,23.34,0.897,0,NORMAL
2026-07-02 12:34:05.727696,METER-ML-1001,3.899,228.69,19.18,0.889,0,NORMAL
2026-07-02 13:34:05.727696,METER-ML-1001,4.358,230.88,21.34,0.884,0,NORMAL
2026-07-02 14:34:05.727696,METER-ML-1001,4.618,231.6,22.0,0.906,0,NORMAL
2026-07-02 15:34:05.727696,METER-ML-1001,4.345,235.94,20.6,0.894,0,NORMAL
2026-07-02 16:34:05.727696,METER-ML-1001,4.273,228.54,20.97,0.892,0,NORMAL
2026-07-02 17:34:05.727696,METER-ML-1001,4.193,231.83,19.87,0.91,0,NORMAL
2026-07-02 18:34:05.727696,METER-ML-1001,3.161,227.37,15.87,0.876,0,NORMAL
2026-07-02 19:34:05.727696,METER-ML-1001,2.973,231.81,13.51,0.949,0,NORMAL
2026-07-02 20:34:05.727696,METER-ML-1001,2.37,228.84,11.55,0.897,0,NORMAL
2026-07-02 21:34:05.727696,METER-ML-1001,3.033,228.68,14.52,0.914,0,NORMAL
2026-07-02 22:34:05.727696,METER-ML-1001,2.62,236.4,12.21,0.908,0,NORMAL
2026-07-02 23:34:05.727696,METER-ML-1001,2.398,225.4,10.93,0.973,0,NORMAL
2026-07-03 00:34:05.727696,METER-ML-1001,3.097,223.41,15.25,0.909,0,NORMAL
2026-07-03 01:34:05.727696,METER-ML-1001,2.987,233.25,13.68,0.936,0,NORMAL
2026-07-03 02:34:05.727696,METER-ML-1001,2.431,227.63,11.91,0.897,0,NORMAL
2026-07-03 03:34:05.727696,METER-ML-1001,3.144,228.41,14.54,0.947,0,NORMAL
2026-07-03 04:34:05.727696,METER-ML-1001,3.479,235.33,15.69,0.942,0,NORMAL
2026-07-03 05:34:05.727696,METER-ML-1001,3.525,233.21,16.85,0.897,0,NORMAL
2026-07-03 06:34:05.727696,METER-ML-1001,3.142,232.65,14.05,0.961,0,NORMAL
2026-07-03 07:34:05.727696,METER-ML-1001,4.228,160.24,19.45,0.496,1,ANOMALIE_TENSION_FP
2026-07-03 08:34:05.727696,METER-ML-1001,4.228,231.87,20.03,0.91,0,NORMAL
2026-07-03 09:34:05.727696,METER-ML-1001,4.613,226.25,20.86,0.977,0,NORMAL
2026-07-03 10:34:05.727696,METER-ML-1001,4.643,226.95,22.08,0.927,0,NORMAL
2026-07-03 11:34:05.727696,METER-ML-1001,5.042,230.65,23.05,0.948,0,NORMAL
2026-07-03 12:34:05.727696,METER-ML-1001,4.753,230.0,22.32,0.926,0,NORMAL
2026-07-03 13:34:05.727696,METER-ML-1001,4.692,229.4,21.68,0.943,0,NORMAL
2026-07-03 14:34:05.727696,METER-ML-1001,4.462,233.63,19.55,0.977,0,NORMAL
2026-07-03 15:34:05.727696,METER-ML-1001,4.72,232.24,21.36,0.952,0,NORMAL
2026-07-03 16:34:05.727696,METER-ML-1001,4.266,230.88,19.66,0.94,0,NORMAL
2026-07-03 17:34:05.727696,METER-ML-1001,3.495,229.17,16.55,0.921,0,NORMAL
2026-07-03 18:34:05.727696,METER-ML-1001,4.028,225.64,20.73,0.861,0,NORMAL
2026-07-03 19:34:05.727696,METER-ML-1001,3.457,230.81,15.94,0.939,0,NORMAL
2026-07-03 20:34:05.727696,METER-ML-1001,3.426,160.7,16.56,0.451,1,ANOMALIE_TENSION_FP
2026-07-03 21:34:05.727696,METER-ML-1001,2.612,230.09,12.46,0.911,0,NORMAL
2026-07-03 22:34:05.727696,METER-ML-1001,2.295,231.94,11.06,0.894,0,NORMAL
2026-07-03 23:34:05.727696,METER-ML-1001,2.125,234.96,10.37,0.872,0,NORMAL
2026-07-04 00:34:05.727696,METER-ML-1001,3.216,229.26,15.56,0.901,0,NORMAL
2026-07-04 01:34:05.727696,METER-ML-1001,3.236,229.89,15.16,0.928,0,NORMAL
2026-07-04 02:34:05.727696,METER-ML-1001,3.987,231.18,19.51,0.884,0,NORMAL
2026-07-04 03:34:05.727696,METER-ML-1001,2.858,234.22,12.79,0.954,0,NORMAL
2026-07-04 04:34:05.727696,METER-ML-1001,3.537,226.72,16.84,0.926,0,NORMAL
2026-07-04 05:34:05.727696,METER-ML-1001,2.882,233.63,13.06,0.945,0,NORMAL
2026-07-04 06:34:05.727696,METER-ML-1001,0.044,230.0,0.1,0.885,1,CHUTE_SUSPECTE_FRAUDE
2026-07-04 07:34:05.727696,METER-ML-1001,4.956,233.66,22.79,0.93,0,NORMAL
2026-07-04 08:34:05.727696,METER-ML-1001,5.148,226.56,23.83,0.954,0,NORMAL
2026-07-04 09:34:05.727696,METER-ML-1001,6.661,234.13,28.78,0.988,0,NORMAL
2026-07-04 10:34:05.727696,METER-ML-1001,6.363,231.66,29.86,0.92,0,NORMAL
2026-07-04 11:34:05.727696,METER-ML-1001,5.73,227.07,28.43,0.888,0,NORMAL
2026-07-04 12:34:05.727696,METER-ML-1001,6.837,232.01,30.63,0.962,0,NORMAL
2026-07-04 13:34:05.727696,METER-ML-1001,5.369,232.1,25.92,0.892,0,NORMAL
2026-07-04 14:34:05.727696,METER-ML-1001,6.172,229.15,30.29,0.889,0,NORMAL
2026-07-04 15:34:05.727696,METER-ML-1001,6.137,234.99,28.93,0.903,0,NORMAL
2026-07-04 16:34:05.727696,METER-ML-1001,5.5,229.52,26.5,0.904,0,NORMAL
2026-07-04 17:34:05.727696,METER-ML-1001,4.576,229.69,21.42,0.93,0,NORMAL
2026-07-04 18:34:05.727696,METER-ML-1001,4.312,222.55,20.75,0.934,0,NORMAL
2026-07-04 19:34:05.727696,METER-ML-1001,3.338,222.77,16.66,0.899,0,NORMAL
2026-07-04 20:34:05.727696,METER-ML-1001,2.513,225.26,12.41,0.899,0,NORMAL
2026-07-04 21:34:05.727696,METER-ML-1001,3.939,230.6,18.26,0.935,0,NORMAL
2026-07-04 22:34:05.727696,METER-ML-1001,2.678,225.82,12.31,0.964,0,NORMAL
2026-07-04 23:34:05.727696,METER-ML-1001,3.403,227.08,16.48,0.909,0,NORMAL
2026-07-05 00:34:05.727696,METER-ML-1001,3.617,227.45,16.15,0.985,0,NORMAL
2026-07-05 01:34:05.727696,METER-ML-1001,3.946,223.54,18.63,0.948,0,NORMAL
2026-07-05 02:34:05.727696,METER-ML-1001,2.982,230.27,13.69,0.946,0,NORMAL
2026-07-05 03:34:05.727696,METER-ML-1001,3.441,227.3,16.69,0.907,0,NORMAL
2026-07-05 04:34:05.727696,METER-ML-1001,4.321,225.15,20.52,0.935,0,NORMAL
2026-07-05 05:34:05.727696,METER-ML-1001,4.089,229.84,19.88,0.895,0,NORMAL
2026-07-05 06:34:05.727696,METER-ML-1001,4.51,231.99,21.0,0.926,0,NORMAL
2026-07-05 07:34:05.727696,METER-ML-1001,22.481,231.96,108.22,0.896,1,SURCHARGE_ANORMALE
2026-07-05 08:34:05.727696,METER-ML-1001,5.502,230.44,26.14,0.913,0,NORMAL
2026-07-05 09:34:05.727696,METER-ML-1001,6.529,227.94,30.3,0.945,0,NORMAL
2026-07-05 10:34:05.727696,METER-ML-1001,6.789,227.09,33.09,0.903,0,NORMAL
2026-07-05 11:34:05.727696,METER-ML-1001,5.942,229.18,27.46,0.944,0,NORMAL
2026-07-05 12:34:05.727696,METER-ML-1001,5.783,229.73,26.99,0.933,0,NORMAL
2026-07-05 13:34:05.727696,METER-ML-1001,6.214,234.0,29.4,0.903,0,NORMAL
2026-07-05 14:34:05.727696,METER-ML-1001,6.046,233.85,27.68,0.934,0,NORMAL
2026-07-05 15:34:05.727696,METER-ML-1001,6.193,230.18,28.71,0.937,0,NORMAL
2026-07-05 16:34:05.727696,METER-ML-1001,5.45,225.53,27.42,0.881,0,NORMAL
2026-07-05 17:34:05.727696,METER-ML-1001,4.881,234.9,22.18,0.937,0,NORMAL
2026-07-05 18:34:05.727696,METER-ML-1001,4.608,226.01,22.24,0.917,0,NORMAL
2026-07-05 19:34:05.727696,METER-ML-1001,3.422,228.19,16.6,0.904,0,NORMAL
2026-07-05 20:34:05.727696,METER-ML-1001,3.313,228.04,17.46,0.832,0,NORMAL
2026-07-05 21:34:05.727696,METER-ML-1001,3.987,229.31,18.78,0.926,0,NORMAL
2026-07-05 22:34:05.727696,METER-ML-1001,3.529,236.64,16.13,0.925,0,NORMAL
2026-07-05 23:34:05.727696,METER-ML-1001,3.027,175.26,13.6,0.459,1,ANOMALIE_TENSION_FP
2026-07-06 00:34:05.727696,METER-ML-1001,2.157,230.42,10.07,0.93,0,NORMAL
2026-07-06 01:34:05.727696,METER-ML-1001,2.864,233.42,14.32,0.857,0,NORMAL
2026-07-06 02:34:05.727696,METER-ML-1001,0.018,236.2,0.1,0.841,1,CHUTE_SUSPECTE_FRAUDE
2026-07-06 03:34:05.727696,METER-ML-1001,2.682,235.36,12.13,0.94,0,NORMAL
2026-07-06 04:34:05.727696,METER-ML-1001,2.254,228.02,10.53,0.939,0,NORMAL
2026-07-06 05:34:05.727696,METER-ML-1001,3.228,232.85,15.09,0.919,0,NORMAL
2026-07-06 06:34:05.727696,METER-ML-1001,3.203,225.41,15.2,0.935,0,NORMAL
2026-07-06 07:34:05.727696,METER-ML-1001,3.811,228.24,19.0,0.879,0,NORMAL
2026-07-06 08:34:05.727696,METER-ML-1001,4.073,233.77,19.29,0.903,0,NORMAL
2026-07-06 09:34:05.727696,METER-ML-1001,5.262,231.52,24.33,0.934,0,NORMAL
2026-07-06 10:34:05.727696,METER-ML-1001,4.925,228.72,23.6,0.912,0,NORMAL
2026-07-06 11:34:05.727696,METER-ML-1001,4.583,231.76,23.4,0.845,0,NORMAL
2026-07-06 12:34:05.727696,METER-ML-1001,5.221,227.1,25.83,0.89,0,NORMAL
2026-07-06 13:34:05.727696,METER-ML-1001,4.897,227.96,24.28,0.885,0,NORMAL
2026-07-06 14:34:05.727696,METER-ML-1001,3.81,228.18,17.5,0.954,0,NORMAL
2026-07-06 15:34:05.727696,METER-ML-1001,3.929,229.64,19.38,0.883,0,NORMAL
2026-07-06 16:34:05.727696,METER-ML-1001,3.753,231.19,16.98,0.956,0,NORMAL
2026-07-06 17:34:05.727696,METER-ML-1001,3.7,233.08,17.89,0.888,0,NORMAL
2026-07-06 18:34:05.727696,METER-ML-1001,3.825,232.9,18.0,0.912,0,NORMAL
2026-07-06 19:34:05.727696,METER-ML-1001,4.15,228.14,20.84,0.873,0,NORMAL
2026-07-06 20:34:05.727696,METER-ML-1001,2.073,230.42,9.78,0.92,0,NORMAL
2026-07-06 21:34:05.727696,METER-ML-1001,2.41,232.24,11.23,0.924,0,NORMAL
2026-07-06 22:34:05.727696,METER-ML-1001,1.906,229.78,8.77,0.946,0,NORMAL
2026-07-06 23:34:05.727696,METER-ML-1001,2.961,233.35,13.77,0.922,0,NORMAL
2026-07-07 00:34:05.727696,METER-ML-1001,3.186,230.65,14.43,0.958,0,NORMAL
2026-07-07 01:34:05.727696,METER-ML-1001,2.968,231.12,13.87,0.926,0,NORMAL
2026-07-07 02:34:05.727696,METER-ML-1001,2.583,227.23,12.61,0.901,0,NORMAL
2026-07-07 03:34:05.727696,METER-ML-1001,2.512,237.44,11.02,0.96,0,NORMAL
2026-07-07 04:34:05.727696,METER-ML-1001,2.522,230.7,12.49,0.875,0,NORMAL
2026-07-07 05:34:05.727696,METER-ML-1001,14.738,234.34,69.26,0.908,1,SURCHARGE_ANORMALE
2026-07-07 06:34:05.727696,METER-ML-1001,3.519,233.5,15.42,0.977,0,NORMAL
2026-07-07 07:34:05.727696,METER-ML-1001,4.252,226.59,19.75,0.95,0,NORMAL
2026-07-07 08:34:05.727696,METER-ML-1001,4.201,231.58,20.03,0.906,0,NORMAL
2026-07-07 09:34:05.727696,METER-ML-1001,4.476,237.17,20.51,0.92,0,NORMAL
2026-07-07 10:34:05.727696,METER-ML-1001,5.178,232.75,24.83,0.896,0,NORMAL
2026-07-07 11:34:05.727696,METER-ML-1001,4.334,230.12,20.4,0.923,0,NORMAL
2026-07-07 12:34:05.727696,METER-ML-1001,5.464,227.55,25.47,0.943,0,NORMAL
2026-07-07 13:34:05.727696,METER-ML-1001,5.432,226.55,26.31,0.911,0,NORMAL
2026-07-07 14:34:05.727696,METER-ML-1001,5.073,235.68,23.38,0.921,0,NORMAL
2026-07-07 15:34:05.727696,METER-ML-1001,4.038,236.64,19.14,0.892,0,NORMAL
2026-07-07 16:34:05.727696,METER-ML-1001,4.111,225.04,20.41,0.895,0,NORMAL
2026-07-07 17:34:05.727696,METER-ML-1001,3.695,229.17,17.11,0.942,0,NORMAL
2026-07-07 18:34:05.727696,METER-ML-1001,2.959,225.95,14.24,0.919,0,NORMAL
2026-07-07 19:34:05.727696,METER-ML-1001,2.882,227.16,14.31,0.887,0,NORMAL
2026-07-07 20:34:05.727696,METER-ML-1001,2.661,232.51,12.67,0.903,0,NORMAL
2026-07-07 21:34:05.727696,METER-ML-1001,2.67,230.52,12.44,0.931,0,NORMAL
2026-07-07 22:34:05.727696,METER-ML-1001,3.151,230.03,15.42,0.889,0,NORMAL
2026-07-07 23:34:05.727696,METER-ML-1001,2.125,231.31,9.88,0.929,0,NORMAL
2026-07-08 00:34:05.727696,METER-ML-1001,2.76,231.19,12.49,0.956,0,NORMAL
2026-07-08 01:34:05.727696,METER-ML-1001,3.122,229.5,14.62,0.93,0,NORMAL
2026-07-08 02:34:05.727696,METER-ML-1001,2.973,227.47,13.82,0.945,0,NORMAL
2026-07-08 03:34:05.727696,METER-ML-1001,3.272,229.77,15.44,0.922,0,NORMAL
2026-07-08 04:34:05.727696,METER-ML-1001,2.73,236.32,12.7,0.909,0,NORMAL
2026-07-08 05:34:05.727696,METER-ML-1001,3.232,230.63,14.64,0.957,0,NORMAL
2026-07-08 06:34:05.727696,METER-ML-1001,3.598,236.32,17.03,0.894,0,NORMAL
2026-07-08 07:34:05.727696,METER-ML-1001,4.868,231.87,22.21,0.945,0,NORMAL
2026-07-08 08:34:05.727696,METER-ML-1001,4.501,233.28,21.66,0.891,0,NORMAL
2026-07-08 09:34:05.727696,METER-ML-1001,5.185,228.0,24.45,0.93,0,NORMAL
2026-07-08 10:34:05.727696,METER-ML-1001,4.89,230.66,24.13,0.878,0,NORMAL
2026-07-08 11:34:05.727696,METER-ML-1001,5.328,229.51,24.98,0.929,0,NORMAL
2026-07-08 12:34:05.727696,METER-ML-1001,4.653,228.94,22.07,0.921,0,NORMAL
2026-07-08 13:34:05.727696,METER-ML-1001,4.905,224.97,24.76,0.881,0,NORMAL
2026-07-08 14:34:05.727696,METER-ML-1001,3.772,233.3,17.57,0.92,0,NORMAL
2026-07-08 15:34:05.727696,METER-ML-1001,5.042,229.36,23.98,0.917,0,NORMAL
2026-07-08 16:34:05.727696,METER-ML-1001,3.69,236.11,16.25,0.962,0,NORMAL
2026-07-08 17:34:05.727696,METER-ML-1001,3.797,231.74,17.21,0.952,0,NORMAL
2026-07-08 18:34:05.727696,METER-ML-1001,2.9,229.0,13.73,0.923,0,NORMAL
2026-07-08 19:34:05.727696,METER-ML-1001,3.834,232.78,17.97,0.916,0,NORMAL
2026-07-08 20:34:05.727696,METER-ML-1001,2.248,228.57,10.53,0.934,0,NORMAL
2026-07-08 21:34:05.727696,METER-ML-1001,2.773,231.13,12.97,0.925,0,NORMAL
2026-07-08 22:34:05.727696,METER-ML-1001,2.276,226.35,11.39,0.883,0,NORMAL
2026-07-08 23:34:05.727696,METER-ML-1001,1.517,156.98,7.16,0.411,1,ANOMALIE_TENSION_FP
2026-07-09 00:34:05.727696,METER-ML-1001,3.313,228.43,16.13,0.899,0,NORMAL
2026-07-09 01:34:05.727696,METER-ML-1001,2.024,233.98,9.39,0.921,0,NORMAL
2026-07-09 02:34:05.727696,METER-ML-1001,2.923,229.92,13.67,0.93,0,NORMAL
2026-07-09 03:34:05.727696,METER-ML-1001,2.807,230.87,13.96,0.871,0,NORMAL
2026-07-09 04:34:05.727696,METER-ML-1001,2.422,234.56,10.98,0.94,0,NORMAL
2026-07-09 05:34:05.727696,METER-ML-1001,2.591,226.28,12.77,0.896,0,NORMAL
2026-07-09 06:34:05.727696,METER-ML-1001,2.853,231.65,14.24,0.865,0,NORMAL
2026-07-09 07:34:05.727696,METER-ML-1001,3.459,229.94,15.88,0.947,0,NORMAL
2026-07-09 08:34:05.727696,METER-ML-1001,4.252,228.86,20.9,0.889,0,NORMAL
2026-07-09 09:34:05.727696,METER-ML-1001,4.154,228.65,19.56,0.929,0,NORMAL
2026-07-09 10:34:05.727696,METER-ML-1001,4.933,234.56,22.43,0.938,0,NORMAL
2026-07-09 11:34:05.727696,METER-ML-1001,4.846,235.49,22.32,0.922,0,NORMAL
2026-07-09 12:34:05.727696,METER-ML-1001,4.996,230.74,24.32,0.89,0,NORMAL
2026-07-09 13:34:05.727696,METER-ML-1001,4.604,233.26,23.14,0.853,0,NORMAL
2026-07-09 14:34:05.727696,METER-ML-1001,4.504,231.8,21.1,0.921,0,NORMAL
2026-07-09 15:34:05.727696,METER-ML-1001,3.835,232.77,17.18,0.959,0,NORMAL
2026-07-09 16:34:05.727696,METER-ML-1001,0.096,230.34,0.1,0.882,1,CHUTE_SUSPECTE_FRAUDE
2026-07-09 17:34:05.727696,METER-ML-1001,0.039,229.53,0.1,0.932,1,CHUTE_SUSPECTE_FRAUDE
2026-07-09 18:34:05.727696,METER-ML-1001,3.402,230.94,16.03,0.919,0,NORMAL
2026-07-09 19:34:05.727696,METER-ML-1001,3.247,234.19,15.83,0.876,0,NORMAL
2026-07-09 20:34:05.727696,METER-ML-1001,3.285,231.68,15.51,0.914,0,NORMAL
2026-07-09 21:34:05.727696,METER-ML-1001,2.29,225.09,10.6,0.96,0,NORMAL
2026-07-09 22:34:05.727696,METER-ML-1001,2.758,231.33,13.38,0.891,0,NORMAL
2026-07-09 23:34:05.727696,METER-ML-1001,1.989,227.27,9.84,0.889,0,NORMAL
2026-07-10 00:34:05.727696,METER-ML-1001,3.455,232.9,15.57,0.953,0,NORMAL
2026-07-10 01:34:05.727696,METER-ML-1001,2.627,234.94,12.21,0.916,0,NORMAL
2026-07-10 02:34:05.727696,METER-ML-1001,3.33,226.12,16.2,0.909,0,NORMAL
2026-07-10 03:34:05.727696,METER-ML-1001,2.751,227.89,13.74,0.878,0,NORMAL
2026-07-10 04:34:05.727696,METER-ML-1001,2.631,227.24,12.59,0.92,0,NORMAL
2026-07-10 05:34:05.727696,METER-ML-1001,2.726,231.66,12.88,0.914,0,NORMAL
2026-07-10 06:34:05.727696,METER-ML-1001,3.69,235.79,16.93,0.924,0,NORMAL
2026-07-10 07:34:05.727696,METER-ML-1001,4.348,228.35,20.99,0.907,0,NORMAL
2026-07-10 08:34:05.727696,METER-ML-1001,3.873,224.83,19.19,0.898,0,NORMAL
2026-07-10 09:34:05.727696,METER-ML-1001,5.099,232.16,22.75,0.965,0,NORMAL
2026-07-10 10:34:05.727696,METER-ML-1001,4.248,229.31,19.94,0.929,0,NORMAL
2026-07-10 11:34:05.727696,METER-ML-1001,5.081,231.04,23.98,0.917,0,NORMAL
2026-07-10 12:34:05.727696,METER-ML-1001,4.183,229.43,19.73,0.924,0,NORMAL
2026-07-10 13:34:05.727696,METER-ML-1001,5.351,228.11,24.64,0.952,0,NORMAL
2026-07-10 14:34:05.727696,METER-ML-1001,4.704,233.51,20.94,0.962,0,NORMAL
2026-07-10 15:34:05.727696,METER-ML-1001,4.907,228.84,22.5,0.953,0,NORMAL
2026-07-10 16:34:05.727696,METER-ML-1001,4.979,226.7,22.68,0.968,0,NORMAL
2026-07-10 17:34:05.727696,METER-ML-1001,3.821,226.03,18.09,0.935,0,NORMAL
2026-07-10 18:34:05.727696,METER-ML-1001,2.996,230.76,13.66,0.95,0,NORMAL
2026-07-10 19:34:05.727696,METER-ML-1001,2.836,226.91,14.84,0.842,0,NORMAL
2026-07-10 20:34:05.727696,METER-ML-1001,3.554,230.78,16.93,0.91,0,NORMAL
2026-07-10 21:34:05.727696,METER-ML-1001,1.857,232.63,9.02,0.884,0,NORMAL
2026-07-10 22:34:05.727696,METER-ML-1001,1.791,230.6,8.26,0.94,0,NORMAL
2026-07-10 23:34:05.727696,METER-ML-1001,2.724,223.49,12.89,0.946,0,NORMAL
2026-07-11 00:34:05.727696,METER-ML-1001,3.206,227.3,15.15,0.931,0,NORMAL
2026-07-11 01:34:05.727696,METER-ML-1001,3.965,234.08,18.46,0.917,0,NORMAL
2026-07-11 02:34:05.727696,METER-ML-1001,3.632,231.5,17.21,0.912,0,NORMAL
2026-07-11 03:34:05.727696,METER-ML-1001,2.76,231.1,12.25,0.975,0,NORMAL
2026-07-11 04:34:05.727696,METER-ML-1001,3.095,227.86,14.81,0.917,0,NORMAL
2026-07-11 05:34:05.727696,METER-ML-1001,3.259,231.44,14.88,0.946,0,NORMAL
2026-07-11 06:34:05.727696,METER-ML-1001,4.298,232.69,20.48,0.902,0,NORMAL
2026-07-11 07:34:05.727696,METER-ML-1001,4.914,238.7,21.5,0.958,0,NORMAL
2026-07-11 08:34:05.727696,METER-ML-1001,4.984,226.14,23.68,0.93,0,NORMAL
2026-07-11 09:34:05.727696,METER-ML-1001,5.589,230.27,26.27,0.924,0,NORMAL
2026-07-11 10:34:05.727696,METER-ML-1001,6.106,226.33,28.08,0.961,0,NORMAL
2026-07-11 11:34:05.727696,METER-ML-1001,6.8,222.8,32.8,0.931,0,NORMAL
2026-07-11 12:34:05.727696,METER-ML-1001,6.34,228.08,28.43,0.978,0,NORMAL
2026-07-11 13:34:05.727696,METER-ML-1001,5.641,231.55,28.04,0.869,0,NORMAL
2026-07-11 14:34:05.727696,METER-ML-1001,4.842,230.1,24.53,0.858,0,NORMAL
2026-07-11 15:34:05.727696,METER-ML-1001,5.393,230.1,25.7,0.912,0,NORMAL
2026-07-11 16:34:05.727696,METER-ML-1001,4.76,229.89,22.49,0.921,0,NORMAL
2026-07-11 17:34:05.727696,METER-ML-1001,4.967,229.65,24.8,0.872,0,NORMAL
2026-07-11 18:34:05.727696,METER-ML-1001,4.04,232.22,18.9,0.921,0,NORMAL
2026-07-11 19:34:05.727696,METER-ML-1001,3.134,230.41,15.11,0.9,0,NORMAL
2026-07-11 20:34:05.727696,METER-ML-1001,3.336,227.97,16.16,0.906,0,NORMAL
2026-07-11 21:34:05.727696,METER-ML-1001,3.336,229.79,16.07,0.903,0,NORMAL
2026-07-11 22:34:05.727696,METER-ML-1001,1.826,232.74,8.72,0.9,0,NORMAL
2026-07-11 23:34:05.727696,METER-ML-1001,2.383,230.76,11.34,0.91,0,NORMAL
2026-07-12 00:34:05.727696,METER-ML-1001,4.141,232.81,18.81,0.946,0,NORMAL
2026-07-12 01:34:05.727696,METER-ML-1001,2.694,235.67,12.47,0.917,0,NORMAL
2026-07-12 02:34:05.727696,METER-ML-1001,3.622,229.22,17.19,0.919,0,NORMAL
2026-07-12 03:34:05.727696,METER-ML-1001,3.044,233.24,13.23,0.986,0,NORMAL
2026-07-12 04:34:05.727696,METER-ML-1001,3.822,228.55,17.77,0.941,0,NORMAL
2026-07-12 05:34:05.727696,METER-ML-1001,4.725,234.8,23.11,0.871,0,NORMAL
2026-07-12 06:34:05.727696,METER-ML-1001,4.495,230.68,21.91,0.889,0,NORMAL
2026-07-12 07:34:05.727696,METER-ML-1001,4.839,228.25,22.02,0.963,0,NORMAL
2026-07-12 08:34:05.727696,METER-ML-1001,5.534,230.98,26.88,0.891,0,NORMAL
2026-07-12 09:34:05.727696,METER-ML-1001,5.7,232.67,25.68,0.954,0,NORMAL
2026-07-12 10:34:05.727696,METER-ML-1001,6.108,227.53,30.72,0.874,0,NORMAL
2026-07-12 11:34:05.727696,METER-ML-1001,5.943,229.67,28.35,0.913,0,NORMAL
2026-07-12 12:34:05.727696,METER-ML-1001,5.888,228.93,27.39,0.939,0,NORMAL
2026-07-12 13:34:05.727696,METER-ML-1001,31.464,228.73,149.28,0.921,1,SURCHARGE_ANORMALE
2026-07-12 14:34:05.727696,METER-ML-1001,6.246,230.28,28.42,0.954,0,NORMAL
2026-07-12 15:34:05.727696,METER-ML-1001,5.361,230.58,24.93,0.933,0,NORMAL
2026-07-12 16:34:05.727696,METER-ML-1001,5.12,230.78,23.18,0.957,0,NORMAL
2026-07-12 17:34:05.727696,METER-ML-1001,4.245,232.27,19.35,0.944,0,NORMAL
2026-07-12 18:34:05.727696,METER-ML-1001,3.554,227.27,16.28,0.961,0,NORMAL
2026-07-12 19:34:05.727696,METER-ML-1001,4.234,234.24,19.97,0.905,0,NORMAL
2026-07-12 20:34:05.727696,METER-ML-1001,3.278,230.81,14.88,0.954,0,NORMAL
2026-07-12 21:34:05.727696,METER-ML-1001,2.628,226.21,11.81,0.984,0,NORMAL
2026-07-12 22:34:05.727696,METER-ML-1001,2.599,223.38,12.84,0.906,0,NORMAL
2026-07-12 23:34:05.727696,METER-ML-1001,2.036,230.42,9.81,0.901,0,NORMAL
2026-07-13 00:34:05.727696,METER-ML-1001,2.935,226.17,14.52,0.894,0,NORMAL
2026-07-13 01:34:05.727696,METER-ML-1001,18.198,230.48,93.84,0.841,1,SURCHARGE_ANORMALE
2026-07-13 02:34:05.727696,METER-ML-1001,2.767,228.64,13.18,0.918,0,NORMAL
2026-07-13 03:34:05.727696,METER-ML-1001,2.947,230.9,13.66,0.935,0,NORMAL
2026-07-13 04:34:05.727696,METER-ML-1001,2.964,231.09,14.67,0.874,0,NORMAL
2026-07-13 05:34:05.727696,METER-ML-1001,1.76,227.32,8.42,0.919,0,NORMAL
2026-07-13 06:34:05.727696,METER-ML-1001,3.958,229.24,18.45,0.936,0,NORMAL
2026-07-13 07:34:05.727696,METER-ML-1001,3.759,223.48,18.22,0.923,0,NORMAL
2026-07-13 08:34:05.727696,METER-ML-1001,4.139,232.78,19.51,0.911,0,NORMAL
2026-07-13 09:34:05.727696,METER-ML-1001,4.524,229.47,20.42,0.965,0,NORMAL
2026-07-13 10:34:05.727696,METER-ML-1001,4.667,226.62,22.51,0.915,0,NORMAL
2026-07-13 11:34:05.727696,METER-ML-1001,5.207,225.35,25.17,0.918,0,NORMAL
2026-07-13 12:34:05.727696,METER-ML-1001,5.787,228.8,27.25,0.928,0,NORMAL
2026-07-13 13:34:05.727696,METER-ML-1001,4.807,229.66,23.6,0.887,0,NORMAL
2026-07-13 14:34:05.727696,METER-ML-1001,4.694,229.78,21.92,0.932,0,NORMAL
2026-07-13 15:34:05.727696,METER-ML-1001,4.728,224.02,21.32,0.99,0,NORMAL
2026-07-13 16:34:05.727696,METER-ML-1001,4.751,224.52,25.5,0.83,0,NORMAL
2026-07-13 17:34:05.727696,METER-ML-1001,4.179,224.24,19.86,0.938,0,NORMAL
2026-07-13 18:34:05.727696,METER-ML-1001,3.606,227.81,16.93,0.935,0,NORMAL
2026-07-13 19:34:05.727696,METER-ML-1001,2.032,227.97,9.77,0.912,0,NORMAL
2026-07-13 20:34:05.727696,METER-ML-1001,0.045,223.49,0.1,0.921,1,CHUTE_SUSPECTE_FRAUDE
2026-07-13 21:34:05.727696,METER-ML-1001,2.724,233.82,12.3,0.947,0,NORMAL
2026-07-13 22:34:05.727696,METER-ML-1001,2.393,223.69,12.61,0.848,0,NORMAL
2026-07-13 23:34:05.727696,METER-ML-1001,2.451,238.79,11.17,0.919,0,NORMAL
2026-07-14 00:34:05.727696,METER-ML-1001,3.559,231.47,16.56,0.928,0,NORMAL
2026-07-14 01:34:05.727696,METER-ML-1001,2.815,234.5,13.31,0.902,0,NORMAL
2026-07-14 02:34:05.727696,METER-ML-1001,2.187,225.87,10.05,0.963,0,NORMAL
2026-07-14 03:34:05.727696,METER-ML-1001,2.673,231.24,12.03,0.961,0,NORMAL
2026-07-14 04:34:05.727696,METER-ML-1001,2.576,232.45,12.04,0.921,0,NORMAL
2026-07-14 05:34:05.727696,METER-ML-1001,2.195,219.83,10.65,0.938,0,NORMAL
2026-07-14 06:34:05.727696,METER-ML-1001,3.992,230.74,18.68,0.926,0,NORMAL
2026-07-14 07:34:05.727696,METER-ML-1001,3.513,235.71,15.88,0.939,0,NORMAL
2026-07-14 08:34:05.727696,METER-ML-1001,4.275,226.89,19.84,0.95,0,NORMAL
2026-07-14 09:34:05.727696,METER-ML-1001,4.508,227.37,22.46,0.883,0,NORMAL
2026-07-14 10:34:05.727696,METER-ML-1001,4.837,231.73,22.48,0.929,0,NORMAL
2026-07-14 11:34:05.727696,METER-ML-1001,4.212,233.29,20.22,0.893,0,NORMAL
2026-07-14 12:34:05.727696,METER-ML-1001,5.009,228.17,24.97,0.879,0,NORMAL
2026-07-14 13:34:05.727696,METER-ML-1001,4.579,226.48,22.4,0.902,0,NORMAL
2026-07-14 14:34:05.727696,METER-ML-1001,4.834,231.27,21.27,0.983,0,NORMAL
2026-07-14 15:34:05.727696,METER-ML-1001,4.018,232.73,19.47,0.887,0,NORMAL
2026-07-14 16:34:05.727696,METER-ML-1001,4.0,230.71,19.13,0.906,0,NORMAL
2026-07-14 17:34:05.727696,METER-ML-1001,4.024,227.12,18.84,0.94,0,NORMAL
2026-07-14 18:34:05.727696,METER-ML-1001,2.968,229.27,13.54,0.956,0,NORMAL
2026-07-14 19:34:05.727696,METER-ML-1001,2.563,228.66,12.46,0.9,0,NORMAL
2026-07-14 20:34:05.727696,METER-ML-1001,2.642,225.22,13.17,0.891,0,NORMAL
2026-07-14 21:34:05.727696,METER-ML-1001,2.783,231.03,13.12,0.918,0,NORMAL
2026-07-14 22:34:05.727696,METER-ML-1001,2.011,232.56,9.46,0.914,0,NORMAL
2026-07-14 23:34:05.727696,METER-ML-1001,1.927,235.37,8.89,0.921,0,NORMAL
2026-07-15 00:34:05.727696,METER-ML-1001,2.648,233.52,12.8,0.886,0,NORMAL
2026-07-15 01:34:05.727696,METER-ML-1001,3.263,223.98,16.32,0.893,0,NORMAL
2026-07-15 02:34:05.727696,METER-ML-1001,2.507,233.63,11.89,0.902,0,NORMAL
2026-07-15 03:34:05.727696,METER-ML-1001,3.172,233.26,14.27,0.953,0,NORMAL
2026-07-15 04:34:05.727696,METER-ML-1001,3.084,225.96,14.48,0.943,0,NORMAL
2026-07-15 05:34:05.727696,METER-ML-1001,2.892,231.48,12.92,0.967,0,NORMAL
2026-07-15 06:34:05.727696,METER-ML-1001,2.736,228.89,12.61,0.948,0,NORMAL
2026-07-15 07:34:05.727696,METER-ML-1001,4.027,231.13,17.63,0.988,0,NORMAL
2026-07-15 08:34:05.727696,METER-ML-1001,4.293,224.46,21.45,0.892,0,NORMAL
2026-07-15 09:34:05.727696,METER-ML-1001,4.398,225.96,21.76,0.895,0,NORMAL
2026-07-15 10:34:05.727696,METER-ML-1001,5.023,232.51,23.31,0.927,0,NORMAL
2026-07-15 11:34:05.727696,METER-ML-1001,4.881,228.56,23.0,0.929,0,NORMAL
2026-07-15 12:34:05.727696,METER-ML-1001,5.172,234.18,24.48,0.902,0,NORMAL
2026-07-15 13:34:05.727696,METER-ML-1001,5.85,230.34,27.9,0.91,0,NORMAL
2026-07-15 14:34:05.727696,METER-ML-1001,4.164,228.09,20.58,0.887,0,NORMAL
2026-07-15 15:34:05.727696,METER-ML-1001,4.677,228.25,21.96,0.933,0,NORMAL
2026-07-15 16:34:05.727696,METER-ML-1001,3.363,237.15,15.27,0.929,0,NORMAL
2026-07-15 17:34:05.727696,METER-ML-1001,3.639,231.49,16.49,0.953,0,NORMAL
2026-07-15 18:34:05.727696,METER-ML-1001,3.319,228.58,16.14,0.899,0,NORMAL
2026-07-15 19:34:05.727696,METER-ML-1001,2.601,233.93,11.94,0.931,0,NORMAL
2026-07-15 20:34:05.727696,METER-ML-1001,2.942,228.14,13.64,0.945,0,NORMAL
2026-07-15 21:34:05.727696,METER-ML-1001,10.404,231.12,49.19,0.915,1,SURCHARGE_ANORMALE
2026-07-15 22:34:05.727696,METER-ML-1001,2.458,233.75,11.77,0.894,0,NORMAL
2026-07-15 23:34:05.727696,METER-ML-1001,2.252,228.1,10.76,0.918,0,NORMAL
2026-07-16 00:34:05.727696,METER-ML-1001,3.028,233.07,14.44,0.9,0,NORMAL
2026-07-16 01:34:05.727696,METER-ML-1001,2.787,232.72,13.04,0.918,0,NORMAL
2026-07-16 02:34:05.727696,METER-ML-1001,2.917,223.18,14.37,0.909,0,NORMAL
2026-07-16 03:34:05.727696,METER-ML-1001,1.924,233.94,8.59,0.958,0,NORMAL
2026-07-16 04:34:05.727696,METER-ML-1001,13.911,226.04,66.14,0.931,1,SURCHARGE_ANORMALE
2026-07-16 05:34:05.727696,METER-ML-1001,2.474,229.56,11.36,0.949,0,NORMAL
2026-07-16 06:34:05.727696,METER-ML-1001,3.652,228.03,17.73,0.903,0,NORMAL
2026-07-16 07:34:05.727696,METER-ML-1001,4.228,231.09,20.97,0.873,0,NORMAL
2026-07-16 08:34:05.727696,METER-ML-1001,4.533,232.38,22.63,0.862,0,NORMAL
2026-07-16 09:34:05.727696,METER-ML-1001,4.318,230.7,20.56,0.91,0,NORMAL
2026-07-16 10:34:05.727696,METER-ML-1001,0.057,228.26,0.1,0.954,1,CHUTE_SUSPECTE_FRAUDE
2026-07-16 11:34:05.727696,METER-ML-1001,5.129,228.12,23.67,0.95,0,NORMAL
2026-07-16 12:34:05.727696,METER-ML-1001,4.441,232.32,20.0,0.956,0,NORMAL
2026-07-16 13:34:05.727696,METER-ML-1001,5.75,226.3,27.06,0.939,0,NORMAL
2026-07-16 14:34:05.727696,METER-ML-1001,5.201,231.46,24.34,0.923,0,NORMAL
2026-07-16 15:34:05.727696,METER-ML-1001,4.777,236.54,21.1,0.957,0,NORMAL
2026-07-16 16:34:05.727696,METER-ML-1001,4.65,231.8,22.14,0.906,0,NORMAL
2026-07-16 17:34:05.727696,METER-ML-1001,16.655,230.7,78.68,0.918,1,SURCHARGE_ANORMALE
2026-07-16 18:34:05.727696,METER-ML-1001,3.224,231.94,15.12,0.919,0,NORMAL
2026-07-16 19:34:05.727696,METER-ML-1001,2.536,228.39,12.22,0.909,0,NORMAL
2026-07-16 20:34:05.727696,METER-ML-1001,3.164,230.0,14.76,0.932,0,NORMAL
2026-07-16 21:34:05.727696,METER-ML-1001,2.118,231.65,10.23,0.894,0,NORMAL
2026-07-16 22:34:05.727696,METER-ML-1001,1.941,233.77,9.71,0.855,0,NORMAL
2026-07-16 23:34:05.727696,METER-ML-1001,1.635,226.39,8.13,0.889,0,NORMAL
2026-07-17 00:34:05.727696,METER-ML-1001,2.178,231.45,10.3,0.914,0,NORMAL
2026-07-17 01:34:05.727696,METER-ML-1001,2.964,231.03,14.29,0.898,0,NORMAL
2026-07-17 02:34:05.727696,METER-ML-1001,3.075,229.76,15.13,0.884,0,NORMAL
2026-07-17 03:34:05.727696,METER-ML-1001,3.235,227.99,15.56,0.912,0,NORMAL
2026-07-17 04:34:05.727696,METER-ML-1001,2.741,226.81,13.32,0.907,0,NORMAL
2026-07-17 05:34:05.727696,METER-ML-1001,2.949,226.0,13.94,0.936,0,NORMAL
2026-07-17 06:34:05.727696,METER-ML-1001,3.367,233.76,15.41,0.935,0,NORMAL
2026-07-17 07:34:05.727696,METER-ML-1001,4.78,233.62,21.22,0.964,0,NORMAL
2026-07-17 08:34:05.727696,METER-ML-1001,4.291,228.07,20.34,0.925,0,NORMAL
2026-07-17 09:34:05.727696,METER-ML-1001,5.001,233.82,22.37,0.956,0,NORMAL
2026-07-17 10:34:05.727696,METER-ML-1001,5.158,227.77,24.44,0.927,0,NORMAL
2026-07-17 11:34:05.727696,METER-ML-1001,4.889,235.33,23.64,0.879,0,NORMAL
2026-07-17 12:34:05.727696,METER-ML-1001,4.333,227.91,20.42,0.931,0,NORMAL
2026-07-17 13:34:05.727696,METER-ML-1001,5.244,229.55,25.03,0.913,0,NORMAL
2026-07-17 14:34:05.727696,METER-ML-1001,0.063,232.94,0.1,0.946,1,CHUTE_SUSPECTE_FRAUDE
2026-07-17 15:34:05.727696,METER-ML-1001,4.236,230.97,20.13,0.911,0,NORMAL
2026-07-17 16:34:05.727696,METER-ML-1001,3.884,158.09,18.42,0.564,1,ANOMALIE_TENSION_FP
2026-07-17 17:34:05.727696,METER-ML-1001,4.038,232.98,19.62,0.883,0,NORMAL
2026-07-17 18:34:05.727696,METER-ML-1001,3.564,233.01,16.84,0.908,0,NORMAL
2026-07-17 19:34:05.727696,METER-ML-1001,3.301,227.91,15.9,0.911,0,NORMAL
2026-07-17 20:34:05.727696,METER-ML-1001,2.632,234.08,12.33,0.912,0,NORMAL
2026-07-17 21:34:05.727696,METER-ML-1001,2.236,225.88,10.16,0.975,0,NORMAL
2026-07-17 22:34:05.727696,METER-ML-1001,2.127,229.4,9.85,0.942,0,NORMAL
2026-07-17 23:34:05.727696,METER-ML-1001,2.168,229.34,9.89,0.956,0,NORMAL
2026-07-18 00:34:05.727696,METER-ML-1001,3.005,231.92,13.48,0.961,0,NORMAL
2026-07-18 01:34:05.727696,METER-ML-1001,2.712,231.91,13.68,0.855,0,NORMAL
2026-07-18 02:34:05.727696,METER-ML-1001,4.02,229.62,18.21,0.961,0,NORMAL
2026-07-18 03:34:05.727696,METER-ML-1001,3.223,229.24,14.83,0.948,0,NORMAL
2026-07-18 04:34:05.727696,METER-ML-1001,2.816,236.41,13.26,0.898,0,NORMAL
2026-07-18 05:34:05.727696,METER-ML-1001,3.053,230.24,15.43,0.859,0,NORMAL
2026-07-18 06:34:05.727696,METER-ML-1001,0.059,233.63,0.1,0.903,1,CHUTE_SUSPECTE_FRAUDE
2026-07-18 07:34:05.727696,METER-ML-1001,26.155,234.01,133.87,0.835,1,SURCHARGE_ANORMALE
2026-07-18 08:34:05.727696,METER-ML-1001,5.975,228.56,27.8,0.94,0,NORMAL
2026-07-18 09:34:05.727696,METER-ML-1001,5.272,227.66,25.79,0.898,0,NORMAL
2026-07-18 10:34:05.727696,METER-ML-1001,5.686,234.2,25.88,0.938,0,NORMAL
2026-07-18 11:34:05.727696,METER-ML-1001,5.823,227.62,30.73,0.833,0,NORMAL
2026-07-18 12:34:05.727696,METER-ML-1001,5.371,234.6,24.89,0.92,0,NORMAL
2026-07-18 13:34:05.727696,METER-ML-1001,6.098,232.85,28.35,0.924,0,NORMAL
2026-07-18 14:34:05.727696,METER-ML-1001,6.672,228.63,31.96,0.913,0,NORMAL
2026-07-18 15:34:05.727696,METER-ML-1001,6.813,224.34,33.26,0.913,0,NORMAL
2026-07-18 16:34:05.727696,METER-ML-1001,5.35,229.53,23.63,0.986,0,NORMAL
2026-07-18 17:34:05.727696,METER-ML-1001,5.007,228.9,24.53,0.892,0,NORMAL
2026-07-18 18:34:05.727696,METER-ML-1001,3.837,237.37,17.98,0.899,0,NORMAL
2026-07-18 19:34:05.727696,METER-ML-1001,4.138,232.51,19.45,0.915,0,NORMAL
2026-07-18 20:34:05.727696,METER-ML-1001,3.642,220.82,18.68,0.883,0,NORMAL
2026-07-18 21:34:05.727696,METER-ML-1001,3.461,231.68,16.82,0.888,0,NORMAL
2026-07-18 22:34:05.727696,METER-ML-1001,3.162,232.56,14.3,0.951,0,NORMAL
2026-07-18 23:34:05.727696,METER-ML-1001,3.286,229.19,15.88,0.903,0,NORMAL
2026-07-19 00:34:05.727696,METER-ML-1001,3.805,233.96,18.08,0.9,0,NORMAL
2026-07-19 01:34:05.727696,METER-ML-1001,3.017,178.97,14.81,0.468,1,ANOMALIE_TENSION_FP
2026-07-19 02:34:05.727696,METER-ML-1001,3.831,231.84,18.07,0.914,0,NORMAL
2026-07-19 03:34:05.727696,METER-ML-1001,3.279,228.31,15.55,0.924,0,NORMAL
2026-07-19 04:34:05.727696,METER-ML-1001,2.898,224.94,13.7,0.94,0,NORMAL
2026-07-19 05:34:05.727696,METER-ML-1001,3.652,229.57,16.96,0.938,0,NORMAL
2026-07-19 06:34:05.727696,METER-ML-1001,4.733,229.86,22.83,0.902,0,NORMAL
2026-07-19 07:34:05.727696,METER-ML-1001,5.024,228.38,23.33,0.943,0,NORMAL
2026-07-19 08:34:05.727696,METER-ML-1001,6.321,234.14,28.67,0.942,0,NORMAL
2026-07-19 09:34:05.727696,METER-ML-1001,5.601,222.88,25.55,0.983,0,NORMAL
2026-07-19 10:34:05.727696,METER-ML-1001,5.934,228.29,26.86,0.968,0,NORMAL
2026-07-19 11:34:05.727696,METER-ML-1001,6.022,231.42,29.2,0.891,0,NORMAL
2026-07-19 12:34:05.727696,METER-ML-1001,6.214,233.35,29.71,0.896,0,NORMAL
2026-07-19 13:34:05.727696,METER-ML-1001,6.029,232.69,28.75,0.901,0,NORMAL
2026-07-19 14:34:05.727696,METER-ML-1001,5.834,231.45,26.03,0.968,0,NORMAL
2026-07-19 15:34:05.727696,METER-ML-1001,5.41,237.0,23.27,0.981,0,NORMAL
2026-07-19 16:34:05.727696,METER-ML-1001,5.704,229.1,27.27,0.913,0,NORMAL
2026-07-19 17:34:05.727696,METER-ML-1001,4.545,231.37,21.82,0.9,0,NORMAL
2026-07-19 18:34:05.727696,METER-ML-1001,3.555,234.48,16.85,0.9,0,NORMAL
2026-07-19 19:34:05.727696,METER-ML-1001,4.155,232.73,20.04,0.891,0,NORMAL
2026-07-19 20:34:05.727696,METER-ML-1001,2.897,230.87,14.19,0.885,0,NORMAL
2026-07-19 21:34:05.727696,METER-ML-1001,2.88,228.59,13.58,0.928,0,NORMAL
2026-07-19 22:34:05.727696,METER-ML-1001,3.025,230.07,15.46,0.85,0,NORMAL
2026-07-19 23:34:05.727696,METER-ML-1001,2.911,218.54,14.88,0.895,0,NORMAL
2026-07-20 00:34:05.727696,METER-ML-1001,2.923,231.02,14.56,0.869,0,NORMAL
2026-07-20 01:34:05.727696,METER-ML-1001,2.42,224.73,11.55,0.933,0,NORMAL
2026-07-20 02:34:05.727696,METER-ML-1001,1.976,229.4,9.44,0.912,0,NORMAL
2026-07-20 03:34:05.727696,METER-ML-1001,2.652,226.9,12.92,0.904,0,NORMAL
2026-07-20 04:34:05.727696,METER-ML-1001,3.006,223.18,15.69,0.858,0,NORMAL
2026-07-20 05:34:05.727696,METER-ML-1001,3.107,229.65,14.53,0.931,0,NORMAL
2026-07-20 06:34:05.727696,METER-ML-1001,3.457,224.41,17.16,0.898,0,NORMAL
2026-07-20 07:34:05.727696,METER-ML-1001,4.211,229.8,20.14,0.91,0,NORMAL
2026-07-20 08:34:05.727696,METER-ML-1001,4.614,223.3,21.99,0.94,0,NORMAL
2026-07-20 09:34:05.727696,METER-ML-1001,4.301,228.76,20.16,0.932,0,NORMAL
2026-07-20 10:34:05.727696,METER-ML-1001,5.389,226.94,25.29,0.939,0,NORMAL
2026-07-20 11:34:05.727696,METER-ML-1001,4.899,229.9,24.21,0.88,0,NORMAL
2026-07-20 12:34:05.727696,METER-ML-1001,5.037,230.84,23.65,0.923,0,NORMAL
2026-07-20 13:34:05.727696,METER-ML-1001,5.33,233.52,23.81,0.958,0,NORMAL
2026-07-20 14:34:05.727696,METER-ML-1001,5.208,225.85,24.6,0.938,0,NORMAL
2026-07-20 15:34:05.727696,METER-ML-1001,4.87,227.16,23.66,0.906,0,NORMAL
2026-07-20 16:34:05.727696,METER-ML-1001,0.041,227.71,0.1,0.896,1,CHUTE_SUSPECTE_FRAUDE
2026-07-20 17:34:05.727696,METER-ML-1001,3.98,230.65,18.4,0.938,0,NORMAL
2026-07-20 18:34:05.727696,METER-ML-1001,2.691,228.15,13.06,0.903,0,NORMAL
2026-07-20 19:34:05.727696,METER-ML-1001,3.365,238.18,15.48,0.913,0,NORMAL
2026-07-20 20:34:05.727696,METER-ML-1001,3.284,238.2,14.57,0.946,0,NORMAL
2026-07-20 21:34:05.727696,METER-ML-1001,2.881,229.03,13.55,0.928,0,NORMAL
2026-07-20 22:34:05.727696,METER-ML-1001,1.988,225.27,9.62,0.918,0,NORMAL
2026-07-20 23:34:05.727696,METER-ML-1001,1.439,228.13,6.82,0.925,0,NORMAL
2026-07-21 00:34:05.727696,METER-ML-1001,4.043,234.76,19.51,0.883,0,NORMAL
2026-07-21 01:34:05.727696,METER-ML-1001,2.905,233.04,14.34,0.869,0,NORMAL
2026-07-21 02:34:05.727696,METER-ML-1001,2.539,233.39,11.45,0.95,0,NORMAL
2026-07-21 03:34:05.727696,METER-ML-1001,3.361,230.6,15.64,0.932,0,NORMAL
2026-07-21 04:34:05.727696,METER-ML-1001,3.065,228.34,14.97,0.897,0,NORMAL
2026-07-21 05:34:05.727696,METER-ML-1001,3.456,227.57,16.37,0.928,0,NORMAL
2026-07-21 06:34:05.727696,METER-ML-1001,3.233,225.73,15.86,0.903,0,NORMAL
2026-07-21 07:34:05.727696,METER-ML-1001,3.9,229.11,19.11,0.891,0,NORMAL
2026-07-21 08:34:05.727696,METER-ML-1001,4.58,232.11,21.73,0.908,0,NORMAL
2026-07-21 09:34:05.727696,METER-ML-1001,4.215,231.33,20.1,0.907,0,NORMAL
2026-07-21 10:34:05.727696,METER-ML-1001,4.662,225.96,22.23,0.928,0,NORMAL
2026-07-21 11:34:05.727696,METER-ML-1001,4.681,234.66,23.08,0.864,0,NORMAL
2026-07-21 12:34:05.727696,METER-ML-1001,4.553,230.74,20.73,0.952,0,NORMAL
2026-07-21 13:34:05.727696,METER-ML-1001,4.86,233.12,22.4,0.931,0,NORMAL
2026-07-21 14:34:05.727696,METER-ML-1001,5.526,231.07,25.51,0.938,0,NORMAL
2026-07-21 15:34:05.727696,METER-ML-1001,5.188,232.28,23.6,0.946,0,NORMAL
2026-07-21 16:34:05.727696,METER-ML-1001,3.796,229.5,17.36,0.953,0,NORMAL
2026-07-21 17:34:05.727696,METER-ML-1001,3.074,233.39,14.1,0.934,0,NORMAL
2026-07-21 18:34:05.727696,METER-ML-1001,3.563,234.3,16.02,0.949,0,NORMAL
2026-07-21 19:34:05.727696,METER-ML-1001,2.614,237.72,11.5,0.956,0,NORMAL
2026-07-21 20:34:05.727696,METER-ML-1001,2.516,225.33,12.29,0.908,0,NORMAL
2026-07-21 21:34:05.727696,METER-ML-1001,2.675,235.35,12.21,0.931,0,NORMAL
2026-07-21 22:34:05.727696,METER-ML-1001,2.394,225.14,11.63,0.914,0,NORMAL
2026-07-21 23:34:05.727696,METER-ML-1001,2.537,226.03,12.26,0.915,0,NORMAL
2026-07-22 00:34:05.727696,METER-ML-1001,2.762,231.08,13.28,0.9,0,NORMAL
2026-07-22 01:34:05.727696,METER-ML-1001,2.718,233.62,12.93,0.899,0,NORMAL
2026-07-22 02:34:05.727696,METER-ML-1001,3.423,229.72,16.75,0.89,0,NORMAL
2026-07-22 03:34:05.727696,METER-ML-1001,1.977,231.54,10.02,0.853,0,NORMAL
2026-07-22 04:34:05.727696,METER-ML-1001,2.968,222.23,15.11,0.884,0,NORMAL
2026-07-22 05:34:05.727696,METER-ML-1001,3.167,230.51,14.8,0.928,0,NORMAL
2026-07-22 06:34:05.727696,METER-ML-1001,3.473,230.24,16.3,0.926,0,NORMAL
2026-07-22 07:34:05.727696,METER-ML-1001,4.907,227.66,23.6,0.913,0,NORMAL
2026-07-22 08:34:05.727696,METER-ML-1001,4.266,166.14,20.43,0.502,1,ANOMALIE_TENSION_FP
2026-07-22 09:34:05.727696,METER-ML-1001,4.603,232.83,22.1,0.895,0,NORMAL
2026-07-22 10:34:05.727696,METER-ML-1001,4.792,225.24,23.89,0.891,0,NORMAL
2026-07-22 11:34:05.727696,METER-ML-1001,4.679,233.67,21.42,0.935,0,NORMAL
2026-07-22 12:34:05.727696,METER-ML-1001,4.993,228.86,23.67,0.922,0,NORMAL
2026-07-22 13:34:05.727696,METER-ML-1001,29.733,230.03,141.59,0.913,1,SURCHARGE_ANORMALE
2026-07-22 14:34:05.727696,METER-ML-1001,4.878,231.73,22.39,0.94,0,NORMAL
2026-07-22 15:34:05.727696,METER-ML-1001,4.597,229.8,22.28,0.898,0,NORMAL
2026-07-22 16:34:05.727696,METER-ML-1001,3.323,224.13,17.14,0.865,0,NORMAL
2026-07-22 17:34:05.727696,METER-ML-1001,4.369,234.51,20.24,0.92,0,NORMAL
2026-07-22 18:34:05.727696,METER-ML-1001,3.765,229.34,17.71,0.927,0,NORMAL
2026-07-22 19:34:05.727696,METER-ML-1001,3.534,237.65,16.53,0.899,0,NORMAL
2026-07-22 20:34:05.727696,METER-ML-1001,2.462,233.37,11.79,0.895,0,NORMAL
2026-07-22 21:34:05.727696,METER-ML-1001,2.554,232.9,11.52,0.952,0,NORMAL
2026-07-22 22:34:05.727696,METER-ML-1001,2.257,223.69,11.21,0.9,0,NORMAL
2026-07-22 23:34:05.727696,METER-ML-1001,1.35,232.55,6.24,0.931,0,NORMAL
2026-07-23 00:34:05.727696,METER-ML-1001,2.682,232.59,12.48,0.924,0,NORMAL
2026-07-23 01:34:05.727696,METER-ML-1001,2.018,229.52,9.69,0.907,0,NORMAL
2026-07-23 02:34:05.727696,METER-ML-1001,2.304,228.46,11.68,0.863,0,NORMAL
2026-07-23 03:34:05.727696,METER-ML-1001,2.312,230.11,10.38,0.968,0,NORMAL
2026-07-23 04:34:05.727696,METER-ML-1001,2.535,229.81,12.16,0.907,0,NORMAL
2026-07-23 05:34:05.727696,METER-ML-1001,2.161,232.13,10.66,0.873,0,NORMAL
2026-07-23 06:34:05.727696,METER-ML-1001,4.179,230.3,18.66,0.972,0,NORMAL
2026-07-23 07:34:05.727696,METER-ML-1001,4.772,230.3,23.34,0.888,0,NORMAL
2026-07-23 08:34:05.727696,METER-ML-1001,4.346,228.52,20.35,0.935,0,NORMAL
2026-07-23 09:34:05.727696,METER-ML-1001,4.639,230.3,22.42,0.899,0,NORMAL
2026-07-23 10:34:05.727696,METER-ML-1001,5.112,229.03,23.91,0.934,0,NORMAL
2026-07-23 11:34:05.727696,METER-ML-1001,4.527,229.6,21.68,0.91,0,NORMAL
2026-07-23 12:34:05.727696,METER-ML-1001,5.187,230.45,23.84,0.944,0,NORMAL
2026-07-23 13:34:05.727696,METER-ML-1001,4.77,227.32,22.76,0.922,0,NORMAL
2026-07-23 14:34:05.727696,METER-ML-1001,5.143,234.17,23.5,0.934,0,NORMAL
2026-07-23 15:34:05.727696,METER-ML-1001,5.047,231.4,23.55,0.926,0,NORMAL
2026-07-23 16:34:05.727696,METER-ML-1001,4.342,226.41,20.68,0.927,0,NORMAL
2026-07-23 17:34:05.727696,METER-ML-1001,3.552,229.86,17.6,0.878,0,NORMAL
2026-07-23 18:34:05.727696,METER-ML-1001,3.068,223.36,14.58,0.942,0,NORMAL
2026-07-23 19:34:05.727696,METER-ML-1001,3.793,225.17,18.58,0.907,0,NORMAL
2026-07-23 20:34:05.727696,METER-ML-1001,2.682,226.72,13.14,0.9,0,NORMAL
2026-07-23 21:34:05.727696,METER-ML-1001,2.745,229.04,13.03,0.92,0,NORMAL
2026-07-23 22:34:05.727696,METER-ML-1001,2.498,232.33,11.82,0.91,0,NORMAL
2026-07-23 23:34:05.727696,METER-ML-1001,2.168,231.37,10.04,0.934,0,NORMAL
2026-07-24 00:34:05.727696,METER-ML-1001,3.045,228.42,14.7,0.907,0,NORMAL
2026-07-24 01:34:05.727696,METER-ML-1001,2.589,227.99,12.13,0.936,0,NORMAL
2026-07-24 02:34:05.727696,METER-ML-1001,2.642,233.7,12.21,0.926,0,NORMAL
2026-07-24 03:34:05.727696,METER-ML-1001,3.291,229.56,15.69,0.914,0,NORMAL
2026-07-24 04:34:05.727696,METER-ML-1001,2.771,233.46,13.44,0.883,0,NORMAL
2026-07-24 05:34:05.727696,METER-ML-1001,2.98,226.96,14.28,0.92,0,NORMAL
2026-07-24 06:34:05.727696,METER-ML-1001,3.095,230.03,15.61,0.862,0,NORMAL
2026-07-24 07:34:05.727696,METER-ML-1001,3.68,229.68,17.41,0.92,0,NORMAL
2026-07-24 08:34:05.727696,METER-ML-1001,3.959,234.91,18.93,0.89,0,NORMAL
2026-07-24 09:34:05.727696,METER-ML-1001,4.401,228.55,21.63,0.89,0,NORMAL
2026-07-24 10:34:05.727696,METER-ML-1001,0.088,233.82,0.1,0.967,1,CHUTE_SUSPECTE_FRAUDE
2026-07-24 11:34:05.727696,METER-ML-1001,4.213,230.77,20.14,0.907,0,NORMAL
2026-07-24 12:34:05.727696,METER-ML-1001,4.747,225.12,22.2,0.95,0,NORMAL
2026-07-24 13:34:05.727696,METER-ML-1001,5.082,228.71,23.99,0.926,0,NORMAL
2026-07-24 14:34:05.727696,METER-ML-1001,4.54,221.41,22.46,0.913,0,NORMAL
2026-07-24 15:34:05.727696,METER-ML-1001,5.198,233.6,24.45,0.91,0,NORMAL
2026-07-24 16:34:05.727696,METER-ML-1001,4.077,228.78,19.21,0.928,0,NORMAL
2026-07-24 17:34:05.727696,METER-ML-1001,3.888,238.34,17.27,0.945,0,NORMAL
2026-07-24 18:34:05.727696,METER-ML-1001,3.604,234.86,16.29,0.942,0,NORMAL
2026-07-24 19:34:05.727696,METER-ML-1001,3.198,231.26,14.79,0.935,0,NORMAL
2026-07-24 20:34:05.727696,METER-ML-1001,2.474,232.25,11.57,0.921,0,NORMAL
2026-07-24 21:34:05.727696,METER-ML-1001,1.569,229.21,7.67,0.892,0,NORMAL
2026-07-24 22:34:05.727696,METER-ML-1001,2.791,230.59,12.97,0.933,0,NORMAL
2026-07-24 23:34:05.727696,METER-ML-1001,1.924,236.33,8.7,0.935,0,NORMAL
2026-07-25 00:34:05.727696,METER-ML-1001,3.565,226.96,15.93,0.986,0,NORMAL
2026-07-25 01:34:05.727696,METER-ML-1001,3.562,230.63,16.34,0.945,0,NORMAL
2026-07-25 02:34:05.727696,METER-ML-1001,4.133,228.92,19.64,0.919,0,NORMAL
2026-07-25 03:34:05.727696,METER-ML-1001,4.073,227.9,20.47,0.873,0,NORMAL
2026-07-25 04:34:05.727696,METER-ML-1001,3.523,232.31,16.7,0.908,0,NORMAL
2026-07-25 05:34:05.727696,METER-ML-1001,3.766,228.37,18.83,0.876,0,NORMAL
2026-07-25 06:34:05.727696,METER-ML-1001,3.883,228.6,18.1,0.938,0,NORMAL
2026-07-25 07:34:05.727696,METER-ML-1001,3.912,234.38,18.61,0.897,0,NORMAL
2026-07-25 08:34:05.727696,METER-ML-1001,4.807,234.09,22.81,0.9,0,NORMAL
2026-07-25 09:34:05.727696,METER-ML-1001,5.769,233.82,27.31,0.904,0,NORMAL
2026-07-25 10:34:05.727696,METER-ML-1001,6.006,233.39,27.65,0.931,0,NORMAL
2026-07-25 11:34:05.727696,METER-ML-1001,5.239,225.8,24.66,0.941,0,NORMAL
2026-07-25 12:34:05.727696,METER-ML-1001,6.608,226.17,31.14,0.938,0,NORMAL
2026-07-25 13:34:05.727696,METER-ML-1001,5.015,227.76,23.43,0.94,0,NORMAL
2026-07-25 14:34:05.727696,METER-ML-1001,5.966,234.75,26.9,0.945,0,NORMAL
2026-07-25 15:34:05.727696,METER-ML-1001,6.135,227.88,28.42,0.947,0,NORMAL
2026-07-25 16:34:05.727696,METER-ML-1001,4.844,234.87,22.7,0.908,0,NORMAL
2026-07-25 17:34:05.727696,METER-ML-1001,3.843,230.28,17.7,0.943,0,NORMAL
2026-07-25 18:34:05.727696,METER-ML-1001,4.641,226.57,22.06,0.929,0,NORMAL
2026-07-25 19:34:05.727696,METER-ML-1001,3.932,229.55,19.15,0.894,0,NORMAL
2026-07-25 20:34:05.727696,METER-ML-1001,3.842,227.39,17.29,0.977,0,NORMAL
2026-07-25 21:34:05.727696,METER-ML-1001,2.312,227.7,11.13,0.912,0,NORMAL
2026-07-25 22:34:05.727696,METER-ML-1001,2.629,234.8,12.57,0.89,0,NORMAL
2026-07-25 23:34:05.727696,METER-ML-1001,2.319,233.79,10.71,0.926,0,NORMAL
2026-07-26 00:34:05.727696,METER-ML-1001,2.602,227.56,13.21,0.866,0,NORMAL
2026-07-26 01:34:05.727696,METER-ML-1001,3.632,230.9,16.46,0.956,0,NORMAL
2026-07-26 02:34:05.727696,METER-ML-1001,2.892,226.58,14.01,0.911,0,NORMAL
2026-07-26 03:34:05.727696,METER-ML-1001,3.23,228.78,14.97,0.943,0,NORMAL
2026-07-26 04:34:05.727696,METER-ML-1001,3.536,233.2,16.62,0.912,0,NORMAL
2026-07-26 05:34:05.727696,METER-ML-1001,2.796,228.85,12.59,0.97,0,NORMAL
2026-07-26 06:34:05.727696,METER-ML-1001,4.198,228.3,19.59,0.939,0,NORMAL
2026-07-26 07:34:05.727696,METER-ML-1001,3.021,232.15,13.97,0.931,0,NORMAL
2026-07-26 08:34:05.727696,METER-ML-1001,5.37,231.24,24.23,0.958,0,NORMAL
2026-07-26 09:34:05.727696,METER-ML-1001,5.642,224.29,28.17,0.893,0,NORMAL
2026-07-26 10:34:05.727696,METER-ML-1001,5.531,228.98,26.86,0.899,0,NORMAL
2026-07-26 11:34:05.727696,METER-ML-1001,6.033,229.33,30.06,0.875,0,NORMAL
2026-07-26 12:34:05.727696,METER-ML-1001,6.383,232.81,31.7,0.865,0,NORMAL
2026-07-26 13:34:05.727696,METER-ML-1001,5.622,226.16,27.08,0.918,0,NORMAL
2026-07-26 14:34:05.727696,METER-ML-1001,5.758,236.49,26.08,0.933,0,NORMAL
2026-07-26 15:34:05.727696,METER-ML-1001,5.556,232.13,26.5,0.903,0,NORMAL
2026-07-26 16:34:05.727696,METER-ML-1001,5.491,226.24,25.8,0.941,0,NORMAL
2026-07-26 17:34:05.727696,METER-ML-1001,4.667,232.95,21.76,0.921,0,NORMAL
2026-07-26 18:34:05.727696,METER-ML-1001,4.082,226.39,20.31,0.888,0,NORMAL
2026-07-26 19:34:05.727696,METER-ML-1001,3.989,225.34,20.71,0.855,0,NORMAL
2026-07-26 20:34:05.727696,METER-ML-1001,3.898,224.83,18.57,0.934,0,NORMAL
2026-07-26 21:34:05.727696,METER-ML-1001,2.881,223.38,13.88,0.929,0,NORMAL
2026-07-26 22:34:05.727696,METER-ML-1001,2.862,225.61,13.79,0.92,0,NORMAL
2026-07-26 23:34:05.727696,METER-ML-1001,2.82,224.64,13.15,0.955,0,NORMAL
2026-07-27 00:34:05.727696,METER-ML-1001,2.278,229.01,10.61,0.938,0,NORMAL
2026-07-27 01:34:05.727696,METER-ML-1001,2.542,227.52,11.89,0.939,0,NORMAL
2026-07-27 02:34:05.727696,METER-ML-1001,3.085,229.81,15.07,0.891,0,NORMAL
2026-07-27 03:34:05.727696,METER-ML-1001,2.653,233.24,12.4,0.917,0,NORMAL
2026-07-27 04:34:05.727696,METER-ML-1001,2.744,221.58,14.13,0.876,0,NORMAL
2026-07-27 05:34:05.727696,METER-ML-1001,2.643,230.37,12.61,0.91,0,NORMAL
2026-07-27 06:34:05.727696,METER-ML-1001,3.729,231.26,19.15,0.842,0,NORMAL
2026-07-27 07:34:05.727696,METER-ML-1001,3.74,227.89,18.21,0.901,0,NORMAL
2026-07-27 08:34:05.727696,METER-ML-1001,4.146,226.06,19.8,0.926,0,NORMAL
2026-07-27 09:34:05.727696,METER-ML-1001,4.929,231.12,24.3,0.878,0,NORMAL
2026-07-27 10:34:05.727696,METER-ML-1001,4.82,228.31,21.99,0.96,0,NORMAL
2026-07-27 11:34:05.727696,METER-ML-1001,5.414,227.8,26.07,0.912,0,NORMAL
2026-07-27 12:34:05.727696,METER-ML-1001,4.27,229.06,20.27,0.92,0,NORMAL
2026-07-27 13:34:05.727696,METER-ML-1001,5.646,231.03,26.35,0.927,0,NORMAL
2026-07-27 14:34:05.727696,METER-ML-1001,4.895,227.94,23.76,0.904,0,NORMAL
2026-07-27 15:34:05.727696,METER-ML-1001,4.777,229.41,21.49,0.969,0,NORMAL
2026-07-27 16:34:05.727696,METER-ML-1001,4.56,222.54,21.44,0.956,0,NORMAL
2026-07-27 17:34:05.727696,METER-ML-1001,4.365,221.65,20.9,0.942,0,NORMAL
2026-07-27 18:34:05.727696,METER-ML-1001,3.012,233.39,13.41,0.962,0,NORMAL
2026-07-27 19:34:05.727696,METER-ML-1001,2.69,231.51,13.18,0.882,0,NORMAL
2026-07-27 20:34:05.727696,METER-ML-1001,3.295,222.14,15.33,0.967,0,NORMAL
2026-07-27 21:34:05.727696,METER-ML-1001,2.338,230.58,11.54,0.879,0,NORMAL
2026-07-27 22:34:05.727696,METER-ML-1001,2.381,231.01,11.44,0.901,0,NORMAL
2026-07-27 23:34:05.727696,METER-ML-1001,1.41,229.21,6.72,0.916,0,NORMAL
2026-07-28 00:34:05.727696,METER-ML-1001,3.532,233.01,16.61,0.912,0,NORMAL
2026-07-28 01:34:05.727696,METER-ML-1001,3.081,231.77,14.16,0.939,0,NORMAL
2026-07-28 02:34:05.727696,METER-ML-1001,3.057,222.11,15.3,0.9,0,NORMAL
2026-07-28 03:34:05.727696,METER-ML-1001,2.499,227.0,12.21,0.902,0,NORMAL
2026-07-28 04:34:05.727696,METER-ML-1001,2.659,231.9,12.55,0.913,0,NORMAL
2026-07-28 05:34:05.727696,METER-ML-1001,2.554,234.6,11.75,0.926,0,NORMAL
2026-07-28 06:34:05.727696,METER-ML-1001,3.746,234.55,17.69,0.903,0,NORMAL
2026-07-28 07:34:05.727696,METER-ML-1001,3.947,226.31,19.18,0.909,0,NORMAL
2026-07-28 08:34:05.727696,METER-ML-1001,4.571,224.3,23.16,0.88,0,NORMAL
2026-07-28 09:34:05.727696,METER-ML-1001,5.477,228.72,27.53,0.87,0,NORMAL
2026-07-28 10:34:05.727696,METER-ML-1001,5.311,232.27,23.59,0.969,0,NORMAL
2026-07-28 11:34:05.727696,METER-ML-1001,4.538,229.4,21.06,0.939,0,NORMAL
2026-07-28 12:34:05.727696,METER-ML-1001,5.484,229.87,25.29,0.943,0,NORMAL
2026-07-28 13:34:05.727696,METER-ML-1001,5.03,226.34,24.18,0.919,0,NORMAL
2026-07-28 14:34:05.727696,METER-ML-1001,5.02,229.12,22.35,0.981,0,NORMAL
2026-07-28 15:34:05.727696,METER-ML-1001,18.326,230.96,89.15,0.89,1,SURCHARGE_ANORMALE
2026-07-28 16:34:05.727696,METER-ML-1001,4.121,226.07,18.61,0.979,0,NORMAL
2026-07-28 17:34:05.727696,METER-ML-1001,3.517,225.28,16.96,0.92,0,NORMAL
2026-07-28 18:34:05.727696,METER-ML-1001,3.898,237.13,18.37,0.895,0,NORMAL
2026-07-28 19:34:05.727696,METER-ML-1001,3.66,227.74,19.18,0.838,0,NORMAL
2026-07-28 20:34:05.727696,METER-ML-1001,2.204,233.32,10.19,0.927,0,NORMAL
2026-07-28 21:34:05.727696,METER-ML-1001,2.702,233.94,13.31,0.868,0,NORMAL
2026-07-28 22:34:05.727696,METER-ML-1001,1.685,232.4,7.76,0.935,0,NORMAL
2026-07-28 23:34:05.727696,METER-ML-1001,1.983,231.47,9.24,0.927,0,NORMAL
2026-07-29 00:34:05.727696,METER-ML-1001,2.843,225.15,13.64,0.926,0,NORMAL
2026-05-30 00:34:05.727696,METER-ML-1002,4.135,230.33,20.2,0.889,0,NORMAL
2026-05-30 01:34:05.727696,METER-ML-1002,4.088,221.06,20.21,0.915,0,NORMAL
2026-05-30 02:34:05.727696,METER-ML-1002,4.177,229.7,19.65,0.925,0,NORMAL
2026-05-30 03:34:05.727696,METER-ML-1002,3.882,231.67,17.25,0.971,0,NORMAL
2026-05-30 04:34:05.727696,METER-ML-1002,4.287,235.21,19.12,0.953,0,NORMAL
2026-05-30 05:34:05.727696,METER-ML-1002,3.978,233.03,18.46,0.925,0,NORMAL
2026-05-30 06:34:05.727696,METER-ML-1002,5.377,228.96,26.8,0.876,0,NORMAL
2026-05-30 07:34:05.727696,METER-ML-1002,5.536,230.81,25.42,0.944,0,NORMAL
2026-05-30 08:34:05.727696,METER-ML-1002,5.865,223.25,28.93,0.908,0,NORMAL
2026-05-30 09:34:05.727696,METER-ML-1002,6.215,235.49,27.39,0.963,0,NORMAL
2026-05-30 10:34:05.727696,METER-ML-1002,7.243,224.11,35.47,0.911,0,NORMAL
2026-05-30 11:34:05.727696,METER-ML-1002,7.457,229.84,33.75,0.961,0,NORMAL
2026-05-30 12:34:05.727696,METER-ML-1002,6.711,230.87,31.61,0.92,0,NORMAL
2026-05-30 13:34:05.727696,METER-ML-1002,6.976,224.83,34.27,0.905,0,NORMAL
2026-05-30 14:34:05.727696,METER-ML-1002,6.103,227.45,28.49,0.942,0,NORMAL
2026-05-30 15:34:05.727696,METER-ML-1002,5.676,234.67,24.43,0.99,0,NORMAL
2026-05-30 16:34:05.727696,METER-ML-1002,6.156,234.49,32.25,0.814,0,NORMAL
2026-05-30 17:34:05.727696,METER-ML-1002,5.786,234.71,26.48,0.931,0,NORMAL
2026-05-30 18:34:05.727696,METER-ML-1002,4.994,229.48,23.27,0.935,0,NORMAL
2026-05-30 19:34:05.727696,METER-ML-1002,4.284,230.17,20.61,0.903,0,NORMAL
2026-05-30 20:34:05.727696,METER-ML-1002,3.616,229.26,16.38,0.963,0,NORMAL
2026-05-30 21:34:05.727696,METER-ML-1002,3.993,223.89,19.18,0.93,0,NORMAL
2026-05-30 22:34:05.727696,METER-ML-1002,3.172,231.0,14.86,0.924,0,NORMAL
2026-05-30 23:34:05.727696,METER-ML-1002,11.94,227.39,57.27,0.917,1,SURCHARGE_ANORMALE
2026-05-31 00:34:05.727696,METER-ML-1002,4.628,222.93,22.17,0.936,0,NORMAL
2026-05-31 01:34:05.727696,METER-ML-1002,4.801,231.05,23.17,0.897,0,NORMAL
2026-05-31 02:34:05.727696,METER-ML-1002,29.67,223.69,142.93,0.928,1,SURCHARGE_ANORMALE
2026-05-31 03:34:05.727696,METER-ML-1002,4.523,228.51,21.2,0.934,0,NORMAL
2026-05-31 04:34:05.727696,METER-ML-1002,4.208,163.33,20.03,0.451,1,ANOMALIE_TENSION_FP
2026-05-31 05:34:05.727696,METER-ML-1002,4.606,226.38,22.35,0.91,0,NORMAL
2026-05-31 06:34:05.727696,METER-ML-1002,4.079,230.48,19.27,0.918,0,NORMAL
2026-05-31 07:34:05.727696,METER-ML-1002,5.672,228.66,27.3,0.909,0,NORMAL
2026-05-31 08:34:05.727696,METER-ML-1002,6.477,232.03,29.01,0.962,0,NORMAL
2026-05-31 09:34:05.727696,METER-ML-1002,5.908,231.83,25.74,0.99,0,NORMAL
2026-05-31 10:34:05.727696,METER-ML-1002,6.927,228.66,32.71,0.926,0,NORMAL
2026-05-31 11:34:05.727696,METER-ML-1002,6.375,229.91,32.55,0.852,0,NORMAL
2026-05-31 12:34:05.727696,METER-ML-1002,6.933,229.31,34.02,0.889,0,NORMAL
2026-05-31 13:34:05.727696,METER-ML-1002,7.436,227.63,37.86,0.863,0,NORMAL
2026-05-31 14:34:05.727696,METER-ML-1002,6.916,230.38,32.97,0.91,0,NORMAL
2026-05-31 15:34:05.727696,METER-ML-1002,5.758,239.92,26.43,0.908,0,NORMAL
2026-05-31 16:34:05.727696,METER-ML-1002,6.221,232.44,29.91,0.895,0,NORMAL
2026-05-31 17:34:05.727696,METER-ML-1002,5.022,231.27,25.41,0.854,0,NORMAL
2026-05-31 18:34:05.727696,METER-ML-1002,5.365,231.6,23.57,0.983,0,NORMAL
2026-05-31 19:34:05.727696,METER-ML-1002,5.535,227.01,24.63,0.99,0,NORMAL
2026-05-31 20:34:05.727696,METER-ML-1002,3.186,224.31,16.81,0.845,0,NORMAL
2026-05-31 21:34:05.727696,METER-ML-1002,3.878,231.55,18.21,0.92,0,NORMAL
2026-05-31 22:34:05.727696,METER-ML-1002,3.39,231.79,16.24,0.901,0,NORMAL
2026-05-31 23:34:05.727696,METER-ML-1002,3.677,232.43,16.18,0.977,0,NORMAL
2026-06-01 00:34:05.727696,METER-ML-1002,2.742,221.94,13.59,0.909,0,NORMAL
2026-06-01 01:34:05.727696,METER-ML-1002,3.095,231.15,14.42,0.929,0,NORMAL
2026-06-01 02:34:05.727696,METER-ML-1002,3.88,230.77,18.79,0.895,0,NORMAL
2026-06-01 03:34:05.727696,METER-ML-1002,3.632,227.13,16.54,0.967,0,NORMAL
2026-06-01 04:34:05.727696,METER-ML-1002,2.929,225.63,14.23,0.912,0,NORMAL
2026-06-01 05:34:05.727696,METER-ML-1002,4.345,232.09,20.79,0.901,0,NORMAL
2026-06-01 06:34:05.727696,METER-ML-1002,4.249,227.91,21.44,0.87,0,NORMAL
2026-06-01 07:34:05.727696,METER-ML-1002,4.044,231.02,18.83,0.929,0,NORMAL
2026-06-01 08:34:05.727696,METER-ML-1002,5.378,230.65,25.69,0.907,0,NORMAL
2026-06-01 09:34:05.727696,METER-ML-1002,4.735,225.79,22.31,0.94,0,NORMAL
2026-06-01 10:34:05.727696,METER-ML-1002,5.218,231.25,25.52,0.884,0,NORMAL
2026-06-01 11:34:05.727696,METER-ML-1002,5.162,228.77,24.57,0.918,0,NORMAL
2026-06-01 12:34:05.727696,METER-ML-1002,6.385,226.77,31.18,0.903,0,NORMAL
2026-06-01 13:34:05.727696,METER-ML-1002,5.454,232.2,26.31,0.893,0,NORMAL
2026-06-01 14:34:05.727696,METER-ML-1002,6.289,222.22,31.29,0.904,0,NORMAL
2026-06-01 15:34:05.727696,METER-ML-1002,5.855,225.6,29.4,0.883,0,NORMAL
2026-06-01 16:34:05.727696,METER-ML-1002,5.495,156.32,26.72,0.446,1,ANOMALIE_TENSION_FP
2026-06-01 17:34:05.727696,METER-ML-1002,4.488,228.65,21.79,0.901,0,NORMAL
2026-06-01 18:34:05.727696,METER-ML-1002,4.445,225.24,20.62,0.957,0,NORMAL
2026-06-01 19:34:05.727696,METER-ML-1002,3.326,231.33,16.05,0.895,0,NORMAL
2026-06-01 20:34:05.727696,METER-ML-1002,3.74,224.22,18.4,0.907,0,NORMAL
2026-06-01 21:34:05.727696,METER-ML-1002,2.709,235.85,12.79,0.898,0,NORMAL
2026-06-01 22:34:05.727696,METER-ML-1002,2.728,232.5,12.85,0.913,0,NORMAL
2026-06-01 23:34:05.727696,METER-ML-1002,2.353,224.68,11.22,0.934,0,NORMAL
2026-06-02 00:34:05.727696,METER-ML-1002,4.014,165.38,19.01,0.48,1,ANOMALIE_TENSION_FP
2026-06-02 01:34:05.727696,METER-ML-1002,4.448,229.88,22.49,0.86,0,NORMAL
2026-06-02 02:34:05.727696,METER-ML-1002,3.341,229.38,17.49,0.833,0,NORMAL
2026-06-02 03:34:05.727696,METER-ML-1002,3.297,236.2,15.12,0.923,0,NORMAL
2026-06-02 04:34:05.727696,METER-ML-1002,3.799,229.18,18.56,0.893,0,NORMAL
2026-06-02 05:34:05.727696,METER-ML-1002,4.047,230.73,19.31,0.908,0,NORMAL
2026-06-02 06:34:05.727696,METER-ML-1002,4.556,234.38,21.02,0.925,0,NORMAL
2026-06-02 07:34:05.727696,METER-ML-1002,4.815,226.28,23.22,0.917,0,NORMAL
2026-06-02 08:34:05.727696,METER-ML-1002,5.354,232.35,24.91,0.925,0,NORMAL
2026-06-02 09:34:05.727696,METER-ML-1002,5.523,226.86,26.96,0.903,0,NORMAL
2026-06-02 10:34:05.727696,METER-ML-1002,5.999,230.36,30.61,0.851,0,NORMAL
2026-06-02 11:34:05.727696,METER-ML-1002,5.474,234.63,24.29,0.961,0,NORMAL
2026-06-02 12:34:05.727696,METER-ML-1002,6.578,225.38,30.95,0.943,0,NORMAL
2026-06-02 13:34:05.727696,METER-ML-1002,5.693,228.59,26.02,0.957,0,NORMAL
2026-06-02 14:34:05.727696,METER-ML-1002,5.661,227.9,26.01,0.955,0,NORMAL
2026-06-02 15:34:05.727696,METER-ML-1002,4.927,228.51,23.34,0.924,0,NORMAL
2026-06-02 16:34:05.727696,METER-ML-1002,4.852,227.49,22.59,0.944,0,NORMAL
2026-06-02 17:34:05.727696,METER-ML-1002,4.852,230.41,21.66,0.972,0,NORMAL
2026-06-02 18:34:05.727696,METER-ML-1002,3.971,227.16,17.78,0.983,0,NORMAL
2026-06-02 19:34:05.727696,METER-ML-1002,5.269,233.13,24.09,0.938,0,NORMAL
2026-06-02 20:34:05.727696,METER-ML-1002,3.929,231.18,18.84,0.902,0,NORMAL
2026-06-02 21:34:05.727696,METER-ML-1002,3.257,228.68,16.09,0.885,0,NORMAL
2026-06-02 22:34:05.727696,METER-ML-1002,3.118,235.79,14.09,0.939,0,NORMAL
2026-06-02 23:34:05.727696,METER-ML-1002,3.318,234.24,15.35,0.923,0,NORMAL
2026-06-03 00:34:05.727696,METER-ML-1002,3.197,235.57,15.03,0.903,0,NORMAL
2026-06-03 01:34:05.727696,METER-ML-1002,3.811,232.64,17.28,0.948,0,NORMAL
2026-06-03 02:34:05.727696,METER-ML-1002,3.122,233.02,14.48,0.925,0,NORMAL
2026-06-03 03:34:05.727696,METER-ML-1002,3.201,231.96,15.77,0.875,0,NORMAL
2026-06-03 04:34:05.727696,METER-ML-1002,4.069,226.7,19.86,0.904,0,NORMAL
2026-06-03 05:34:05.727696,METER-ML-1002,3.037,227.97,15.44,0.863,0,NORMAL
2026-06-03 06:34:05.727696,METER-ML-1002,4.142,229.79,19.31,0.933,0,NORMAL
2026-06-03 07:34:05.727696,METER-ML-1002,4.278,230.79,20.06,0.924,0,NORMAL
2026-06-03 08:34:05.727696,METER-ML-1002,5.894,229.48,27.07,0.949,0,NORMAL
2026-06-03 09:34:05.727696,METER-ML-1002,5.392,235.81,26.25,0.871,0,NORMAL
2026-06-03 10:34:05.727696,METER-ML-1002,6.047,228.89,28.61,0.923,0,NORMAL
2026-06-03 11:34:05.727696,METER-ML-1002,5.589,230.54,26.39,0.919,0,NORMAL
2026-06-03 12:34:05.727696,METER-ML-1002,5.695,224.28,27.99,0.907,0,NORMAL
2026-06-03 13:34:05.727696,METER-ML-1002,5.871,236.87,27.49,0.902,0,NORMAL
2026-06-03 14:34:05.727696,METER-ML-1002,5.251,232.87,23.87,0.945,0,NORMAL
2026-06-03 15:34:05.727696,METER-ML-1002,5.31,237.19,24.62,0.909,0,NORMAL
2026-06-03 16:34:05.727696,METER-ML-1002,5.155,230.01,23.2,0.966,0,NORMAL
2026-06-03 17:34:05.727696,METER-ML-1002,5.094,225.3,23.99,0.943,0,NORMAL
2026-06-03 18:34:05.727696,METER-ML-1002,4.517,231.19,20.25,0.965,0,NORMAL
2026-06-03 19:34:05.727696,METER-ML-1002,4.679,239.75,20.2,0.966,0,NORMAL
2026-06-03 20:34:05.727696,METER-ML-1002,3.803,230.17,17.55,0.942,0,NORMAL
2026-06-03 21:34:05.727696,METER-ML-1002,2.937,229.86,13.55,0.943,0,NORMAL
2026-06-03 22:34:05.727696,METER-ML-1002,3.393,233.04,16.08,0.905,0,NORMAL
2026-06-03 23:34:05.727696,METER-ML-1002,2.776,231.87,12.74,0.94,0,NORMAL
2026-06-04 00:34:05.727696,METER-ML-1002,3.668,235.98,17.33,0.897,0,NORMAL
2026-06-04 01:34:05.727696,METER-ML-1002,21.116,234.48,99.33,0.907,1,SURCHARGE_ANORMALE
2026-06-04 02:34:05.727696,METER-ML-1002,0.024,234.27,0.1,0.924,1,CHUTE_SUSPECTE_FRAUDE
2026-06-04 03:34:05.727696,METER-ML-1002,3.305,229.67,15.71,0.916,0,NORMAL
2026-06-04 04:34:05.727696,METER-ML-1002,3.92,177.09,18.26,0.428,1,ANOMALIE_TENSION_FP
2026-06-04 05:34:05.727696,METER-ML-1002,3.546,226.95,16.94,0.922,0,NORMAL
2026-06-04 06:34:05.727696,METER-ML-1002,4.656,232.47,21.61,0.927,0,NORMAL
2026-06-04 07:34:05.727696,METER-ML-1002,4.514,230.81,22.08,0.886,0,NORMAL
2026-06-04 08:34:05.727696,METER-ML-1002,5.251,228.79,26.57,0.864,0,NORMAL
2026-06-04 09:34:05.727696,METER-ML-1002,5.636,227.46,26.05,0.951,0,NORMAL
2026-06-04 10:34:05.727696,METER-ML-1002,5.154,227.33,24.34,0.932,0,NORMAL
2026-06-04 11:34:05.727696,METER-ML-1002,6.139,227.07,28.87,0.937,0,NORMAL
2026-06-04 12:34:05.727696,METER-ML-1002,5.724,231.62,27.98,0.883,0,NORMAL
2026-06-04 13:34:05.727696,METER-ML-1002,6.422,227.28,29.58,0.955,0,NORMAL
2026-06-04 14:34:05.727696,METER-ML-1002,6.259,227.12,30.21,0.912,0,NORMAL
2026-06-04 15:34:05.727696,METER-ML-1002,6.169,230.12,29.92,0.896,0,NORMAL
2026-06-04 16:34:05.727696,METER-ML-1002,4.652,230.1,21.96,0.921,0,NORMAL
2026-06-04 17:34:05.727696,METER-ML-1002,4.556,229.84,21.56,0.92,0,NORMAL
2026-06-04 18:34:05.727696,METER-ML-1002,4.635,234.65,20.03,0.986,0,NORMAL
2026-06-04 19:34:05.727696,METER-ML-1002,0.099,226.91,0.1,0.897,1,CHUTE_SUSPECTE_FRAUDE
2026-06-04 20:34:05.727696,METER-ML-1002,3.263,227.49,15.77,0.91,0,NORMAL
2026-06-04 21:34:05.727696,METER-ML-1002,3.59,231.57,16.94,0.915,0,NORMAL
2026-06-04 22:34:05.727696,METER-ML-1002,2.695,224.13,13.02,0.923,0,NORMAL
2026-06-04 23:34:05.727696,METER-ML-1002,2.97,233.05,14.44,0.882,0,NORMAL
2026-06-05 00:34:05.727696,METER-ML-1002,2.998,228.73,13.49,0.971,0,NORMAL
2026-06-05 01:34:05.727696,METER-ML-1002,3.546,231.53,17.14,0.893,0,NORMAL
2026-06-05 02:34:05.727696,METER-ML-1002,3.664,225.3,17.91,0.908,0,NORMAL
2026-06-05 03:34:05.727696,METER-ML-1002,3.548,225.76,16.24,0.968,0,NORMAL
2026-06-05 04:34:05.727696,METER-ML-1002,3.962,230.68,18.05,0.952,0,NORMAL
2026-06-05 05:34:05.727696,METER-ML-1002,3.587,227.38,16.92,0.933,0,NORMAL
2026-06-05 06:34:05.727696,METER-ML-1002,0.07,226.36,0.1,0.92,1,CHUTE_SUSPECTE_FRAUDE
2026-06-05 07:34:05.727696,METER-ML-1002,4.48,233.35,22.89,0.839,0,NORMAL
2026-06-05 08:34:05.727696,METER-ML-1002,5.051,228.21,24.36,0.909,0,NORMAL
2026-06-05 09:34:05.727696,METER-ML-1002,5.201,226.16,23.26,0.989,0,NORMAL
2026-06-05 10:34:05.727696,METER-ML-1002,0.046,235.53,0.1,0.884,1,CHUTE_SUSPECTE_FRAUDE
2026-06-05 11:34:05.727696,METER-ML-1002,6.204,230.44,29.72,0.906,0,NORMAL
2026-06-05 12:34:05.727696,METER-ML-1002,5.339,226.2,25.92,0.911,0,NORMAL
2026-06-05 13:34:05.727696,METER-ML-1002,5.704,234.8,25.41,0.956,0,NORMAL
2026-06-05 14:34:05.727696,METER-ML-1002,5.647,224.05,27.46,0.918,0,NORMAL
2026-06-05 15:34:05.727696,METER-ML-1002,4.851,153.91,22.19,0.559,1,ANOMALIE_TENSION_FP
2026-06-05 16:34:05.727696,METER-ML-1002,4.859,229.36,25.06,0.845,0,NORMAL
2026-06-05 17:34:05.727696,METER-ML-1002,5.157,221.71,24.65,0.944,0,NORMAL
2026-06-05 18:34:05.727696,METER-ML-1002,3.914,229.24,19.14,0.892,0,NORMAL
2026-06-05 19:34:05.727696,METER-ML-1002,3.632,231.97,16.66,0.94,0,NORMAL
2026-06-05 20:34:05.727696,METER-ML-1002,3.433,227.88,16.11,0.935,0,NORMAL
2026-06-05 21:34:05.727696,METER-ML-1002,3.503,234.92,16.88,0.883,0,NORMAL
2026-06-05 22:34:05.727696,METER-ML-1002,2.726,239.23,12.27,0.929,0,NORMAL
2026-06-05 23:34:05.727696,METER-ML-1002,2.021,228.59,9.38,0.943,0,NORMAL
2026-06-06 00:34:05.727696,METER-ML-1002,4.461,226.49,21.65,0.91,0,NORMAL
2026-06-06 01:34:05.727696,METER-ML-1002,4.461,230.49,20.93,0.925,0,NORMAL
2026-06-06 02:34:05.727696,METER-ML-1002,4.026,230.26,18.42,0.949,0,NORMAL
2026-06-06 03:34:05.727696,METER-ML-1002,4.2,230.92,20.28,0.897,0,NORMAL
2026-06-06 04:34:05.727696,METER-ML-1002,4.148,228.59,19.67,0.923,0,NORMAL
2026-06-06 05:34:05.727696,METER-ML-1002,4.296,228.4,21.16,0.889,0,NORMAL
2026-06-06 06:34:05.727696,METER-ML-1002,5.436,225.77,26.12,0.922,0,NORMAL
2026-06-06 07:34:05.727696,METER-ML-1002,6.088,233.15,29.26,0.892,0,NORMAL
2026-06-06 08:34:05.727696,METER-ML-1002,6.441,226.36,30.24,0.941,0,NORMAL
2026-06-06 09:34:05.727696,METER-ML-1002,6.828,232.33,30.52,0.963,0,NORMAL
2026-06-06 10:34:05.727696,METER-ML-1002,6.682,225.83,31.47,0.94,0,NORMAL
2026-06-06 11:34:05.727696,METER-ML-1002,6.625,228.78,32.4,0.894,0,NORMAL
2026-06-06 12:34:05.727696,METER-ML-1002,6.707,233.36,30.13,0.954,0,NORMAL
2026-06-06 13:34:05.727696,METER-ML-1002,7.033,232.72,31.51,0.959,0,NORMAL
2026-06-06 14:34:05.727696,METER-ML-1002,6.46,229.76,30.53,0.921,0,NORMAL
2026-06-06 15:34:05.727696,METER-ML-1002,7.502,227.25,35.09,0.941,0,NORMAL
2026-06-06 16:34:05.727696,METER-ML-1002,5.612,238.14,26.06,0.904,0,NORMAL
2026-06-06 17:34:05.727696,METER-ML-1002,5.697,233.41,26.18,0.932,0,NORMAL
2026-06-06 18:34:05.727696,METER-ML-1002,5.453,228.28,27.22,0.878,0,NORMAL
2026-06-06 19:34:05.727696,METER-ML-1002,4.834,224.58,23.81,0.904,0,NORMAL
2026-06-06 20:34:05.727696,METER-ML-1002,4.872,228.45,23.4,0.911,0,NORMAL
2026-06-06 21:34:05.727696,METER-ML-1002,3.826,228.28,18.46,0.908,0,NORMAL
2026-06-06 22:34:05.727696,METER-ML-1002,4.121,226.76,19.83,0.917,0,NORMAL
2026-06-06 23:34:05.727696,METER-ML-1002,3.962,232.18,19.61,0.87,0,NORMAL
2026-06-07 00:34:05.727696,METER-ML-1002,3.837,239.73,18.01,0.889,0,NORMAL
2026-06-07 01:34:05.727696,METER-ML-1002,4.327,228.8,20.97,0.902,0,NORMAL
2026-06-07 02:34:05.727696,METER-ML-1002,3.391,223.06,17.37,0.875,0,NORMAL
2026-06-07 03:34:05.727696,METER-ML-1002,4.769,231.77,21.92,0.939,0,NORMAL
2026-06-07 04:34:05.727696,METER-ML-1002,3.649,229.14,18.72,0.851,0,NORMAL
2026-06-07 05:34:05.727696,METER-ML-1002,4.157,228.39,19.58,0.929,0,NORMAL
2026-06-07 06:34:05.727696,METER-ML-1002,4.908,229.4,22.45,0.953,0,NORMAL
2026-06-07 07:34:05.727696,METER-ML-1002,5.713,231.51,27.05,0.912,0,NORMAL
2026-06-07 08:34:05.727696,METER-ML-1002,5.492,228.2,26.27,0.916,0,NORMAL
2026-06-07 09:34:05.727696,METER-ML-1002,5.898,231.54,26.23,0.971,0,NORMAL
2026-06-07 10:34:05.727696,METER-ML-1002,6.775,223.2,33.0,0.92,0,NORMAL
2026-06-07 11:34:05.727696,METER-ML-1002,6.506,236.05,29.04,0.949,0,NORMAL
2026-06-07 12:34:05.727696,METER-ML-1002,6.59,230.41,32.45,0.881,0,NORMAL
2026-06-07 13:34:05.727696,METER-ML-1002,0.093,231.04,0.1,0.881,1,CHUTE_SUSPECTE_FRAUDE
2026-06-07 14:34:05.727696,METER-ML-1002,7.235,228.72,33.83,0.935,0,NORMAL
2026-06-07 15:34:05.727696,METER-ML-1002,6.679,230.29,30.07,0.964,0,NORMAL
2026-06-07 16:34:05.727696,METER-ML-1002,5.638,231.54,26.55,0.917,0,NORMAL
2026-06-07 17:34:05.727696,METER-ML-1002,5.386,228.73,24.82,0.949,0,NORMAL
2026-06-07 18:34:05.727696,METER-ML-1002,5.885,231.72,27.81,0.913,0,NORMAL
2026-06-07 19:34:05.727696,METER-ML-1002,4.877,224.23,23.21,0.937,0,NORMAL
2026-06-07 20:34:05.727696,METER-ML-1002,3.92,234.73,18.43,0.906,0,NORMAL
2026-06-07 21:34:05.727696,METER-ML-1002,3.857,226.44,20.03,0.85,0,NORMAL
2026-06-07 22:34:05.727696,METER-ML-1002,3.503,230.47,16.7,0.91,0,NORMAL
2026-06-07 23:34:05.727696,METER-ML-1002,3.743,228.25,17.86,0.918,0,NORMAL
2026-06-08 00:34:05.727696,METER-ML-1002,4.177,225.16,19.59,0.947,0,NORMAL
2026-06-08 01:34:05.727696,METER-ML-1002,3.435,227.92,16.37,0.921,0,NORMAL
2026-06-08 02:34:05.727696,METER-ML-1002,3.905,229.05,17.97,0.949,0,NORMAL
2026-06-08 03:34:05.727696,METER-ML-1002,3.403,225.64,15.81,0.954,0,NORMAL
2026-06-08 04:34:05.727696,METER-ML-1002,3.139,227.56,14.94,0.924,0,NORMAL
2026-06-08 05:34:05.727696,METER-ML-1002,3.874,229.51,17.48,0.965,0,NORMAL
2026-06-08 06:34:05.727696,METER-ML-1002,3.909,227.03,19.01,0.906,0,NORMAL
2026-06-08 07:34:05.727696,METER-ML-1002,3.921,233.48,16.96,0.99,0,NORMAL
2026-06-08 08:34:05.727696,METER-ML-1002,5.231,233.63,25.08,0.893,0,NORMAL
2026-06-08 09:34:05.727696,METER-ML-1002,5.308,232.64,26.59,0.858,0,NORMAL
2026-06-08 10:34:05.727696,METER-ML-1002,5.962,232.46,25.91,0.99,0,NORMAL
2026-06-08 11:34:05.727696,METER-ML-1002,6.373,229.2,31.09,0.894,0,NORMAL
2026-06-08 12:34:05.727696,METER-ML-1002,5.938,233.35,27.07,0.94,0,NORMAL
2026-06-08 13:34:05.727696,METER-ML-1002,5.999,227.27,30.42,0.868,0,NORMAL
2026-06-08 14:34:05.727696,METER-ML-1002,5.292,231.54,26.0,0.879,0,NORMAL
2026-06-08 15:34:05.727696,METER-ML-1002,4.914,236.25,22.92,0.908,0,NORMAL
2026-06-08 16:34:05.727696,METER-ML-1002,5.353,234.44,24.43,0.935,0,NORMAL
2026-06-08 17:34:05.727696,METER-ML-1002,4.977,227.56,22.8,0.959,0,NORMAL
2026-06-08 18:34:05.727696,METER-ML-1002,3.729,227.33,18.01,0.911,0,NORMAL
2026-06-08 19:34:05.727696,METER-ML-1002,4.209,238.89,19.11,0.922,0,NORMAL
2026-06-08 20:34:05.727696,METER-ML-1002,4.291,228.78,20.44,0.918,0,NORMAL
2026-06-08 21:34:05.727696,METER-ML-1002,0.051,223.91,0.1,0.914,1,CHUTE_SUSPECTE_FRAUDE
2026-06-08 22:34:05.727696,METER-ML-1002,3.529,232.03,16.29,0.934,0,NORMAL
2026-06-08 23:34:05.727696,METER-ML-1002,2.823,230.24,13.12,0.935,0,NORMAL
2026-06-09 00:34:05.727696,METER-ML-1002,0.018,226.67,0.1,0.941,1,CHUTE_SUSPECTE_FRAUDE
2026-06-09 01:34:05.727696,METER-ML-1002,3.25,223.71,17.66,0.822,0,NORMAL
2026-06-09 02:34:05.727696,METER-ML-1002,4.089,230.29,19.54,0.909,0,NORMAL
2026-06-09 03:34:05.727696,METER-ML-1002,3.907,228.58,18.21,0.938,0,NORMAL
2026-06-09 04:34:05.727696,METER-ML-1002,3.781,231.39,18.21,0.898,0,NORMAL
2026-06-09 05:34:05.727696,METER-ML-1002,3.325,229.66,15.81,0.916,0,NORMAL
2026-06-09 06:34:05.727696,METER-ML-1002,4.41,229.62,20.14,0.953,0,NORMAL
2026-06-09 07:34:05.727696,METER-ML-1002,5.237,231.68,23.48,0.963,0,NORMAL
2026-06-09 08:34:05.727696,METER-ML-1002,4.976,229.92,22.99,0.941,0,NORMAL
2026-06-09 09:34:05.727696,METER-ML-1002,5.655,231.81,27.68,0.881,0,NORMAL
2026-06-09 10:34:05.727696,METER-ML-1002,5.748,237.5,26.72,0.906,0,NORMAL
2026-06-09 11:34:05.727696,METER-ML-1002,5.258,230.77,25.73,0.885,0,NORMAL
2026-06-09 12:34:05.727696,METER-ML-1002,5.475,228.99,25.78,0.927,0,NORMAL
2026-06-09 13:34:05.727696,METER-ML-1002,6.229,220.01,31.09,0.911,0,NORMAL
2026-06-09 14:34:05.727696,METER-ML-1002,6.278,226.92,29.81,0.928,0,NORMAL
2026-06-09 15:34:05.727696,METER-ML-1002,4.608,225.65,21.83,0.935,0,NORMAL
2026-06-09 16:34:05.727696,METER-ML-1002,5.731,228.23,27.85,0.902,0,NORMAL
2026-06-09 17:34:05.727696,METER-ML-1002,4.958,220.64,24.04,0.935,0,NORMAL
2026-06-09 18:34:05.727696,METER-ML-1002,3.963,229.79,19.85,0.869,0,NORMAL
2026-06-09 19:34:05.727696,METER-ML-1002,4.361,224.05,21.01,0.926,0,NORMAL
2026-06-09 20:34:05.727696,METER-ML-1002,3.295,232.39,14.94,0.949,0,NORMAL
2026-06-09 21:34:05.727696,METER-ML-1002,3.751,229.45,17.77,0.92,0,NORMAL
2026-06-09 22:34:05.727696,METER-ML-1002,3.303,233.81,14.27,0.99,0,NORMAL
2026-06-09 23:34:05.727696,METER-ML-1002,2.937,224.32,14.67,0.893,0,NORMAL
2026-06-10 00:34:05.727696,METER-ML-1002,2.759,227.71,14.12,0.859,0,NORMAL
2026-06-10 01:34:05.727696,METER-ML-1002,4.217,231.44,19.66,0.927,0,NORMAL
2026-06-10 02:34:05.727696,METER-ML-1002,3.157,228.62,15.39,0.897,0,NORMAL
2026-06-10 03:34:05.727696,METER-ML-1002,3.501,228.81,17.0,0.9,0,NORMAL
2026-06-10 04:34:05.727696,METER-ML-1002,3.665,228.61,17.45,0.919,0,NORMAL
2026-06-10 05:34:05.727696,METER-ML-1002,2.979,227.93,13.94,0.938,0,NORMAL
2026-06-10 06:34:05.727696,METER-ML-1002,3.907,231.94,18.88,0.892,0,NORMAL
2026-06-10 07:34:05.727696,METER-ML-1002,5.013,233.8,23.05,0.93,0,NORMAL
2026-06-10 08:34:05.727696,METER-ML-1002,4.837,225.56,22.2,0.966,0,NORMAL
2026-06-10 09:34:05.727696,METER-ML-1002,5.514,229.7,26.33,0.912,0,NORMAL
2026-06-10 10:34:05.727696,METER-ML-1002,5.854,233.02,29.95,0.839,0,NORMAL
2026-06-10 11:34:05.727696,METER-ML-1002,5.631,223.95,27.24,0.923,0,NORMAL
2026-06-10 12:34:05.727696,METER-ML-1002,5.824,230.84,28.03,0.9,0,NORMAL
2026-06-10 13:34:05.727696,METER-ML-1002,5.868,229.7,27.62,0.925,0,NORMAL
2026-06-10 14:34:05.727696,METER-ML-1002,5.784,230.11,28.14,0.893,0,NORMAL
2026-06-10 15:34:05.727696,METER-ML-1002,5.613,228.29,26.81,0.917,0,NORMAL
2026-06-10 16:34:05.727696,METER-ML-1002,4.667,230.06,21.95,0.924,0,NORMAL
2026-06-10 17:34:05.727696,METER-ML-1002,4.458,223.78,22.47,0.887,0,NORMAL
2026-06-10 18:34:05.727696,METER-ML-1002,23.013,231.66,110.51,0.899,1,SURCHARGE_ANORMALE
2026-06-10 19:34:05.727696,METER-ML-1002,3.624,227.94,16.57,0.959,0,NORMAL
2026-06-10 20:34:05.727696,METER-ML-1002,3.986,226.05,19.69,0.895,0,NORMAL
2026-06-10 21:34:05.727696,METER-ML-1002,3.268,232.8,15.34,0.915,0,NORMAL
2026-06-10 22:34:05.727696,METER-ML-1002,3.536,229.13,17.44,0.885,0,NORMAL
2026-06-10 23:34:05.727696,METER-ML-1002,2.894,228.62,13.46,0.941,0,NORMAL
2026-06-11 00:34:05.727696,METER-ML-1002,4.039,235.02,18.51,0.929,0,NORMAL
2026-06-11 01:34:05.727696,METER-ML-1002,3.279,228.59,15.63,0.918,0,NORMAL
2026-06-11 02:34:05.727696,METER-ML-1002,4.012,236.11,17.96,0.946,0,NORMAL
2026-06-11 03:34:05.727696,METER-ML-1002,3.186,235.81,14.04,0.962,0,NORMAL
2026-06-11 04:34:05.727696,METER-ML-1002,3.637,227.17,17.53,0.913,0,NORMAL
2026-06-11 05:34:05.727696,METER-ML-1002,3.713,227.54,18.79,0.868,0,NORMAL
2026-06-11 06:34:05.727696,METER-ML-1002,3.729,230.52,17.98,0.9,0,NORMAL
2026-06-11 07:34:05.727696,METER-ML-1002,4.597,231.33,21.4,0.929,0,NORMAL
2026-06-11 08:34:05.727696,METER-ML-1002,5.407,240.27,25.31,0.889,0,NORMAL
2026-06-11 09:34:05.727696,METER-ML-1002,5.374,233.22,25.64,0.899,0,NORMAL
2026-06-11 10:34:05.727696,METER-ML-1002,5.058,226.5,25.02,0.892,0,NORMAL
2026-06-11 11:34:05.727696,METER-ML-1002,5.892,228.27,28.51,0.905,0,NORMAL
2026-06-11 12:34:05.727696,METER-ML-1002,5.451,233.13,26.07,0.897,0,NORMAL
2026-06-11 13:34:05.727696,METER-ML-1002,5.731,224.73,26.79,0.952,0,NORMAL
2026-06-11 14:34:05.727696,METER-ML-1002,5.626,237.22,25.65,0.925,0,NORMAL
2026-06-11 15:34:05.727696,METER-ML-1002,5.421,229.96,25.42,0.927,0,NORMAL
2026-06-11 16:34:05.727696,METER-ML-1002,5.274,222.57,25.41,0.932,0,NORMAL
2026-06-11 17:34:05.727696,METER-ML-1002,4.369,236.34,19.63,0.942,0,NORMAL
2026-06-11 18:34:05.727696,METER-ML-1002,4.532,222.24,23.04,0.885,0,NORMAL
2026-06-11 19:34:05.727696,METER-ML-1002,4.265,225.45,20.71,0.914,0,NORMAL
2026-06-11 20:34:05.727696,METER-ML-1002,16.805,234.21,77.97,0.92,1,SURCHARGE_ANORMALE
2026-06-11 21:34:05.727696,METER-ML-1002,3.132,232.47,14.13,0.954,0,NORMAL
2026-06-11 22:34:05.727696,METER-ML-1002,3.542,229.69,17.01,0.906,0,NORMAL
2026-06-11 23:34:05.727696,METER-ML-1002,3.127,231.94,13.65,0.987,0,NORMAL
2026-06-12 00:34:05.727696,METER-ML-1002,3.248,229.01,14.82,0.957,0,NORMAL
2026-06-12 01:34:05.727696,METER-ML-1002,3.716,224.03,19.34,0.858,0,NORMAL
2026-06-12 02:34:05.727696,METER-ML-1002,2.907,226.81,13.62,0.941,0,NORMAL
2026-06-12 03:34:05.727696,METER-ML-1002,3.042,228.4,15.39,0.865,0,NORMAL
2026-06-12 04:34:05.727696,METER-ML-1002,4.086,225.02,19.62,0.925,0,NORMAL
2026-06-12 05:34:05.727696,METER-ML-1002,3.541,233.51,16.74,0.906,0,NORMAL
2026-06-12 06:34:05.727696,METER-ML-1002,4.326,236.97,18.72,0.975,0,NORMAL
2026-06-12 07:34:05.727696,METER-ML-1002,4.528,227.48,21.64,0.92,0,NORMAL
2026-06-12 08:34:05.727696,METER-ML-1002,4.661,229.4,22.4,0.907,0,NORMAL
2026-06-12 09:34:05.727696,METER-ML-1002,5.539,236.39,25.88,0.905,0,NORMAL
2026-06-12 10:34:05.727696,METER-ML-1002,5.845,233.25,28.91,0.867,0,NORMAL
2026-06-12 11:34:05.727696,METER-ML-1002,5.778,229.58,27.63,0.911,0,NORMAL
2026-06-12 12:34:05.727696,METER-ML-1002,5.341,238.54,23.99,0.933,0,NORMAL
2026-06-12 13:34:05.727696,METER-ML-1002,5.493,238.61,24.43,0.942,0,NORMAL
2026-06-12 14:34:05.727696,METER-ML-1002,5.711,226.08,28.15,0.897,0,NORMAL
2026-06-12 15:34:05.727696,METER-ML-1002,6.099,230.11,29.55,0.897,0,NORMAL
2026-06-12 16:34:05.727696,METER-ML-1002,5.113,227.84,23.7,0.947,0,NORMAL
2026-06-12 17:34:05.727696,METER-ML-1002,5.129,229.37,24.24,0.923,0,NORMAL
2026-06-12 18:34:05.727696,METER-ML-1002,4.845,229.96,22.16,0.951,0,NORMAL
2026-06-12 19:34:05.727696,METER-ML-1002,3.659,232.49,16.57,0.95,0,NORMAL
2026-06-12 20:34:05.727696,METER-ML-1002,3.49,225.28,17.09,0.906,0,NORMAL
2026-06-12 21:34:05.727696,METER-ML-1002,2.967,228.06,14.55,0.894,0,NORMAL
2026-06-12 22:34:05.727696,METER-ML-1002,3.4,230.65,16.05,0.919,0,NORMAL
2026-06-12 23:34:05.727696,METER-ML-1002,3.589,235.41,17.48,0.872,0,NORMAL
2026-06-13 00:34:05.727696,METER-ML-1002,3.418,233.54,14.78,0.99,0,NORMAL
2026-06-13 01:34:05.727696,METER-ML-1002,4.444,227.06,21.72,0.901,0,NORMAL
2026-06-13 02:34:05.727696,METER-ML-1002,3.968,227.48,19.68,0.886,0,NORMAL
2026-06-13 03:34:05.727696,METER-ML-1002,4.142,229.98,19.4,0.928,0,NORMAL
2026-06-13 04:34:05.727696,METER-ML-1002,5.314,231.48,25.34,0.906,0,NORMAL
2026-06-13 05:34:05.727696,METER-ML-1002,4.205,226.57,20.53,0.904,0,NORMAL
2026-06-13 06:34:05.727696,METER-ML-1002,4.892,222.62,22.89,0.96,0,NORMAL
2026-06-13 07:34:05.727696,METER-ML-1002,6.051,227.47,29.79,0.893,0,NORMAL
2026-06-13 08:34:05.727696,METER-ML-1002,5.938,233.74,28.82,0.881,0,NORMAL
2026-06-13 09:34:05.727696,METER-ML-1002,6.268,218.28,31.64,0.908,0,NORMAL
2026-06-13 10:34:05.727696,METER-ML-1002,6.903,231.51,33.19,0.898,0,NORMAL
2026-06-13 11:34:05.727696,METER-ML-1002,6.476,229.04,31.85,0.888,0,NORMAL
2026-06-13 12:34:05.727696,METER-ML-1002,7.043,227.26,32.77,0.946,0,NORMAL
2026-06-13 13:34:05.727696,METER-ML-1002,6.834,234.03,32.0,0.912,0,NORMAL
2026-06-13 14:34:05.727696,METER-ML-1002,6.64,228.5,30.62,0.949,0,NORMAL
2026-06-13 15:34:05.727696,METER-ML-1002,6.832,235.76,30.49,0.95,0,NORMAL
2026-06-13 16:34:05.727696,METER-ML-1002,5.237,228.71,24.33,0.941,0,NORMAL
2026-06-13 17:34:05.727696,METER-ML-1002,5.21,224.38,25.94,0.895,0,NORMAL
2026-06-13 18:34:05.727696,METER-ML-1002,4.633,230.33,20.65,0.974,0,NORMAL
2026-06-13 19:34:05.727696,METER-ML-1002,26.871,227.93,125.01,0.943,1,SURCHARGE_ANORMALE
2026-06-13 20:34:05.727696,METER-ML-1002,4.408,177.99,20.91,0.531,1,ANOMALIE_TENSION_FP
2026-06-13 21:34:05.727696,METER-ML-1002,17.327,229.73,82.14,0.918,1,SURCHARGE_ANORMALE
2026-06-13 22:34:05.727696,METER-ML-1002,4.071,228.98,19.57,0.909,0,NORMAL
2026-06-13 23:34:05.727696,METER-ML-1002,4.413,234.07,19.63,0.96,0,NORMAL
2026-06-14 00:34:05.727696,METER-ML-1002,4.345,227.49,19.67,0.971,0,NORMAL
2026-06-14 01:34:05.727696,METER-ML-1002,3.702,234.58,17.31,0.912,0,NORMAL
2026-06-14 02:34:05.727696,METER-ML-1002,4.011,231.44,19.72,0.879,0,NORMAL
2026-06-14 03:34:05.727696,METER-ML-1002,4.323,229.8,20.06,0.938,0,NORMAL
2026-06-14 04:34:05.727696,METER-ML-1002,4.795,226.25,22.22,0.954,0,NORMAL
2026-06-14 05:34:05.727696,METER-ML-1002,0.032,228.15,0.1,0.92,1,CHUTE_SUSPECTE_FRAUDE
2026-06-14 06:34:05.727696,METER-ML-1002,5.425,227.37,25.82,0.924,0,NORMAL
2026-06-14 07:34:05.727696,METER-ML-1002,6.042,229.18,28.01,0.941,0,NORMAL
2026-06-14 08:34:05.727696,METER-ML-1002,6.506,235.11,28.82,0.96,0,NORMAL
2026-06-14 09:34:05.727696,METER-ML-1002,6.646,230.11,30.52,0.946,0,NORMAL
2026-06-14 10:34:05.727696,METER-ML-1002,7.144,237.85,35.83,0.838,0,NORMAL
2026-06-14 11:34:05.727696,METER-ML-1002,7.955,224.31,39.26,0.903,0,NORMAL
2026-06-14 12:34:05.727696,METER-ML-1002,7.049,228.84,33.14,0.93,0,NORMAL
2026-06-14 13:34:05.727696,METER-ML-1002,6.417,231.13,31.58,0.879,0,NORMAL
2026-06-14 14:34:05.727696,METER-ML-1002,6.537,233.66,28.9,0.968,0,NORMAL
2026-06-14 15:34:05.727696,METER-ML-1002,5.752,226.74,29.8,0.851,0,NORMAL
2026-06-14 16:34:05.727696,METER-ML-1002,5.758,229.3,26.91,0.933,0,NORMAL
2026-06-14 17:34:05.727696,METER-ML-1002,25.742,224.67,121.38,0.944,1,SURCHARGE_ANORMALE
2026-06-14 18:34:05.727696,METER-ML-1002,4.967,233.91,24.16,0.879,0,NORMAL
2026-06-14 19:34:05.727696,METER-ML-1002,5.272,231.14,24.68,0.924,0,NORMAL
2026-06-14 20:34:05.727696,METER-ML-1002,3.505,230.1,16.7,0.912,0,NORMAL
2026-06-14 21:34:05.727696,METER-ML-1002,4.698,232.09,22.52,0.899,0,NORMAL
2026-06-14 22:34:05.727696,METER-ML-1002,3.731,224.56,17.67,0.94,0,NORMAL
2026-06-14 23:34:05.727696,METER-ML-1002,4.265,222.72,20.03,0.956,0,NORMAL
2026-06-15 00:34:05.727696,METER-ML-1002,3.236,234.12,15.41,0.897,0,NORMAL
2026-06-15 01:34:05.727696,METER-ML-1002,3.931,237.21,17.69,0.937,0,NORMAL
2026-06-15 02:34:05.727696,METER-ML-1002,3.549,224.71,16.87,0.936,0,NORMAL
2026-06-15 03:34:05.727696,METER-ML-1002,3.488,222.63,16.95,0.924,0,NORMAL
2026-06-15 04:34:05.727696,METER-ML-1002,2.857,236.19,13.06,0.926,0,NORMAL
2026-06-15 05:34:05.727696,METER-ML-1002,3.027,234.17,13.75,0.94,0,NORMAL
2026-06-15 06:34:05.727696,METER-ML-1002,3.675,224.18,17.46,0.939,0,NORMAL
2026-06-15 07:34:05.727696,METER-ML-1002,4.661,229.55,22.0,0.923,0,NORMAL
2026-06-15 08:34:05.727696,METER-ML-1002,4.992,229.85,22.8,0.953,0,NORMAL
2026-06-15 09:34:05.727696,METER-ML-1002,4.475,231.24,21.73,0.891,0,NORMAL
2026-06-15 10:34:05.727696,METER-ML-1002,5.726,223.46,28.71,0.892,0,NORMAL
2026-06-15 11:34:05.727696,METER-ML-1002,6.235,228.48,28.06,0.973,0,NORMAL
2026-06-15 12:34:05.727696,METER-ML-1002,5.715,231.66,26.22,0.941,0,NORMAL
2026-06-15 13:34:05.727696,METER-ML-1002,5.636,227.05,27.41,0.906,0,NORMAL
2026-06-15 14:34:05.727696,METER-ML-1002,5.642,232.03,26.35,0.923,0,NORMAL
2026-06-15 15:34:05.727696,METER-ML-1002,5.499,234.58,25.54,0.918,0,NORMAL
2026-06-15 16:34:05.727696,METER-ML-1002,5.037,227.5,24.63,0.899,0,NORMAL
2026-06-15 17:34:05.727696,METER-ML-1002,4.538,234.74,23.48,0.823,0,NORMAL
2026-06-15 18:34:05.727696,METER-ML-1002,4.519,228.24,21.52,0.92,0,NORMAL
2026-06-15 19:34:05.727696,METER-ML-1002,4.097,231.67,18.86,0.938,0,NORMAL
2026-06-15 20:34:05.727696,METER-ML-1002,2.55,232.9,11.64,0.941,0,NORMAL
2026-06-15 21:34:05.727696,METER-ML-1002,2.95,232.31,13.98,0.908,0,NORMAL
2026-06-15 22:34:05.727696,METER-ML-1002,2.234,227.28,10.29,0.955,0,NORMAL
2026-06-15 23:34:05.727696,METER-ML-1002,3.021,229.8,14.04,0.936,0,NORMAL
2026-06-16 00:34:05.727696,METER-ML-1002,3.075,229.92,14.92,0.897,0,NORMAL
2026-06-16 01:34:05.727696,METER-ML-1002,4.045,230.13,19.41,0.905,0,NORMAL
2026-06-16 02:34:05.727696,METER-ML-1002,3.513,234.15,17.38,0.863,0,NORMAL
2026-06-16 03:34:05.727696,METER-ML-1002,4.086,226.62,19.87,0.908,0,NORMAL
2026-06-16 04:34:05.727696,METER-ML-1002,3.321,228.01,15.51,0.939,0,NORMAL
2026-06-16 05:34:05.727696,METER-ML-1002,3.628,232.4,18.2,0.858,0,NORMAL
2026-06-16 06:34:05.727696,METER-ML-1002,5.21,238.49,24.2,0.903,0,NORMAL
2026-06-16 07:34:05.727696,METER-ML-1002,4.717,233.47,21.44,0.942,0,NORMAL
2026-06-16 08:34:05.727696,METER-ML-1002,5.23,229.68,24.36,0.935,0,NORMAL
2026-06-16 09:34:05.727696,METER-ML-1002,5.478,230.23,25.19,0.944,0,NORMAL
2026-06-16 10:34:05.727696,METER-ML-1002,5.323,233.07,25.43,0.898,0,NORMAL
2026-06-16 11:34:05.727696,METER-ML-1002,5.302,234.04,22.88,0.99,0,NORMAL
2026-06-16 12:34:05.727696,METER-ML-1002,5.71,236.09,26.22,0.923,0,NORMAL
2026-06-16 13:34:05.727696,METER-ML-1002,5.364,223.91,25.13,0.953,0,NORMAL
2026-06-16 14:34:05.727696,METER-ML-1002,4.75,226.08,22.85,0.92,0,NORMAL
2026-06-16 15:34:05.727696,METER-ML-1002,5.399,229.82,25.4,0.925,0,NORMAL
2026-06-16 16:34:05.727696,METER-ML-1002,5.376,232.83,25.26,0.914,0,NORMAL
2026-06-16 17:34:05.727696,METER-ML-1002,4.498,234.5,21.03,0.912,0,NORMAL
2026-06-16 18:34:05.727696,METER-ML-1002,4.472,226.51,22.13,0.892,0,NORMAL
2026-06-16 19:34:05.727696,METER-ML-1002,3.631,227.75,16.95,0.941,0,NORMAL
2026-06-16 20:34:05.727696,METER-ML-1002,3.36,229.96,15.92,0.918,0,NORMAL
2026-06-16 21:34:05.727696,METER-ML-1002,3.435,227.42,15.87,0.952,0,NORMAL
2026-06-16 22:34:05.727696,METER-ML-1002,3.449,231.53,15.98,0.932,0,NORMAL
2026-06-16 23:34:05.727696,METER-ML-1002,3.2,236.37,14.76,0.918,0,NORMAL
2026-06-17 00:34:05.727696,METER-ML-1002,3.871,232.64,18.11,0.919,0,NORMAL
2026-06-17 01:34:05.727696,METER-ML-1002,4.405,230.04,20.55,0.932,0,NORMAL
2026-06-17 02:34:05.727696,METER-ML-1002,4.155,228.86,19.78,0.918,0,NORMAL
2026-06-17 03:34:05.727696,METER-ML-1002,3.961,230.27,18.59,0.925,0,NORMAL
2026-06-17 04:34:05.727696,METER-ML-1002,3.277,231.68,15.52,0.912,0,NORMAL
2026-06-17 05:34:05.727696,METER-ML-1002,3.973,229.21,18.0,0.963,0,NORMAL
2026-06-17 06:34:05.727696,METER-ML-1002,4.08,235.9,19.0,0.91,0,NORMAL
2026-06-17 07:34:05.727696,METER-ML-1002,5.536,229.86,25.15,0.957,0,NORMAL
2026-06-17 08:34:05.727696,METER-ML-1002,4.689,229.76,20.89,0.977,0,NORMAL
2026-06-17 09:34:05.727696,METER-ML-1002,17.475,227.75,85.14,0.901,1,SURCHARGE_ANORMALE
2026-06-17 10:34:05.727696,METER-ML-1002,5.269,233.6,25.13,0.898,0,NORMAL
2026-06-17 11:34:05.727696,METER-ML-1002,5.546,228.2,26.81,0.906,0,NORMAL
2026-06-17 12:34:05.727696,METER-ML-1002,5.997,236.93,27.45,0.922,0,NORMAL
2026-06-17 13:34:05.727696,METER-ML-1002,5.39,226.6,26.24,0.906,0,NORMAL
2026-06-17 14:34:05.727696,METER-ML-1002,5.358,237.3,24.32,0.928,0,NORMAL
2026-06-17 15:34:05.727696,METER-ML-1002,0.042,234.35,0.1,0.931,1,CHUTE_SUSPECTE_FRAUDE
2026-06-17 16:34:05.727696,METER-ML-1002,4.387,230.31,20.59,0.925,0,NORMAL
2026-06-17 17:34:05.727696,METER-ML-1002,4.939,232.48,22.24,0.955,0,NORMAL
2026-06-17 18:34:05.727696,METER-ML-1002,4.524,230.23,22.48,0.874,0,NORMAL
2026-06-17 19:34:05.727696,METER-ML-1002,4.921,234.88,22.59,0.927,0,NORMAL
2026-06-17 20:34:05.727696,METER-ML-1002,3.732,229.05,17.98,0.906,0,NORMAL
2026-06-17 21:34:05.727696,METER-ML-1002,3.308,234.24,15.66,0.902,0,NORMAL
2026-06-17 22:34:05.727696,METER-ML-1002,3.227,227.4,15.17,0.935,0,NORMAL
2026-06-17 23:34:05.727696,METER-ML-1002,2.583,225.49,12.83,0.893,0,NORMAL
2026-06-18 00:34:05.727696,METER-ML-1002,4.179,235.08,20.16,0.882,0,NORMAL
2026-06-18 01:34:05.727696,METER-ML-1002,3.734,229.19,18.42,0.884,0,NORMAL
2026-06-18 02:34:05.727696,METER-ML-1002,4.389,227.84,21.72,0.887,0,NORMAL
2026-06-18 03:34:05.727696,METER-ML-1002,4.026,232.67,17.81,0.972,0,NORMAL
2026-06-18 04:34:05.727696,METER-ML-1002,3.423,231.97,16.71,0.883,0,NORMAL
2026-06-18 05:34:05.727696,METER-ML-1002,3.454,223.32,16.56,0.934,0,NORMAL
2026-06-18 06:34:05.727696,METER-ML-1002,5.15,231.31,23.51,0.947,0,NORMAL
2026-06-18 07:34:05.727696,METER-ML-1002,4.624,227.21,22.3,0.913,0,NORMAL
2026-06-18 08:34:05.727696,METER-ML-1002,5.237,231.86,24.19,0.934,0,NORMAL
2026-06-18 09:34:05.727696,METER-ML-1002,5.598,232.92,25.07,0.958,0,NORMAL
2026-06-18 10:34:05.727696,METER-ML-1002,5.691,227.83,27.96,0.894,0,NORMAL
2026-06-18 11:34:05.727696,METER-ML-1002,6.366,230.5,29.65,0.931,0,NORMAL
2026-06-18 12:34:05.727696,METER-ML-1002,6.407,232.86,30.98,0.888,0,NORMAL
2026-06-18 13:34:05.727696,METER-ML-1002,5.66,232.45,28.19,0.864,0,NORMAL
2026-06-18 14:34:05.727696,METER-ML-1002,6.132,229.03,30.82,0.869,0,NORMAL
2026-06-18 15:34:05.727696,METER-ML-1002,5.735,226.81,27.5,0.919,0,NORMAL
2026-06-18 16:34:05.727696,METER-ML-1002,5.012,231.8,24.94,0.867,0,NORMAL
2026-06-18 17:34:05.727696,METER-ML-1002,4.619,225.9,22.08,0.926,0,NORMAL
2026-06-18 18:34:05.727696,METER-ML-1002,3.738,225.7,17.99,0.921,0,NORMAL
2026-06-18 19:34:05.727696,METER-ML-1002,3.793,231.03,18.3,0.897,0,NORMAL
2026-06-18 20:34:05.727696,METER-ML-1002,3.588,230.7,17.91,0.869,0,NORMAL
2026-06-18 21:34:05.727696,METER-ML-1002,3.337,232.76,16.54,0.867,0,NORMAL
2026-06-18 22:34:05.727696,METER-ML-1002,3.663,227.45,16.98,0.948,0,NORMAL
2026-06-18 23:34:05.727696,METER-ML-1002,3.407,229.11,16.41,0.906,0,NORMAL
2026-06-19 00:34:05.727696,METER-ML-1002,3.801,226.42,18.9,0.888,0,NORMAL
2026-06-19 01:34:05.727696,METER-ML-1002,3.247,232.66,15.48,0.901,0,NORMAL
2026-06-19 02:34:05.727696,METER-ML-1002,3.072,226.62,14.19,0.955,0,NORMAL
2026-06-19 03:34:05.727696,METER-ML-1002,4.456,226.99,21.56,0.91,0,NORMAL
2026-06-19 04:34:05.727696,METER-ML-1002,3.464,227.59,17.34,0.878,0,NORMAL
2026-06-19 05:34:05.727696,METER-ML-1002,3.117,234.46,14.49,0.917,0,NORMAL
2026-06-19 06:34:05.727696,METER-ML-1002,5.053,230.09,23.2,0.947,0,NORMAL
2026-06-19 07:34:05.727696,METER-ML-1002,5.517,228.76,26.41,0.913,0,NORMAL
2026-06-19 08:34:05.727696,METER-ML-1002,5.229,228.74,24.36,0.939,0,NORMAL
2026-06-19 09:34:05.727696,METER-ML-1002,5.287,227.8,24.25,0.957,0,NORMAL
2026-06-19 10:34:05.727696,METER-ML-1002,0.018,230.08,0.1,0.852,1,CHUTE_SUSPECTE_FRAUDE
2026-06-19 11:34:05.727696,METER-ML-1002,5.604,237.44,28.2,0.837,0,NORMAL
2026-06-19 12:34:05.727696,METER-ML-1002,5.789,230.31,28.72,0.875,0,NORMAL
2026-06-19 13:34:05.727696,METER-ML-1002,6.111,230.35,29.48,0.9,0,NORMAL
2026-06-19 14:34:05.727696,METER-ML-1002,4.763,224.64,22.47,0.944,0,NORMAL
2026-06-19 15:34:05.727696,METER-ML-1002,6.12,238.42,27.7,0.927,0,NORMAL
2026-06-19 16:34:05.727696,METER-ML-1002,4.925,229.53,24.41,0.879,0,NORMAL
2026-06-19 17:34:05.727696,METER-ML-1002,3.798,232.35,17.21,0.95,0,NORMAL
2026-06-19 18:34:05.727696,METER-ML-1002,3.727,228.09,17.63,0.927,0,NORMAL
2026-06-19 19:34:05.727696,METER-ML-1002,4.379,228.59,21.88,0.875,0,NORMAL
2026-06-19 20:34:05.727696,METER-ML-1002,2.791,225.62,13.29,0.931,0,NORMAL
2026-06-19 21:34:05.727696,METER-ML-1002,3.128,222.58,15.65,0.898,0,NORMAL
2026-06-19 22:34:05.727696,METER-ML-1002,2.938,229.88,14.13,0.904,0,NORMAL
2026-06-19 23:34:05.727696,METER-ML-1002,3.23,234.72,14.46,0.952,0,NORMAL
2026-06-20 00:34:05.727696,METER-ML-1002,4.559,236.75,20.9,0.921,0,NORMAL
2026-06-20 01:34:05.727696,METER-ML-1002,4.498,236.71,21.73,0.874,0,NORMAL
2026-06-20 02:34:05.727696,METER-ML-1002,3.779,229.97,17.3,0.95,0,NORMAL
2026-06-20 03:34:05.727696,METER-ML-1002,3.917,229.25,19.55,0.874,0,NORMAL
2026-06-20 04:34:05.727696,METER-ML-1002,3.792,227.46,18.66,0.893,0,NORMAL
2026-06-20 05:34:05.727696,METER-ML-1002,4.161,225.71,19.3,0.955,0,NORMAL
2026-06-20 06:34:05.727696,METER-ML-1002,4.953,231.32,23.73,0.902,0,NORMAL
2026-06-20 07:34:05.727696,METER-ML-1002,5.347,225.1,27.77,0.855,0,NORMAL
2026-06-20 08:34:05.727696,METER-ML-1002,6.119,229.1,29.08,0.918,0,NORMAL
2026-06-20 09:34:05.727696,METER-ML-1002,7.077,232.34,33.14,0.919,0,NORMAL
2026-06-20 10:34:05.727696,METER-ML-1002,7.447,233.12,33.57,0.952,0,NORMAL
2026-06-20 11:34:05.727696,METER-ML-1002,7.162,230.59,34.72,0.895,0,NORMAL
2026-06-20 12:34:05.727696,METER-ML-1002,7.325,229.39,35.49,0.9,0,NORMAL
2026-06-20 13:34:05.727696,METER-ML-1002,0.016,226.32,0.1,0.95,1,CHUTE_SUSPECTE_FRAUDE
2026-06-20 14:34:05.727696,METER-ML-1002,6.915,227.76,32.66,0.93,0,NORMAL
2026-06-20 15:34:05.727696,METER-ML-1002,6.075,227.77,29.35,0.909,0,NORMAL
2026-06-20 16:34:05.727696,METER-ML-1002,6.11,222.89,29.78,0.92,0,NORMAL
2026-06-20 17:34:05.727696,METER-ML-1002,6.422,226.22,30.69,0.925,0,NORMAL
2026-06-20 18:34:05.727696,METER-ML-1002,5.951,227.75,29.27,0.893,0,NORMAL
2026-06-20 19:34:05.727696,METER-ML-1002,4.382,227.44,19.46,0.99,0,NORMAL
2026-06-20 20:34:05.727696,METER-ML-1002,4.739,231.86,23.08,0.886,0,NORMAL
2026-06-20 21:34:05.727696,METER-ML-1002,0.071,231.38,0.1,0.952,1,CHUTE_SUSPECTE_FRAUDE
2026-06-20 22:34:05.727696,METER-ML-1002,3.265,229.18,14.77,0.964,0,NORMAL
2026-06-20 23:34:05.727696,METER-ML-1002,2.968,228.73,13.47,0.963,0,NORMAL
2026-06-21 00:34:05.727696,METER-ML-1002,3.456,230.05,16.75,0.897,0,NORMAL
2026-06-21 01:34:05.727696,METER-ML-1002,4.121,230.03,18.89,0.948,0,NORMAL
2026-06-21 02:34:05.727696,METER-ML-1002,4.068,223.82,20.02,0.908,0,NORMAL
2026-06-21 03:34:05.727696,METER-ML-1002,4.863,228.65,23.17,0.918,0,NORMAL
2026-06-21 04:34:05.727696,METER-ML-1002,4.565,229.15,20.87,0.954,0,NORMAL
2026-06-21 05:34:05.727696,METER-ML-1002,4.698,227.06,21.53,0.961,0,NORMAL
2026-06-21 06:34:05.727696,METER-ML-1002,5.302,232.45,25.56,0.892,0,NORMAL
2026-06-21 07:34:05.727696,METER-ML-1002,5.205,228.31,24.78,0.92,0,NORMAL
2026-06-21 08:34:05.727696,METER-ML-1002,6.114,225.34,29.27,0.927,0,NORMAL
2026-06-21 09:34:05.727696,METER-ML-1002,6.104,227.4,29.38,0.914,0,NORMAL
2026-06-21 10:34:05.727696,METER-ML-1002,5.064,227.3,24.64,0.904,0,NORMAL
2026-06-21 11:34:05.727696,METER-ML-1002,6.869,235.4,30.72,0.95,0,NORMAL
2026-06-21 12:34:05.727696,METER-ML-1002,7.467,228.04,36.21,0.904,0,NORMAL
2026-06-21 13:34:05.727696,METER-ML-1002,7.169,227.91,32.6,0.965,0,NORMAL
2026-06-21 14:34:05.727696,METER-ML-1002,0.064,235.63,0.1,0.947,1,CHUTE_SUSPECTE_FRAUDE
2026-06-21 15:34:05.727696,METER-ML-1002,6.72,232.98,30.47,0.947,0,NORMAL
2026-06-21 16:34:05.727696,METER-ML-1002,5.599,229.32,26.07,0.936,0,NORMAL
2026-06-21 17:34:05.727696,METER-ML-1002,6.456,229.83,31.27,0.898,0,NORMAL
2026-06-21 18:34:05.727696,METER-ML-1002,4.812,232.64,22.39,0.924,0,NORMAL
2026-06-21 19:34:05.727696,METER-ML-1002,4.649,231.17,20.97,0.959,0,NORMAL
2026-06-21 20:34:05.727696,METER-ML-1002,4.654,231.92,22.29,0.9,0,NORMAL
2026-06-21 21:34:05.727696,METER-ML-1002,3.817,225.68,18.49,0.915,0,NORMAL
2026-06-21 22:34:05.727696,METER-ML-1002,4.365,224.59,20.25,0.96,0,NORMAL
2026-06-21 23:34:05.727696,METER-ML-1002,3.674,230.58,16.49,0.966,0,NORMAL
2026-06-22 00:34:05.727696,METER-ML-1002,0.052,230.04,0.1,0.876,1,CHUTE_SUSPECTE_FRAUDE
2026-06-22 01:34:05.727696,METER-ML-1002,4.695,231.82,21.87,0.926,0,NORMAL
2026-06-22 02:34:05.727696,METER-ML-1002,3.857,228.79,18.5,0.912,0,NORMAL
2026-06-22 03:34:05.727696,METER-ML-1002,4.179,231.03,19.2,0.942,0,NORMAL
2026-06-22 04:34:05.727696,METER-ML-1002,4.168,226.49,19.95,0.923,0,NORMAL
2026-06-22 05:34:05.727696,METER-ML-1002,3.935,227.46,18.77,0.922,0,NORMAL
2026-06-22 06:34:05.727696,METER-ML-1002,4.411,222.45,22.01,0.901,0,NORMAL
2026-06-22 07:34:05.727696,METER-ML-1002,5.275,232.5,25.52,0.889,0,NORMAL
2026-06-22 08:34:05.727696,METER-ML-1002,5.354,229.57,24.2,0.964,0,NORMAL
2026-06-22 09:34:05.727696,METER-ML-1002,5.699,234.08,25.72,0.947,0,NORMAL
2026-06-22 10:34:05.727696,METER-ML-1002,5.578,232.87,26.84,0.893,0,NORMAL
2026-06-22 11:34:05.727696,METER-ML-1002,6.226,226.43,30.11,0.913,0,NORMAL
2026-06-22 12:34:05.727696,METER-ML-1002,5.485,234.23,27.0,0.867,0,NORMAL
2026-06-22 13:34:05.727696,METER-ML-1002,5.887,230.21,27.7,0.923,0,NORMAL
2026-06-22 14:34:05.727696,METER-ML-1002,5.405,227.12,25.9,0.919,0,NORMAL
2026-06-22 15:34:05.727696,METER-ML-1002,5.052,228.42,23.98,0.922,0,NORMAL
2026-06-22 16:34:05.727696,METER-ML-1002,22.319,232.12,101.33,0.949,1,SURCHARGE_ANORMALE
2026-06-22 17:34:05.727696,METER-ML-1002,4.807,223.58,24.02,0.895,0,NORMAL
2026-06-22 18:34:05.727696,METER-ML-1002,4.089,234.97,19.44,0.895,0,NORMAL
2026-06-22 19:34:05.727696,METER-ML-1002,4.629,223.27,22.12,0.937,0,NORMAL
2026-06-22 20:34:05.727696,METER-ML-1002,3.54,232.52,16.38,0.93,0,NORMAL
2026-06-22 21:34:05.727696,METER-ML-1002,3.069,226.86,14.92,0.907,0,NORMAL
2026-06-22 22:34:05.727696,METER-ML-1002,3.156,233.42,14.26,0.948,0,NORMAL
2026-06-22 23:34:05.727696,METER-ML-1002,3.297,234.08,15.34,0.918,0,NORMAL
2026-06-23 00:34:05.727696,METER-ML-1002,3.523,232.87,16.38,0.923,0,NORMAL
2026-06-23 01:34:05.727696,METER-ML-1002,3.868,229.05,18.23,0.927,0,NORMAL
2026-06-23 02:34:05.727696,METER-ML-1002,3.281,224.12,16.18,0.905,0,NORMAL
2026-06-23 03:34:05.727696,METER-ML-1002,4.248,235.13,20.23,0.893,0,NORMAL
2026-06-23 04:34:05.727696,METER-ML-1002,0.011,229.23,0.1,0.91,1,CHUTE_SUSPECTE_FRAUDE
2026-06-23 05:34:05.727696,METER-ML-1002,4.412,228.92,20.71,0.931,0,NORMAL
2026-06-23 06:34:05.727696,METER-ML-1002,4.578,225.58,21.38,0.949,0,NORMAL
2026-06-23 07:34:05.727696,METER-ML-1002,4.267,226.9,22.54,0.834,0,NORMAL
2026-06-23 08:34:05.727696,METER-ML-1002,5.329,226.4,24.34,0.967,0,NORMAL
2026-06-23 09:34:05.727696,METER-ML-1002,5.238,226.44,24.46,0.946,0,NORMAL
2026-06-23 10:34:05.727696,METER-ML-1002,5.984,231.67,29.47,0.877,0,NORMAL
2026-06-23 11:34:05.727696,METER-ML-1002,6.956,226.84,30.97,0.99,0,NORMAL
2026-06-23 12:34:05.727696,METER-ML-1002,5.72,231.04,27.32,0.906,0,NORMAL
2026-06-23 13:34:05.727696,METER-ML-1002,5.282,229.16,24.05,0.959,0,NORMAL
2026-06-23 14:34:05.727696,METER-ML-1002,5.637,225.04,26.12,0.959,0,NORMAL
2026-06-23 15:34:05.727696,METER-ML-1002,5.656,229.06,26.69,0.925,0,NORMAL
2026-06-23 16:34:05.727696,METER-ML-1002,5.535,229.27,25.16,0.96,0,NORMAL
2026-06-23 17:34:05.727696,METER-ML-1002,5.282,229.58,26.15,0.88,0,NORMAL
2026-06-23 18:34:05.727696,METER-ML-1002,4.167,226.5,20.34,0.905,0,NORMAL
2026-06-23 19:34:05.727696,METER-ML-1002,4.418,229.75,20.84,0.923,0,NORMAL
2026-06-23 20:34:05.727696,METER-ML-1002,3.5,231.56,16.27,0.929,0,NORMAL
2026-06-23 21:34:05.727696,METER-ML-1002,0.01,231.9,0.1,0.91,1,CHUTE_SUSPECTE_FRAUDE
2026-06-23 22:34:05.727696,METER-ML-1002,3.063,150.25,14.91,0.547,1,ANOMALIE_TENSION_FP
2026-06-23 23:34:05.727696,METER-ML-1002,3.033,232.69,14.03,0.929,0,NORMAL
2026-06-24 00:34:05.727696,METER-ML-1002,3.908,228.89,18.2,0.938,0,NORMAL
2026-06-24 01:34:05.727696,METER-ML-1002,3.457,228.24,15.68,0.966,0,NORMAL
2026-06-24 02:34:05.727696,METER-ML-1002,3.746,229.39,17.0,0.961,0,NORMAL
2026-06-24 03:34:05.727696,METER-ML-1002,3.887,221.27,20.94,0.839,0,NORMAL
2026-06-24 04:34:05.727696,METER-ML-1002,3.14,223.1,15.15,0.929,0,NORMAL
2026-06-24 05:34:05.727696,METER-ML-1002,3.647,228.28,17.68,0.904,0,NORMAL
2026-06-24 06:34:05.727696,METER-ML-1002,4.193,233.92,18.98,0.944,0,NORMAL
2026-06-24 07:34:05.727696,METER-ML-1002,4.953,234.04,23.67,0.894,0,NORMAL
2026-06-24 08:34:05.727696,METER-ML-1002,4.85,234.73,21.02,0.983,0,NORMAL
2026-06-24 09:34:05.727696,METER-ML-1002,5.216,229.99,23.5,0.965,0,NORMAL
2026-06-24 10:34:05.727696,METER-ML-1002,5.973,227.27,27.9,0.942,0,NORMAL
2026-06-24 11:34:05.727696,METER-ML-1002,5.649,226.28,26.88,0.929,0,NORMAL
2026-06-24 12:34:05.727696,METER-ML-1002,5.986,235.59,27.05,0.939,0,NORMAL
2026-06-24 13:34:05.727696,METER-ML-1002,5.883,230.16,26.69,0.958,0,NORMAL
2026-06-24 14:34:05.727696,METER-ML-1002,5.256,230.3,26.28,0.869,0,NORMAL
2026-06-24 15:34:05.727696,METER-ML-1002,5.213,227.43,25.68,0.893,0,NORMAL
2026-06-24 16:34:05.727696,METER-ML-1002,5.104,230.83,24.71,0.895,0,NORMAL
2026-06-24 17:34:05.727696,METER-ML-1002,4.933,228.97,23.7,0.909,0,NORMAL
2026-06-24 18:34:05.727696,METER-ML-1002,4.435,234.23,20.6,0.919,0,NORMAL
2026-06-24 19:34:05.727696,METER-ML-1002,0.065,225.39,0.1,0.903,1,CHUTE_SUSPECTE_FRAUDE
2026-06-24 20:34:05.727696,METER-ML-1002,20.875,235.79,90.13,0.982,1,SURCHARGE_ANORMALE
2026-06-24 21:34:05.727696,METER-ML-1002,3.958,225.28,18.68,0.94,0,NORMAL
2026-06-24 22:34:05.727696,METER-ML-1002,3.329,228.91,15.3,0.951,0,NORMAL
2026-06-24 23:34:05.727696,METER-ML-1002,2.592,226.68,13.04,0.877,0,NORMAL
2026-06-25 00:34:05.727696,METER-ML-1002,3.435,237.42,15.24,0.949,0,NORMAL
2026-06-25 01:34:05.727696,METER-ML-1002,3.913,229.31,18.68,0.913,0,NORMAL
2026-06-25 02:34:05.727696,METER-ML-1002,3.208,219.02,15.99,0.916,0,NORMAL
2026-06-25 03:34:05.727696,METER-ML-1002,3.628,226.0,17.86,0.899,0,NORMAL
2026-06-25 04:34:05.727696,METER-ML-1002,3.382,228.55,15.34,0.965,0,NORMAL
2026-06-25 05:34:05.727696,METER-ML-1002,3.977,234.06,19.99,0.85,0,NORMAL
2026-06-25 06:34:05.727696,METER-ML-1002,4.115,229.71,18.14,0.988,0,NORMAL
2026-06-25 07:34:05.727696,METER-ML-1002,4.725,230.24,22.06,0.93,0,NORMAL
2026-06-25 08:34:05.727696,METER-ML-1002,4.729,233.34,21.48,0.944,0,NORMAL
2026-06-25 09:34:05.727696,METER-ML-1002,5.472,224.47,26.97,0.904,0,NORMAL
2026-06-25 10:34:05.727696,METER-ML-1002,5.302,228.52,25.63,0.905,0,NORMAL
2026-06-25 11:34:05.727696,METER-ML-1002,5.9,230.21,28.58,0.897,0,NORMAL
2026-06-25 12:34:05.727696,METER-ML-1002,5.723,230.37,26.87,0.925,0,NORMAL
2026-06-25 13:34:05.727696,METER-ML-1002,5.984,223.28,28.88,0.928,0,NORMAL
2026-06-25 14:34:05.727696,METER-ML-1002,5.413,230.12,25.87,0.909,0,NORMAL
2026-06-25 15:34:05.727696,METER-ML-1002,5.183,231.98,24.21,0.923,0,NORMAL
2026-06-25 16:34:05.727696,METER-ML-1002,4.424,229.71,20.19,0.954,0,NORMAL
2026-06-25 17:34:05.727696,METER-ML-1002,5.325,231.49,24.23,0.949,0,NORMAL
2026-06-25 18:34:05.727696,METER-ML-1002,4.164,224.89,19.97,0.927,0,NORMAL
2026-06-25 19:34:05.727696,METER-ML-1002,16.712,226.88,78.38,0.94,1,SURCHARGE_ANORMALE
2026-06-25 20:34:05.727696,METER-ML-1002,3.552,234.04,15.9,0.955,0,NORMAL
2026-06-25 21:34:05.727696,METER-ML-1002,3.286,227.95,16.54,0.872,0,NORMAL
2026-06-25 22:34:05.727696,METER-ML-1002,2.715,225.95,13.96,0.861,0,NORMAL
2026-06-25 23:34:05.727696,METER-ML-1002,3.842,228.7,18.53,0.907,0,NORMAL
2026-06-26 00:34:05.727696,METER-ML-1002,4.036,223.85,20.45,0.882,0,NORMAL
2026-06-26 01:34:05.727696,METER-ML-1002,3.542,226.72,16.85,0.927,0,NORMAL
2026-06-26 02:34:05.727696,METER-ML-1002,3.288,229.19,15.59,0.92,0,NORMAL
2026-06-26 03:34:05.727696,METER-ML-1002,3.538,237.09,16.45,0.907,0,NORMAL
2026-06-26 04:34:05.727696,METER-ML-1002,3.558,233.08,17.12,0.892,0,NORMAL
2026-06-26 05:34:05.727696,METER-ML-1002,3.723,229.37,17.59,0.923,0,NORMAL
2026-06-26 06:34:05.727696,METER-ML-1002,4.276,224.64,20.77,0.916,0,NORMAL
2026-06-26 07:34:05.727696,METER-ML-1002,4.841,225.29,23.74,0.905,0,NORMAL
2026-06-26 08:34:05.727696,METER-ML-1002,4.518,233.8,21.02,0.919,0,NORMAL
2026-06-26 09:34:05.727696,METER-ML-1002,5.091,230.56,24.71,0.894,0,NORMAL
2026-06-26 10:34:05.727696,METER-ML-1002,5.865,228.23,29.39,0.874,0,NORMAL
2026-06-26 11:34:05.727696,METER-ML-1002,5.367,230.71,24.83,0.937,0,NORMAL
2026-06-26 12:34:05.727696,METER-ML-1002,5.973,232.77,27.91,0.919,0,NORMAL
2026-06-26 13:34:05.727696,METER-ML-1002,6.882,228.51,33.46,0.9,0,NORMAL
2026-06-26 14:34:05.727696,METER-ML-1002,5.788,227.36,27.78,0.917,0,NORMAL
2026-06-26 15:34:05.727696,METER-ML-1002,5.099,229.13,23.52,0.946,0,NORMAL
2026-06-26 16:34:05.727696,METER-ML-1002,5.235,228.35,24.04,0.954,0,NORMAL
2026-06-26 17:34:05.727696,METER-ML-1002,4.1,234.48,19.0,0.92,0,NORMAL
2026-06-26 18:34:05.727696,METER-ML-1002,4.73,229.99,22.25,0.924,0,NORMAL
2026-06-26 19:34:05.727696,METER-ML-1002,4.518,230.2,20.87,0.94,0,NORMAL
2026-06-26 20:34:05.727696,METER-ML-1002,3.873,232.11,18.38,0.908,0,NORMAL
2026-06-26 21:34:05.727696,METER-ML-1002,3.175,229.09,14.1,0.983,0,NORMAL
2026-06-26 22:34:05.727696,METER-ML-1002,3.301,237.72,15.05,0.922,0,NORMAL
2026-06-26 23:34:05.727696,METER-ML-1002,2.394,229.89,11.61,0.897,0,NORMAL
2026-06-27 00:34:05.727696,METER-ML-1002,4.096,232.14,20.21,0.873,0,NORMAL
2026-06-27 01:34:05.727696,METER-ML-1002,4.527,228.34,22.04,0.9,0,NORMAL
2026-06-27 02:34:05.727696,METER-ML-1002,4.69,228.23,22.16,0.927,0,NORMAL
2026-06-27 03:34:05.727696,METER-ML-1002,3.699,230.88,16.27,0.985,0,NORMAL
2026-06-27 04:34:05.727696,METER-ML-1002,3.8,231.91,17.56,0.933,0,NORMAL
2026-06-27 05:34:05.727696,METER-ML-1002,4.211,230.87,19.68,0.927,0,NORMAL
2026-06-27 06:34:05.727696,METER-ML-1002,4.91,229.14,22.75,0.942,0,NORMAL
2026-06-27 07:34:05.727696,METER-ML-1002,4.203,230.18,19.04,0.959,0,NORMAL
2026-06-27 08:34:05.727696,METER-ML-1002,5.631,233.2,27.12,0.89,0,NORMAL
2026-06-27 09:34:05.727696,METER-ML-1002,6.375,237.04,30.88,0.871,0,NORMAL
2026-06-27 10:34:05.727696,METER-ML-1002,6.663,230.07,31.9,0.908,0,NORMAL
2026-06-27 11:34:05.727696,METER-ML-1002,7.191,230.08,35.23,0.887,0,NORMAL
2026-06-27 12:34:05.727696,METER-ML-1002,6.126,230.4,27.62,0.963,0,NORMAL
2026-06-27 13:34:05.727696,METER-ML-1002,7.136,231.38,33.09,0.932,0,NORMAL
2026-06-27 14:34:05.727696,METER-ML-1002,6.459,229.34,30.7,0.917,0,NORMAL
2026-06-27 15:34:05.727696,METER-ML-1002,5.889,227.38,27.23,0.951,0,NORMAL
2026-06-27 16:34:05.727696,METER-ML-1002,6.493,224.83,30.34,0.952,0,NORMAL
2026-06-27 17:34:05.727696,METER-ML-1002,5.849,226.48,27.97,0.923,0,NORMAL
2026-06-27 18:34:05.727696,METER-ML-1002,4.627,226.98,21.37,0.954,0,NORMAL
2026-06-27 19:34:05.727696,METER-ML-1002,4.038,222.27,18.63,0.975,0,NORMAL
2026-06-27 20:34:05.727696,METER-ML-1002,4.387,230.53,21.4,0.889,0,NORMAL
2026-06-27 21:34:05.727696,METER-ML-1002,4.921,227.26,21.87,0.99,0,NORMAL
2026-06-27 22:34:05.727696,METER-ML-1002,3.619,233.09,16.33,0.951,0,NORMAL
2026-06-27 23:34:05.727696,METER-ML-1002,3.87,231.31,19.42,0.862,0,NORMAL
2026-06-28 00:34:05.727696,METER-ML-1002,3.61,227.47,17.17,0.924,0,NORMAL
2026-06-28 01:34:05.727696,METER-ML-1002,4.395,227.93,22.3,0.865,0,NORMAL
2026-06-28 02:34:05.727696,METER-ML-1002,3.957,226.84,17.62,0.99,0,NORMAL
2026-06-28 03:34:05.727696,METER-ML-1002,5.029,232.4,23.3,0.929,0,NORMAL
2026-06-28 04:34:05.727696,METER-ML-1002,4.424,227.11,21.52,0.905,0,NORMAL
2026-06-28 05:34:05.727696,METER-ML-1002,5.026,223.46,23.3,0.966,0,NORMAL
2026-06-28 06:34:05.727696,METER-ML-1002,5.477,175.51,26.15,0.487,1,ANOMALIE_TENSION_FP
2026-06-28 07:34:05.727696,METER-ML-1002,5.771,232.49,26.1,0.951,0,NORMAL
2026-06-28 08:34:05.727696,METER-ML-1002,6.32,232.53,29.79,0.912,0,NORMAL
2026-06-28 09:34:05.727696,METER-ML-1002,6.578,229.4,31.08,0.923,0,NORMAL
2026-06-28 10:34:05.727696,METER-ML-1002,6.785,234.9,29.17,0.99,0,NORMAL
2026-06-28 11:34:05.727696,METER-ML-1002,6.791,231.11,31.35,0.938,0,NORMAL
2026-06-28 12:34:05.727696,METER-ML-1002,7.65,232.14,36.31,0.907,0,NORMAL
2026-06-28 13:34:05.727696,METER-ML-1002,8.025,233.34,37.45,0.918,0,NORMAL
2026-06-28 14:34:05.727696,METER-ML-1002,6.365,232.16,30.92,0.887,0,NORMAL
2026-06-28 15:34:05.727696,METER-ML-1002,5.871,228.47,27.15,0.946,0,NORMAL
2026-06-28 16:34:05.727696,METER-ML-1002,6.302,230.38,28.71,0.953,0,NORMAL
2026-06-28 17:34:05.727696,METER-ML-1002,5.514,226.79,26.21,0.927,0,NORMAL
2026-06-28 18:34:05.727696,METER-ML-1002,4.062,228.38,20.03,0.888,0,NORMAL
2026-06-28 19:34:05.727696,METER-ML-1002,5.156,230.81,24.2,0.923,0,NORMAL
2026-06-28 20:34:05.727696,METER-ML-1002,4.48,224.9,21.57,0.924,0,NORMAL
2026-06-28 21:34:05.727696,METER-ML-1002,4.743,231.3,22.73,0.902,0,NORMAL
2026-06-28 22:34:05.727696,METER-ML-1002,3.073,229.76,14.28,0.937,0,NORMAL
2026-06-28 23:34:05.727696,METER-ML-1002,3.093,233.14,14.0,0.948,0,NORMAL
2026-06-29 00:34:05.727696,METER-ML-1002,3.679,231.55,17.17,0.925,0,NORMAL
2026-06-29 01:34:05.727696,METER-ML-1002,3.705,234.08,16.86,0.939,0,NORMAL
2026-06-29 02:34:05.727696,METER-ML-1002,3.543,221.93,16.46,0.97,0,NORMAL
2026-06-29 03:34:05.727696,METER-ML-1002,3.36,229.86,15.97,0.916,0,NORMAL
2026-06-29 04:34:05.727696,METER-ML-1002,4.014,232.86,19.38,0.889,0,NORMAL
2026-06-29 05:34:05.727696,METER-ML-1002,3.585,176.25,17.23,0.523,1,ANOMALIE_TENSION_FP
2026-06-29 06:34:05.727696,METER-ML-1002,4.157,227.91,20.4,0.894,0,NORMAL
2026-06-29 07:34:05.727696,METER-ML-1002,4.576,235.81,21.37,0.908,0,NORMAL
2026-06-29 08:34:05.727696,METER-ML-1002,4.377,227.77,20.39,0.942,0,NORMAL
2026-06-29 09:34:05.727696,METER-ML-1002,5.508,229.4,24.68,0.973,0,NORMAL
2026-06-29 10:34:05.727696,METER-ML-1002,5.592,229.17,27.71,0.881,0,NORMAL
2026-06-29 11:34:05.727696,METER-ML-1002,6.518,234.37,28.34,0.981,0,NORMAL
2026-06-29 12:34:05.727696,METER-ML-1002,6.053,223.86,28.96,0.934,0,NORMAL
2026-06-29 13:34:05.727696,METER-ML-1002,6.122,226.07,29.38,0.922,0,NORMAL
2026-06-29 14:34:05.727696,METER-ML-1002,5.031,226.97,22.9,0.968,0,NORMAL
2026-06-29 15:34:05.727696,METER-ML-1002,4.903,229.38,24.35,0.878,0,NORMAL
2026-06-29 16:34:05.727696,METER-ML-1002,5.663,232.11,25.36,0.962,0,NORMAL
2026-06-29 17:34:05.727696,METER-ML-1002,5.009,227.61,25.19,0.874,0,NORMAL
2026-06-29 18:34:05.727696,METER-ML-1002,4.331,231.67,20.71,0.903,0,NORMAL
2026-06-29 19:34:05.727696,METER-ML-1002,2.933,235.0,13.14,0.95,0,NORMAL
2026-06-29 20:34:05.727696,METER-ML-1002,3.695,228.87,17.57,0.919,0,NORMAL
2026-06-29 21:34:05.727696,METER-ML-1002,3.756,237.33,17.77,0.891,0,NORMAL
2026-06-29 22:34:05.727696,METER-ML-1002,3.232,232.0,15.51,0.898,0,NORMAL
2026-06-29 23:34:05.727696,METER-ML-1002,2.872,230.16,12.88,0.969,0,NORMAL
2026-06-30 00:34:05.727696,METER-ML-1002,3.318,231.87,14.96,0.956,0,NORMAL
2026-06-30 01:34:05.727696,METER-ML-1002,3.506,222.32,17.53,0.899,0,NORMAL
2026-06-30 02:34:05.727696,METER-ML-1002,4.584,225.2,22.35,0.911,0,NORMAL
2026-06-30 03:34:05.727696,METER-ML-1002,3.923,232.31,17.86,0.946,0,NORMAL
2026-06-30 04:34:05.727696,METER-ML-1002,3.613,228.49,17.06,0.927,0,NORMAL
2026-06-30 05:34:05.727696,METER-ML-1002,4.071,227.82,18.79,0.951,0,NORMAL
2026-06-30 06:34:05.727696,METER-ML-1002,4.153,228.27,20.45,0.89,0,NORMAL
2026-06-30 07:34:05.727696,METER-ML-1002,5.239,227.54,25.25,0.912,0,NORMAL
2026-06-30 08:34:05.727696,METER-ML-1002,4.819,226.91,24.22,0.877,0,NORMAL
2026-06-30 09:34:05.727696,METER-ML-1002,6.108,233.99,28.82,0.906,0,NORMAL
2026-06-30 10:34:05.727696,METER-ML-1002,5.788,232.23,25.67,0.971,0,NORMAL
2026-06-30 11:34:05.727696,METER-ML-1002,5.428,232.24,25.6,0.913,0,NORMAL
2026-06-30 12:34:05.727696,METER-ML-1002,4.746,175.56,21.08,0.505,1,ANOMALIE_TENSION_FP
2026-06-30 13:34:05.727696,METER-ML-1002,5.636,228.91,27.97,0.88,0,NORMAL
2026-06-30 14:34:05.727696,METER-ML-1002,5.363,230.26,24.93,0.934,0,NORMAL
2026-06-30 15:34:05.727696,METER-ML-1002,5.281,237.52,24.24,0.917,0,NORMAL
2026-06-30 16:34:05.727696,METER-ML-1002,5.576,227.55,26.98,0.908,0,NORMAL
2026-06-30 17:34:05.727696,METER-ML-1002,5.121,230.73,26.13,0.849,0,NORMAL
2026-06-30 18:34:05.727696,METER-ML-1002,4.368,227.66,20.27,0.947,0,NORMAL
2026-06-30 19:34:05.727696,METER-ML-1002,3.685,231.44,17.08,0.932,0,NORMAL
2026-06-30 20:34:05.727696,METER-ML-1002,4.097,227.36,19.79,0.911,0,NORMAL
2026-06-30 21:34:05.727696,METER-ML-1002,2.398,231.51,11.2,0.925,0,NORMAL
2026-06-30 22:34:05.727696,METER-ML-1002,2.815,231.66,13.32,0.912,0,NORMAL
2026-06-30 23:34:05.727696,METER-ML-1002,3.658,222.5,18.29,0.899,0,NORMAL
2026-07-01 00:34:05.727696,METER-ML-1002,3.527,231.19,15.41,0.99,0,NORMAL
2026-07-01 01:34:05.727696,METER-ML-1002,3.573,229.31,17.18,0.907,0,NORMAL
2026-07-01 02:34:05.727696,METER-ML-1002,4.03,228.57,19.36,0.911,0,NORMAL
2026-07-01 03:34:05.727696,METER-ML-1002,4.646,231.47,21.39,0.938,0,NORMAL
2026-07-01 04:34:05.727696,METER-ML-1002,4.066,227.41,21.16,0.845,0,NORMAL
2026-07-01 05:34:05.727696,METER-ML-1002,3.428,232.04,15.94,0.927,0,NORMAL
2026-07-01 06:34:05.727696,METER-ML-1002,4.294,238.62,19.63,0.917,0,NORMAL
2026-07-01 07:34:05.727696,METER-ML-1002,5.027,235.55,23.81,0.896,0,NORMAL
2026-07-01 08:34:05.727696,METER-ML-1002,5.388,235.97,26.34,0.867,0,NORMAL
2026-07-01 09:34:05.727696,METER-ML-1002,5.286,233.36,24.11,0.939,0,NORMAL
2026-07-01 10:34:05.727696,METER-ML-1002,5.386,230.17,25.6,0.914,0,NORMAL
2026-07-01 11:34:05.727696,METER-ML-1002,5.365,225.91,24.78,0.958,0,NORMAL
2026-07-01 12:34:05.727696,METER-ML-1002,5.407,227.48,25.25,0.941,0,NORMAL
2026-07-01 13:34:05.727696,METER-ML-1002,6.457,227.3,29.77,0.954,0,NORMAL
2026-07-01 14:34:05.727696,METER-ML-1002,5.734,223.75,25.89,0.99,0,NORMAL
2026-07-01 15:34:05.727696,METER-ML-1002,5.521,226.06,27.52,0.887,0,NORMAL
2026-07-01 16:34:05.727696,METER-ML-1002,5.336,234.19,24.11,0.945,0,NORMAL
2026-07-01 17:34:05.727696,METER-ML-1002,4.777,230.44,20.96,0.989,0,NORMAL
2026-07-01 18:34:05.727696,METER-ML-1002,3.801,233.39,17.57,0.927,0,NORMAL
2026-07-01 19:34:05.727696,METER-ML-1002,3.58,227.6,16.89,0.932,0,NORMAL
2026-07-01 20:34:05.727696,METER-ML-1002,3.931,233.69,18.08,0.93,0,NORMAL
2026-07-01 21:34:05.727696,METER-ML-1002,3.164,233.16,14.65,0.926,0,NORMAL
2026-07-01 22:34:05.727696,METER-ML-1002,3.24,234.46,13.96,0.99,0,NORMAL
2026-07-01 23:34:05.727696,METER-ML-1002,2.237,232.91,10.15,0.946,0,NORMAL
2026-07-02 00:34:05.727696,METER-ML-1002,3.742,230.69,19.01,0.853,0,NORMAL
2026-07-02 01:34:05.727696,METER-ML-1002,3.815,230.71,17.67,0.936,0,NORMAL
2026-07-02 02:34:05.727696,METER-ML-1002,3.563,219.77,18.31,0.886,0,NORMAL
2026-07-02 03:34:05.727696,METER-ML-1002,3.57,225.87,16.33,0.968,0,NORMAL
2026-07-02 04:34:05.727696,METER-ML-1002,3.376,230.49,15.63,0.937,0,NORMAL
2026-07-02 05:34:05.727696,METER-ML-1002,4.309,232.32,20.03,0.926,0,NORMAL
2026-07-02 06:34:05.727696,METER-ML-1002,4.525,225.08,23.14,0.869,0,NORMAL
2026-07-02 07:34:05.727696,METER-ML-1002,5.193,231.98,23.83,0.939,0,NORMAL
2026-07-02 08:34:05.727696,METER-ML-1002,5.17,233.37,23.45,0.945,0,NORMAL
2026-07-02 09:34:05.727696,METER-ML-1002,5.533,231.12,26.14,0.916,0,NORMAL
2026-07-02 10:34:05.727696,METER-ML-1002,5.509,223.97,26.53,0.927,0,NORMAL
2026-07-02 11:34:05.727696,METER-ML-1002,5.63,229.54,26.41,0.929,0,NORMAL
2026-07-02 12:34:05.727696,METER-ML-1002,5.109,227.73,24.71,0.908,0,NORMAL
2026-07-02 13:34:05.727696,METER-ML-1002,6.401,224.81,31.73,0.897,0,NORMAL
2026-07-02 14:34:05.727696,METER-ML-1002,6.268,223.92,28.48,0.983,0,NORMAL
2026-07-02 15:34:05.727696,METER-ML-1002,5.382,229.05,27.28,0.861,0,NORMAL
2026-07-02 16:34:05.727696,METER-ML-1002,4.987,231.91,22.8,0.943,0,NORMAL
2026-07-02 17:34:05.727696,METER-ML-1002,4.997,228.69,24.27,0.9,0,NORMAL
2026-07-02 18:34:05.727696,METER-ML-1002,4.869,230.58,23.12,0.913,0,NORMAL
2026-07-02 19:34:05.727696,METER-ML-1002,21.475,225.47,107.7,0.884,1,SURCHARGE_ANORMALE
2026-07-02 20:34:05.727696,METER-ML-1002,3.843,235.7,17.62,0.926,0,NORMAL
2026-07-02 21:34:05.727696,METER-ML-1002,2.985,175.07,13.34,0.48,1,ANOMALIE_TENSION_FP
2026-07-02 22:34:05.727696,METER-ML-1002,2.511,234.05,11.73,0.915,0,NORMAL
2026-07-02 23:34:05.727696,METER-ML-1002,2.518,225.84,11.86,0.94,0,NORMAL
2026-07-03 00:34:05.727696,METER-ML-1002,4.354,232.2,20.58,0.911,0,NORMAL
2026-07-03 01:34:05.727696,METER-ML-1002,3.465,237.09,15.43,0.947,0,NORMAL
2026-07-03 02:34:05.727696,METER-ML-1002,3.459,230.22,16.48,0.912,0,NORMAL
2026-07-03 03:34:05.727696,METER-ML-1002,4.088,228.94,19.19,0.931,0,NORMAL
2026-07-03 04:34:05.727696,METER-ML-1002,3.551,234.4,15.85,0.956,0,NORMAL
2026-07-03 05:34:05.727696,METER-ML-1002,3.986,228.28,19.46,0.898,0,NORMAL
2026-07-03 06:34:05.727696,METER-ML-1002,4.82,226.97,23.11,0.919,0,NORMAL
2026-07-03 07:34:05.727696,METER-ML-1002,4.826,230.33,22.51,0.931,0,NORMAL
2026-07-03 08:34:05.727696,METER-ML-1002,5.174,231.1,24.29,0.922,0,NORMAL
2026-07-03 09:34:05.727696,METER-ML-1002,6.127,233.02,29.77,0.883,0,NORMAL
2026-07-03 10:34:05.727696,METER-ML-1002,6.04,226.22,28.71,0.93,0,NORMAL
2026-07-03 11:34:05.727696,METER-ML-1002,5.433,231.08,24.96,0.942,0,NORMAL
2026-07-03 12:34:05.727696,METER-ML-1002,5.656,232.47,26.46,0.919,0,NORMAL
2026-07-03 13:34:05.727696,METER-ML-1002,6.414,224.52,30.68,0.931,0,NORMAL
2026-07-03 14:34:05.727696,METER-ML-1002,0.014,227.53,0.1,0.942,1,CHUTE_SUSPECTE_FRAUDE
2026-07-03 15:34:05.727696,METER-ML-1002,5.809,234.43,27.31,0.907,0,NORMAL
2026-07-03 16:34:05.727696,METER-ML-1002,4.487,224.17,23.28,0.86,0,NORMAL
2026-07-03 17:34:05.727696,METER-ML-1002,5.316,228.16,25.46,0.915,0,NORMAL
2026-07-03 18:34:05.727696,METER-ML-1002,4.679,231.04,21.92,0.924,0,NORMAL
2026-07-03 19:34:05.727696,METER-ML-1002,4.53,229.01,22.14,0.893,0,NORMAL
2026-07-03 20:34:05.727696,METER-ML-1002,3.711,230.16,18.34,0.879,0,NORMAL
2026-07-03 21:34:05.727696,METER-ML-1002,3.259,233.68,15.63,0.892,0,NORMAL
2026-07-03 22:34:05.727696,METER-ML-1002,2.757,229.03,13.63,0.883,0,NORMAL
2026-07-03 23:34:05.727696,METER-ML-1002,2.854,235.4,13.76,0.881,0,NORMAL
2026-07-04 00:34:05.727696,METER-ML-1002,3.668,236.08,16.66,0.933,0,NORMAL
2026-07-04 01:34:05.727696,METER-ML-1002,4.195,232.37,19.11,0.945,0,NORMAL
2026-07-04 02:34:05.727696,METER-ML-1002,4.21,226.72,20.92,0.888,0,NORMAL
2026-07-04 03:34:05.727696,METER-ML-1002,5.138,228.4,24.21,0.929,0,NORMAL
2026-07-04 04:34:05.727696,METER-ML-1002,4.67,229.59,21.96,0.926,0,NORMAL
2026-07-04 05:34:05.727696,METER-ML-1002,4.397,227.01,21.81,0.888,0,NORMAL
2026-07-04 06:34:05.727696,METER-ML-1002,4.764,231.98,21.84,0.941,0,NORMAL
2026-07-04 07:34:05.727696,METER-ML-1002,5.345,223.17,25.46,0.941,0,NORMAL
2026-07-04 08:34:05.727696,METER-ML-1002,0.046,235.89,0.1,0.932,1,CHUTE_SUSPECTE_FRAUDE
2026-07-04 09:34:05.727696,METER-ML-1002,6.688,227.03,32.37,0.91,0,NORMAL
2026-07-04 10:34:05.727696,METER-ML-1002,0.095,226.48,0.1,0.924,1,CHUTE_SUSPECTE_FRAUDE
2026-07-04 11:34:05.727696,METER-ML-1002,7.182,227.37,38.25,0.826,0,NORMAL
2026-07-04 12:34:05.727696,METER-ML-1002,7.414,226.54,33.15,0.987,0,NORMAL
2026-07-04 13:34:05.727696,METER-ML-1002,7.035,159.41,34.61,0.489,1,ANOMALIE_TENSION_FP
2026-07-04 14:34:05.727696,METER-ML-1002,6.999,227.37,32.91,0.935,0,NORMAL
2026-07-04 15:34:05.727696,METER-ML-1002,6.056,228.09,29.13,0.912,0,NORMAL
2026-07-04 16:34:05.727696,METER-ML-1002,6.638,228.61,32.76,0.886,0,NORMAL
2026-07-04 17:34:05.727696,METER-ML-1002,5.92,229.51,27.81,0.928,0,NORMAL
2026-07-04 18:34:05.727696,METER-ML-1002,5.124,234.53,23.42,0.933,0,NORMAL
2026-07-04 19:34:05.727696,METER-ML-1002,5.024,235.23,23.51,0.908,0,NORMAL
2026-07-04 20:34:05.727696,METER-ML-1002,5.044,225.33,24.87,0.9,0,NORMAL
2026-07-04 21:34:05.727696,METER-ML-1002,4.108,229.82,19.04,0.939,0,NORMAL
2026-07-04 22:34:05.727696,METER-ML-1002,3.567,232.58,17.03,0.901,0,NORMAL
2026-07-04 23:34:05.727696,METER-ML-1002,3.447,232.89,16.21,0.913,0,NORMAL
2026-07-05 00:34:05.727696,METER-ML-1002,5.133,228.83,25.5,0.88,0,NORMAL
2026-07-05 01:34:05.727696,METER-ML-1002,5.102,179.7,23.91,0.481,1,ANOMALIE_TENSION_FP
2026-07-05 02:34:05.727696,METER-ML-1002,3.463,234.09,15.29,0.968,0,NORMAL
2026-07-05 03:34:05.727696,METER-ML-1002,4.735,227.27,23.5,0.887,0,NORMAL
2026-07-05 04:34:05.727696,METER-ML-1002,4.901,229.46,24.13,0.885,0,NORMAL
2026-07-05 05:34:05.727696,METER-ML-1002,4.895,229.05,24.24,0.882,0,NORMAL
2026-07-05 06:34:05.727696,METER-ML-1002,5.413,221.18,26.47,0.924,0,NORMAL
2026-07-05 07:34:05.727696,METER-ML-1002,5.348,229.5,25.48,0.915,0,NORMAL
2026-07-05 08:34:05.727696,METER-ML-1002,5.715,229.32,26.51,0.94,0,NORMAL
2026-07-05 09:34:05.727696,METER-ML-1002,7.4,230.97,33.44,0.958,0,NORMAL
2026-07-05 10:34:05.727696,METER-ML-1002,27.268,231.03,131.19,0.9,1,SURCHARGE_ANORMALE
2026-07-05 11:34:05.727696,METER-ML-1002,7.055,230.16,31.93,0.96,0,NORMAL
2026-07-05 12:34:05.727696,METER-ML-1002,6.962,232.71,32.53,0.92,0,NORMAL
2026-07-05 13:34:05.727696,METER-ML-1002,6.641,233.39,32.52,0.875,0,NORMAL
2026-07-05 14:34:05.727696,METER-ML-1002,6.91,234.47,32.1,0.918,0,NORMAL
2026-07-05 15:34:05.727696,METER-ML-1002,6.37,229.82,30.35,0.913,0,NORMAL
2026-07-05 16:34:05.727696,METER-ML-1002,6.25,229.75,29.9,0.91,0,NORMAL
2026-07-05 17:34:05.727696,METER-ML-1002,5.617,226.87,26.4,0.938,0,NORMAL
2026-07-05 18:34:05.727696,METER-ML-1002,5.098,229.36,24.25,0.917,0,NORMAL
2026-07-05 19:34:05.727696,METER-ML-1002,5.368,225.84,26.73,0.889,0,NORMAL
2026-07-05 20:34:05.727696,METER-ML-1002,4.654,226.86,21.89,0.937,0,NORMAL
2026-07-05 21:34:05.727696,METER-ML-1002,3.515,233.96,16.14,0.931,0,NORMAL
2026-07-05 22:34:05.727696,METER-ML-1002,4.233,237.19,18.47,0.966,0,NORMAL
2026-07-05 23:34:05.727696,METER-ML-1002,2.68,226.31,12.3,0.963,0,NORMAL
2026-07-06 00:34:05.727696,METER-ML-1002,3.395,229.5,15.92,0.929,0,NORMAL
2026-07-06 01:34:05.727696,METER-ML-1002,3.705,235.09,17.5,0.9,0,NORMAL
2026-07-06 02:34:05.727696,METER-ML-1002,3.639,232.44,17.21,0.91,0,NORMAL
2026-07-06 03:34:05.727696,METER-ML-1002,3.834,222.89,18.98,0.906,0,NORMAL
2026-07-06 04:34:05.727696,METER-ML-1002,3.224,230.38,15.46,0.905,0,NORMAL
2026-07-06 05:34:05.727696,METER-ML-1002,4.178,227.55,20.93,0.877,0,NORMAL
2026-07-06 06:34:05.727696,METER-ML-1002,4.943,232.66,22.76,0.933,0,NORMAL
2026-07-06 07:34:05.727696,METER-ML-1002,4.797,227.45,23.26,0.907,0,NORMAL
2026-07-06 08:34:05.727696,METER-ML-1002,5.227,236.47,23.61,0.936,0,NORMAL
2026-07-06 09:34:05.727696,METER-ML-1002,5.311,226.63,23.67,0.99,0,NORMAL
2026-07-06 10:34:05.727696,METER-ML-1002,5.73,229.71,25.95,0.961,0,NORMAL
2026-07-06 11:34:05.727696,METER-ML-1002,5.942,220.48,29.22,0.922,0,NORMAL
2026-07-06 12:34:05.727696,METER-ML-1002,6.126,232.0,29.48,0.896,0,NORMAL
2026-07-06 13:34:05.727696,METER-ML-1002,6.193,235.62,27.59,0.953,0,NORMAL
2026-07-06 14:34:05.727696,METER-ML-1002,5.739,224.67,28.25,0.904,0,NORMAL
2026-07-06 15:34:05.727696,METER-ML-1002,5.951,228.98,29.15,0.892,0,NORMAL
2026-07-06 16:34:05.727696,METER-ML-1002,5.107,228.5,25.72,0.869,0,NORMAL
2026-07-06 17:34:05.727696,METER-ML-1002,5.125,227.51,24.16,0.932,0,NORMAL
2026-07-06 18:34:05.727696,METER-ML-1002,3.972,233.48,18.15,0.937,0,NORMAL
2026-07-06 19:34:05.727696,METER-ML-1002,4.151,229.02,19.14,0.947,0,NORMAL
2026-07-06 20:34:05.727696,METER-ML-1002,4.16,228.1,19.89,0.917,0,NORMAL
2026-07-06 21:34:05.727696,METER-ML-1002,3.179,236.98,14.72,0.911,0,NORMAL
2026-07-06 22:34:05.727696,METER-ML-1002,3.345,230.95,15.57,0.93,0,NORMAL
2026-07-06 23:34:05.727696,METER-ML-1002,2.783,228.54,13.76,0.885,0,NORMAL
2026-07-07 00:34:05.727696,METER-ML-1002,4.238,234.4,20.0,0.904,0,NORMAL
2026-07-07 01:34:05.727696,METER-ML-1002,3.934,229.2,19.11,0.898,0,NORMAL
2026-07-07 02:34:05.727696,METER-ML-1002,3.35,229.4,15.91,0.918,0,NORMAL
2026-07-07 03:34:05.727696,METER-ML-1002,0.007,226.1,0.1,0.912,1,CHUTE_SUSPECTE_FRAUDE
2026-07-07 04:34:05.727696,METER-ML-1002,3.559,229.69,16.0,0.968,0,NORMAL
2026-07-07 05:34:05.727696,METER-ML-1002,3.9,229.52,18.32,0.928,0,NORMAL
2026-07-07 06:34:05.727696,METER-ML-1002,4.555,226.47,23.01,0.874,0,NORMAL
2026-07-07 07:34:05.727696,METER-ML-1002,4.611,238.15,20.93,0.925,0,NORMAL
2026-07-07 08:34:05.727696,METER-ML-1002,5.097,235.82,23.86,0.906,0,NORMAL
2026-07-07 09:34:05.727696,METER-ML-1002,5.311,227.38,25.58,0.913,0,NORMAL
2026-07-07 10:34:05.727696,METER-ML-1002,5.642,233.68,27.92,0.865,0,NORMAL
2026-07-07 11:34:05.727696,METER-ML-1002,6.025,230.45,27.72,0.943,0,NORMAL
2026-07-07 12:34:05.727696,METER-ML-1002,5.688,234.25,25.94,0.936,0,NORMAL
2026-07-07 13:34:05.727696,METER-ML-1002,0.014,223.4,0.1,0.935,1,CHUTE_SUSPECTE_FRAUDE
2026-07-07 14:34:05.727696,METER-ML-1002,0.031,231.0,0.1,0.914,1,CHUTE_SUSPECTE_FRAUDE
2026-07-07 15:34:05.727696,METER-ML-1002,5.688,237.99,26.46,0.903,0,NORMAL
2026-07-07 16:34:05.727696,METER-ML-1002,4.925,223.81,23.9,0.921,0,NORMAL
2026-07-07 17:34:05.727696,METER-ML-1002,4.471,229.8,21.78,0.893,0,NORMAL
2026-07-07 18:34:05.727696,METER-ML-1002,4.84,231.88,24.0,0.87,0,NORMAL
2026-07-07 19:34:05.727696,METER-ML-1002,3.918,230.86,18.72,0.907,0,NORMAL
2026-07-07 20:34:05.727696,METER-ML-1002,2.797,229.95,13.71,0.887,0,NORMAL
2026-07-07 21:34:05.727696,METER-ML-1002,2.924,228.55,13.69,0.934,0,NORMAL
2026-07-07 22:34:05.727696,METER-ML-1002,3.12,234.65,15.29,0.87,0,NORMAL
2026-07-07 23:34:05.727696,METER-ML-1002,3.053,227.51,15.25,0.88,0,NORMAL
2026-07-08 00:34:05.727696,METER-ML-1002,3.446,230.77,16.49,0.906,0,NORMAL
2026-07-08 01:34:05.727696,METER-ML-1002,3.319,228.73,15.78,0.919,0,NORMAL
2026-07-08 02:34:05.727696,METER-ML-1002,4.06,223.26,18.85,0.965,0,NORMAL
2026-07-08 03:34:05.727696,METER-ML-1002,3.386,231.3,15.75,0.929,0,NORMAL
2026-07-08 04:34:05.727696,METER-ML-1002,3.378,229.14,17.1,0.862,0,NORMAL
2026-07-08 05:34:05.727696,METER-ML-1002,3.958,235.13,17.53,0.96,0,NORMAL
2026-07-08 06:34:05.727696,METER-ML-1002,4.725,227.72,24.01,0.864,0,NORMAL
2026-07-08 07:34:05.727696,METER-ML-1002,4.784,226.47,22.64,0.933,0,NORMAL
2026-07-08 08:34:05.727696,METER-ML-1002,5.372,230.69,27.58,0.844,0,NORMAL
2026-07-08 09:34:05.727696,METER-ML-1002,6.198,230.32,29.1,0.925,0,NORMAL
2026-07-08 10:34:05.727696,METER-ML-1002,5.274,236.84,25.02,0.89,0,NORMAL
2026-07-08 11:34:05.727696,METER-ML-1002,5.697,228.52,27.77,0.898,0,NORMAL
2026-07-08 12:34:05.727696,METER-ML-1002,5.707,231.47,26.08,0.945,0,NORMAL
2026-07-08 13:34:05.727696,METER-ML-1002,6.5,231.73,29.63,0.947,0,NORMAL
2026-07-08 14:34:05.727696,METER-ML-1002,6.149,230.77,28.02,0.951,0,NORMAL
2026-07-08 15:34:05.727696,METER-ML-1002,5.861,231.71,27.61,0.916,0,NORMAL
2026-07-08 16:34:05.727696,METER-ML-1002,4.576,229.55,22.81,0.874,0,NORMAL
2026-07-08 17:34:05.727696,METER-ML-1002,4.276,228.65,21.26,0.879,0,NORMAL
2026-07-08 18:34:05.727696,METER-ML-1002,3.778,228.43,18.22,0.908,0,NORMAL
2026-07-08 19:34:05.727696,METER-ML-1002,5.062,232.13,23.16,0.941,0,NORMAL
2026-07-08 20:34:05.727696,METER-ML-1002,3.301,230.79,15.25,0.938,0,NORMAL
2026-07-08 21:34:05.727696,METER-ML-1002,3.53,231.83,17.09,0.891,0,NORMAL
2026-07-08 22:34:05.727696,METER-ML-1002,2.554,234.87,11.9,0.914,0,NORMAL
2026-07-08 23:34:05.727696,METER-ML-1002,2.939,232.9,13.63,0.926,0,NORMAL
2026-07-09 00:34:05.727696,METER-ML-1002,3.263,230.11,15.49,0.915,0,NORMAL
2026-07-09 01:34:05.727696,METER-ML-1002,3.383,233.38,15.56,0.931,0,NORMAL
2026-07-09 02:34:05.727696,METER-ML-1002,4.229,222.44,20.35,0.934,0,NORMAL
2026-07-09 03:34:05.727696,METER-ML-1002,3.729,230.65,17.55,0.921,0,NORMAL
2026-07-09 04:34:05.727696,METER-ML-1002,3.543,229.9,16.68,0.924,0,NORMAL
2026-07-09 05:34:05.727696,METER-ML-1002,4.06,231.5,17.95,0.977,0,NORMAL
2026-07-09 06:34:05.727696,METER-ML-1002,3.946,224.73,19.12,0.919,0,NORMAL
2026-07-09 07:34:05.727696,METER-ML-1002,4.632,228.44,21.66,0.936,0,NORMAL
2026-07-09 08:34:05.727696,METER-ML-1002,4.399,228.6,20.81,0.925,0,NORMAL
2026-07-09 09:34:05.727696,METER-ML-1002,4.575,229.96,21.89,0.909,0,NORMAL
2026-07-09 10:34:05.727696,METER-ML-1002,5.589,227.47,26.39,0.931,0,NORMAL
2026-07-09 11:34:05.727696,METER-ML-1002,6.485,227.58,30.21,0.943,0,NORMAL
2026-07-09 12:34:05.727696,METER-ML-1002,6.145,229.24,29.17,0.919,0,NORMAL
2026-07-09 13:34:05.727696,METER-ML-1002,5.295,231.57,24.58,0.93,0,NORMAL
2026-07-09 14:34:05.727696,METER-ML-1002,0.047,232.5,0.1,0.908,1,CHUTE_SUSPECTE_FRAUDE
2026-07-09 15:34:05.727696,METER-ML-1002,5.733,226.26,28.26,0.897,0,NORMAL
2026-07-09 16:34:05.727696,METER-ML-1002,5.16,225.81,25.19,0.907,0,NORMAL
2026-07-09 17:34:05.727696,METER-ML-1002,4.412,229.39,21.53,0.893,0,NORMAL
2026-07-09 18:34:05.727696,METER-ML-1002,4.348,231.96,20.65,0.908,0,NORMAL
2026-07-09 19:34:05.727696,METER-ML-1002,3.77,233.48,17.34,0.931,0,NORMAL
2026-07-09 20:34:05.727696,METER-ML-1002,2.928,230.38,13.93,0.913,0,NORMAL
2026-07-09 21:34:05.727696,METER-ML-1002,3.484,233.11,16.24,0.92,0,NORMAL
2026-07-09 22:34:05.727696,METER-ML-1002,3.31,226.58,16.2,0.902,0,NORMAL
2026-07-09 23:34:05.727696,METER-ML-1002,3.327,229.55,15.89,0.912,0,NORMAL
2026-07-10 00:34:05.727696,METER-ML-1002,3.434,229.01,16.64,0.901,0,NORMAL
2026-07-10 01:34:05.727696,METER-ML-1002,3.185,231.34,15.05,0.915,0,NORMAL
2026-07-10 02:34:05.727696,METER-ML-1002,4.056,223.85,19.86,0.912,0,NORMAL
2026-07-10 03:34:05.727696,METER-ML-1002,3.615,229.49,17.26,0.913,0,NORMAL
2026-07-10 04:34:05.727696,METER-ML-1002,3.262,227.2,15.89,0.903,0,NORMAL
2026-07-10 05:34:05.727696,METER-ML-1002,3.763,229.42,17.21,0.953,0,NORMAL
2026-07-10 06:34:05.727696,METER-ML-1002,3.836,232.72,18.36,0.898,0,NORMAL
2026-07-10 07:34:05.727696,METER-ML-1002,4.7,232.6,22.07,0.916,0,NORMAL
2026-07-10 08:34:05.727696,METER-ML-1002,5.54,229.66,26.0,0.928,0,NORMAL
2026-07-10 09:34:05.727696,METER-ML-1002,5.26,231.7,25.21,0.9,0,NORMAL
2026-07-10 10:34:05.727696,METER-ML-1002,5.736,235.02,28.24,0.864,0,NORMAL
2026-07-10 11:34:05.727696,METER-ML-1002,5.789,231.47,28.75,0.87,0,NORMAL
2026-07-10 12:34:05.727696,METER-ML-1002,6.697,222.56,32.68,0.921,0,NORMAL
2026-07-10 13:34:05.727696,METER-ML-1002,6.228,230.43,30.96,0.873,0,NORMAL
2026-07-10 14:34:05.727696,METER-ML-1002,5.765,225.07,27.59,0.928,0,NORMAL
2026-07-10 15:34:05.727696,METER-ML-1002,5.823,228.55,26.22,0.972,0,NORMAL
2026-07-10 16:34:05.727696,METER-ML-1002,4.969,230.73,23.44,0.919,0,NORMAL
2026-07-10 17:34:05.727696,METER-ML-1002,4.55,227.33,20.95,0.955,0,NORMAL
2026-07-10 18:34:05.727696,METER-ML-1002,3.829,230.23,17.14,0.97,0,NORMAL
2026-07-10 19:34:05.727696,METER-ML-1002,3.562,229.4,16.56,0.938,0,NORMAL
2026-07-10 20:34:05.727696,METER-ML-1002,3.645,236.47,16.23,0.95,0,NORMAL
2026-07-10 21:34:05.727696,METER-ML-1002,2.563,227.26,12.42,0.908,0,NORMAL
2026-07-10 22:34:05.727696,METER-ML-1002,2.271,233.43,10.66,0.913,0,NORMAL
2026-07-10 23:34:05.727696,METER-ML-1002,2.745,230.15,12.78,0.934,0,NORMAL
2026-07-11 00:34:05.727696,METER-ML-1002,5.04,229.3,24.21,0.908,0,NORMAL
2026-07-11 01:34:05.727696,METER-ML-1002,5.292,234.13,26.02,0.869,0,NORMAL
2026-07-11 02:34:05.727696,METER-ML-1002,4.512,225.84,21.41,0.933,0,NORMAL
2026-07-11 03:34:05.727696,METER-ML-1002,4.512,232.0,21.86,0.89,0,NORMAL
2026-07-11 04:34:05.727696,METER-ML-1002,5.161,232.87,24.46,0.906,0,NORMAL
2026-07-11 05:34:05.727696,METER-ML-1002,4.034,223.97,19.59,0.919,0,NORMAL
2026-07-11 06:34:05.727696,METER-ML-1002,5.225,232.74,24.86,0.903,0,NORMAL
2026-07-11 07:34:05.727696,METER-ML-1002,5.675,227.17,26.64,0.938,0,NORMAL
2026-07-11 08:34:05.727696,METER-ML-1002,6.427,227.8,32.87,0.858,0,NORMAL
2026-07-11 09:34:05.727696,METER-ML-1002,6.418,231.18,28.09,0.988,0,NORMAL
2026-07-11 10:34:05.727696,METER-ML-1002,6.44,227.99,31.04,0.91,0,NORMAL
2026-07-11 11:34:05.727696,METER-ML-1002,7.558,227.52,37.14,0.894,0,NORMAL
2026-07-11 12:34:05.727696,METER-ML-1002,7.144,231.65,33.41,0.923,0,NORMAL
2026-07-11 13:34:05.727696,METER-ML-1002,0.025,225.43,0.1,0.914,1,CHUTE_SUSPECTE_FRAUDE
2026-07-11 14:34:05.727696,METER-ML-1002,6.822,228.29,35.68,0.838,0,NORMAL
2026-07-11 15:34:05.727696,METER-ML-1002,6.954,235.89,32.24,0.914,0,NORMAL
2026-07-11 16:34:05.727696,METER-ML-1002,5.789,235.13,28.05,0.878,0,NORMAL
2026-07-11 17:34:05.727696,METER-ML-1002,5.367,225.83,25.01,0.95,0,NORMAL
2026-07-11 18:34:05.727696,METER-ML-1002,5.386,222.79,25.61,0.944,0,NORMAL
2026-07-11 19:34:05.727696,METER-ML-1002,4.69,230.22,22.4,0.909,0,NORMAL
2026-07-11 20:34:05.727696,METER-ML-1002,5.515,231.99,26.11,0.91,0,NORMAL
2026-07-11 21:34:05.727696,METER-ML-1002,3.612,229.49,16.57,0.95,0,NORMAL
2026-07-11 22:34:05.727696,METER-ML-1002,4.181,220.19,20.35,0.933,0,NORMAL
2026-07-11 23:34:05.727696,METER-ML-1002,2.683,232.79,11.99,0.961,0,NORMAL
2026-07-12 00:34:05.727696,METER-ML-1002,4.226,233.55,20.45,0.885,0,NORMAL
2026-07-12 01:34:05.727696,METER-ML-1002,4.15,231.06,20.76,0.865,0,NORMAL
2026-07-12 02:34:05.727696,METER-ML-1002,4.815,230.65,21.08,0.99,0,NORMAL
2026-07-12 03:34:05.727696,METER-ML-1002,4.117,219.84,20.81,0.9,0,NORMAL
2026-07-12 04:34:05.727696,METER-ML-1002,4.479,229.76,22.21,0.878,0,NORMAL
2026-07-12 05:34:05.727696,METER-ML-1002,3.327,229.35,15.72,0.923,0,NORMAL
2026-07-12 06:34:05.727696,METER-ML-1002,4.837,230.93,22.72,0.922,0,NORMAL
2026-07-12 07:34:05.727696,METER-ML-1002,5.633,224.84,27.5,0.911,0,NORMAL
2026-07-12 08:34:05.727696,METER-ML-1002,6.473,233.93,29.43,0.94,0,NORMAL
2026-07-12 09:34:05.727696,METER-ML-1002,7.189,230.59,35.83,0.87,0,NORMAL
2026-07-12 10:34:05.727696,METER-ML-1002,7.204,234.57,33.24,0.924,0,NORMAL
2026-07-12 11:34:05.727696,METER-ML-1002,7.669,228.28,36.29,0.926,0,NORMAL
2026-07-12 12:34:05.727696,METER-ML-1002,6.904,229.6,33.09,0.909,0,NORMAL
2026-07-12 13:34:05.727696,METER-ML-1002,6.491,234.27,28.75,0.964,0,NORMAL
2026-07-12 14:34:05.727696,METER-ML-1002,6.476,226.41,29.56,0.968,0,NORMAL
2026-07-12 15:34:05.727696,METER-ML-1002,5.706,227.7,26.58,0.943,0,NORMAL
2026-07-12 16:34:05.727696,METER-ML-1002,6.5,223.41,33.28,0.874,0,NORMAL
2026-07-12 17:34:05.727696,METER-ML-1002,4.896,229.27,23.23,0.919,0,NORMAL
2026-07-12 18:34:05.727696,METER-ML-1002,5.709,229.19,27.8,0.896,0,NORMAL
2026-07-12 19:34:05.727696,METER-ML-1002,3.925,233.54,17.84,0.942,0,NORMAL
2026-07-12 20:34:05.727696,METER-ML-1002,4.443,232.05,20.81,0.92,0,NORMAL
2026-07-12 21:34:05.727696,METER-ML-1002,4.332,235.2,20.78,0.887,0,NORMAL
2026-07-12 22:34:05.727696,METER-ML-1002,4.32,226.34,20.3,0.94,0,NORMAL
2026-07-12 23:34:05.727696,METER-ML-1002,3.464,231.57,16.99,0.88,0,NORMAL
2026-07-13 00:34:05.727696,METER-ML-1002,3.766,228.86,17.75,0.927,0,NORMAL
2026-07-13 01:34:05.727696,METER-ML-1002,3.793,225.7,18.34,0.916,0,NORMAL
2026-07-13 02:34:05.727696,METER-ML-1002,3.752,230.01,18.56,0.879,0,NORMAL
2026-07-13 03:34:05.727696,METER-ML-1002,3.781,226.74,18.84,0.885,0,NORMAL
2026-07-13 04:34:05.727696,METER-ML-1002,3.098,234.75,14.41,0.916,0,NORMAL
2026-07-13 05:34:05.727696,METER-ML-1002,3.834,226.18,18.69,0.907,0,NORMAL
2026-07-13 06:34:05.727696,METER-ML-1002,4.611,224.89,22.15,0.926,0,NORMAL
2026-07-13 07:34:05.727696,METER-ML-1002,4.539,231.42,20.31,0.966,0,NORMAL
2026-07-13 08:34:05.727696,METER-ML-1002,5.031,228.3,23.84,0.924,0,NORMAL
2026-07-13 09:34:05.727696,METER-ML-1002,5.535,228.96,27.48,0.88,0,NORMAL
2026-07-13 10:34:05.727696,METER-ML-1002,5.305,229.56,25.58,0.903,0,NORMAL
2026-07-13 11:34:05.727696,METER-ML-1002,6.002,229.12,28.26,0.927,0,NORMAL
2026-07-13 12:34:05.727696,METER-ML-1002,6.587,232.46,32.69,0.867,0,NORMAL
2026-07-13 13:34:05.727696,METER-ML-1002,4.603,227.49,21.53,0.94,0,NORMAL
2026-07-13 14:34:05.727696,METER-ML-1002,5.359,231.4,25.04,0.925,0,NORMAL
2026-07-13 15:34:05.727696,METER-ML-1002,5.475,230.52,24.84,0.956,0,NORMAL
2026-07-13 16:34:05.727696,METER-ML-1002,4.439,224.58,21.34,0.926,0,NORMAL
2026-07-13 17:34:05.727696,METER-ML-1002,3.76,232.74,17.72,0.912,0,NORMAL
2026-07-13 18:34:05.727696,METER-ML-1002,4.504,230.63,21.91,0.891,0,NORMAL
2026-07-13 19:34:05.727696,METER-ML-1002,4.041,229.83,19.85,0.886,0,NORMAL
2026-07-13 20:34:05.727696,METER-ML-1002,3.525,233.27,16.16,0.935,0,NORMAL
2026-07-13 21:34:05.727696,METER-ML-1002,2.684,232.17,13.25,0.872,0,NORMAL
2026-07-13 22:34:05.727696,METER-ML-1002,3.222,222.75,15.83,0.914,0,NORMAL
2026-07-13 23:34:05.727696,METER-ML-1002,3.178,228.22,14.77,0.943,0,NORMAL
2026-07-14 00:34:05.727696,METER-ML-1002,3.695,230.4,17.43,0.92,0,NORMAL
2026-07-14 01:34:05.727696,METER-ML-1002,3.903,228.7,18.9,0.903,0,NORMAL
2026-07-14 02:34:05.727696,METER-ML-1002,3.975,229.38,19.83,0.874,0,NORMAL
2026-07-14 03:34:05.727696,METER-ML-1002,3.276,228.11,15.99,0.898,0,NORMAL
2026-07-14 04:34:05.727696,METER-ML-1002,4.004,228.41,19.28,0.909,0,NORMAL
2026-07-14 05:34:05.727696,METER-ML-1002,4.237,232.81,20.56,0.885,0,NORMAL
2026-07-14 06:34:05.727696,METER-ML-1002,4.767,226.13,21.96,0.96,0,NORMAL
2026-07-14 07:34:05.727696,METER-ML-1002,4.183,227.27,20.27,0.908,0,NORMAL
2026-07-14 08:34:05.727696,METER-ML-1002,5.313,227.1,24.87,0.941,0,NORMAL
2026-07-14 09:34:05.727696,METER-ML-1002,5.659,231.99,27.06,0.901,0,NORMAL
2026-07-14 10:34:05.727696,METER-ML-1002,5.22,231.95,22.93,0.982,0,NORMAL
2026-07-14 11:34:05.727696,METER-ML-1002,5.969,231.54,29.16,0.884,0,NORMAL
2026-07-14 12:34:05.727696,METER-ML-1002,6.461,231.13,30.27,0.923,0,NORMAL
2026-07-14 13:34:05.727696,METER-ML-1002,5.649,232.88,25.17,0.964,0,NORMAL
2026-07-14 14:34:05.727696,METER-ML-1002,5.693,231.12,26.79,0.919,0,NORMAL
2026-07-14 15:34:05.727696,METER-ML-1002,5.19,230.47,24.14,0.933,0,NORMAL
2026-07-14 16:34:05.727696,METER-ML-1002,0.062,230.16,0.1,0.913,1,CHUTE_SUSPECTE_FRAUDE
2026-07-14 17:34:05.727696,METER-ML-1002,4.544,228.19,21.97,0.906,0,NORMAL
2026-07-14 18:34:05.727696,METER-ML-1002,4.424,230.9,21.61,0.886,0,NORMAL
2026-07-14 19:34:05.727696,METER-ML-1002,3.59,233.03,16.41,0.939,0,NORMAL
2026-07-14 20:34:05.727696,METER-ML-1002,3.57,228.45,17.14,0.912,0,NORMAL
2026-07-14 21:34:05.727696,METER-ML-1002,3.739,234.83,17.33,0.919,0,NORMAL
2026-07-14 22:34:05.727696,METER-ML-1002,3.518,233.4,17.08,0.882,0,NORMAL
2026-07-14 23:34:05.727696,METER-ML-1002,3.698,231.16,16.91,0.946,0,NORMAL
2026-07-15 00:34:05.727696,METER-ML-1002,3.735,227.49,17.4,0.944,0,NORMAL
2026-07-15 01:34:05.727696,METER-ML-1002,3.519,232.85,16.05,0.942,0,NORMAL
2026-07-15 02:34:05.727696,METER-ML-1002,3.971,226.4,18.92,0.927,0,NORMAL
2026-07-15 03:34:05.727696,METER-ML-1002,3.588,230.16,16.81,0.927,0,NORMAL
2026-07-15 04:34:05.727696,METER-ML-1002,3.224,230.16,15.49,0.904,0,NORMAL
2026-07-15 05:34:05.727696,METER-ML-1002,3.677,230.93,17.6,0.905,0,NORMAL
2026-07-15 06:34:05.727696,METER-ML-1002,4.596,232.3,22.02,0.898,0,NORMAL
2026-07-15 07:34:05.727696,METER-ML-1002,5.001,231.25,24.53,0.882,0,NORMAL
2026-07-15 08:34:05.727696,METER-ML-1002,5.742,228.01,25.85,0.974,0,NORMAL
2026-07-15 09:34:05.727696,METER-ML-1002,4.739,231.55,24.2,0.846,0,NORMAL
2026-07-15 10:34:05.727696,METER-ML-1002,4.843,229.31,22.02,0.959,0,NORMAL
2026-07-15 11:34:05.727696,METER-ML-1002,5.683,231.89,26.23,0.934,0,NORMAL
2026-07-15 12:34:05.727696,METER-ML-1002,5.759,231.37,28.0,0.889,0,NORMAL
2026-07-15 13:34:05.727696,METER-ML-1002,5.557,226.53,27.28,0.899,0,NORMAL
2026-07-15 14:34:05.727696,METER-ML-1002,5.151,235.56,23.38,0.935,0,NORMAL
2026-07-15 15:34:05.727696,METER-ML-1002,6.132,231.08,28.2,0.941,0,NORMAL
2026-07-15 16:34:05.727696,METER-ML-1002,4.751,235.3,22.34,0.904,0,NORMAL
2026-07-15 17:34:05.727696,METER-ML-1002,5.194,232.63,25.24,0.885,0,NORMAL
2026-07-15 18:34:05.727696,METER-ML-1002,4.236,231.84,19.71,0.927,0,NORMAL
2026-07-15 19:34:05.727696,METER-ML-1002,3.746,227.04,19.05,0.866,0,NORMAL
2026-07-15 20:34:05.727696,METER-ML-1002,3.457,235.02,15.89,0.926,0,NORMAL
2026-07-15 21:34:05.727696,METER-ML-1002,3.957,233.52,18.85,0.899,0,NORMAL
2026-07-15 22:34:05.727696,METER-ML-1002,3.859,231.74,17.73,0.939,0,NORMAL
2026-07-15 23:34:05.727696,METER-ML-1002,2.982,227.02,14.35,0.916,0,NORMAL
2026-07-16 00:34:05.727696,METER-ML-1002,3.448,233.5,16.47,0.897,0,NORMAL
2026-07-16 01:34:05.727696,METER-ML-1002,3.941,226.79,19.27,0.902,0,NORMAL
2026-07-16 02:34:05.727696,METER-ML-1002,4.195,232.88,19.55,0.921,0,NORMAL
2026-07-16 03:34:05.727696,METER-ML-1002,3.821,226.72,17.26,0.977,0,NORMAL
2026-07-16 04:34:05.727696,METER-ML-1002,3.011,234.76,13.91,0.922,0,NORMAL
2026-07-16 05:34:05.727696,METER-ML-1002,3.19,231.21,15.01,0.919,0,NORMAL
2026-07-16 06:34:05.727696,METER-ML-1002,3.909,232.88,17.7,0.948,0,NORMAL
2026-07-16 07:34:05.727696,METER-ML-1002,4.692,230.59,22.27,0.914,0,NORMAL
2026-07-16 08:34:05.727696,METER-ML-1002,5.676,228.93,27.23,0.911,0,NORMAL
2026-07-16 09:34:05.727696,METER-ML-1002,5.009,230.48,22.97,0.946,0,NORMAL
2026-07-16 10:34:05.727696,METER-ML-1002,6.059,227.1,28.89,0.924,0,NORMAL
2026-07-16 11:34:05.727696,METER-ML-1002,5.92,231.98,27.51,0.928,0,NORMAL
2026-07-16 12:34:05.727696,METER-ML-1002,6.355,227.65,31.47,0.887,0,NORMAL
2026-07-16 13:34:05.727696,METER-ML-1002,5.594,227.44,28.17,0.873,0,NORMAL
2026-07-16 14:34:05.727696,METER-ML-1002,5.585,230.49,26.14,0.927,0,NORMAL
2026-07-16 15:34:05.727696,METER-ML-1002,5.268,239.26,24.2,0.91,0,NORMAL
2026-07-16 16:34:05.727696,METER-ML-1002,0.017,228.46,0.1,0.887,1,CHUTE_SUSPECTE_FRAUDE
2026-07-16 17:34:05.727696,METER-ML-1002,4.813,228.42,23.21,0.908,0,NORMAL
2026-07-16 18:34:05.727696,METER-ML-1002,4.79,227.7,23.7,0.888,0,NORMAL
2026-07-16 19:34:05.727696,METER-ML-1002,3.48,236.49,15.31,0.961,0,NORMAL
2026-07-16 20:34:05.727696,METER-ML-1002,3.849,232.1,17.92,0.925,0,NORMAL
2026-07-16 21:34:05.727696,METER-ML-1002,3.845,226.92,19.15,0.885,0,NORMAL
2026-07-16 22:34:05.727696,METER-ML-1002,3.225,221.4,16.35,0.891,0,NORMAL
2026-07-16 23:34:05.727696,METER-ML-1002,2.932,230.27,12.99,0.98,0,NORMAL
2026-07-17 00:34:05.727696,METER-ML-1002,3.528,228.6,17.1,0.903,0,NORMAL
2026-07-17 01:34:05.727696,METER-ML-1002,3.599,231.17,17.72,0.879,0,NORMAL
2026-07-17 02:34:05.727696,METER-ML-1002,3.238,231.97,15.22,0.917,0,NORMAL
2026-07-17 03:34:05.727696,METER-ML-1002,4.426,229.22,19.84,0.973,0,NORMAL
2026-07-17 04:34:05.727696,METER-ML-1002,2.828,229.02,13.37,0.924,0,NORMAL
2026-07-17 05:34:05.727696,METER-ML-1002,3.398,232.3,16.01,0.914,0,NORMAL
2026-07-17 06:34:05.727696,METER-ML-1002,3.551,232.45,17.52,0.872,0,NORMAL
2026-07-17 07:34:05.727696,METER-ML-1002,4.799,229.4,22.8,0.918,0,NORMAL
2026-07-17 08:34:05.727696,METER-ML-1002,5.317,230.58,26.04,0.886,0,NORMAL
2026-07-17 09:34:05.727696,METER-ML-1002,0.011,230.58,0.1,0.938,1,CHUTE_SUSPECTE_FRAUDE
2026-07-17 10:34:05.727696,METER-ML-1002,5.38,226.32,26.25,0.906,0,NORMAL
2026-07-17 11:34:05.727696,METER-ML-1002,5.132,227.55,24.03,0.939,0,NORMAL
2026-07-17 12:34:05.727696,METER-ML-1002,5.955,227.85,29.19,0.895,0,NORMAL
2026-07-17 13:34:05.727696,METER-ML-1002,5.243,237.9,24.09,0.915,0,NORMAL
2026-07-17 14:34:05.727696,METER-ML-1002,5.195,230.12,25.24,0.894,0,NORMAL
2026-07-17 15:34:05.727696,METER-ML-1002,5.815,229.18,29.57,0.858,0,NORMAL
2026-07-17 16:34:05.727696,METER-ML-1002,5.248,231.76,23.68,0.956,0,NORMAL
2026-07-17 17:34:05.727696,METER-ML-1002,4.486,226.07,21.55,0.921,0,NORMAL
2026-07-17 18:34:05.727696,METER-ML-1002,4.591,235.32,21.13,0.923,0,NORMAL
2026-07-17 19:34:05.727696,METER-ML-1002,4.104,225.67,19.0,0.957,0,NORMAL
2026-07-17 20:34:05.727696,METER-ML-1002,3.997,227.69,19.21,0.914,0,NORMAL
2026-07-17 21:34:05.727696,METER-ML-1002,4.1,226.31,19.34,0.937,0,NORMAL
2026-07-17 22:34:05.727696,METER-ML-1002,3.857,232.58,17.67,0.939,0,NORMAL
2026-07-17 23:34:05.727696,METER-ML-1002,2.506,229.89,11.94,0.913,0,NORMAL
2026-07-18 00:34:05.727696,METER-ML-1002,4.03,230.82,17.75,0.984,0,NORMAL
2026-07-18 01:34:05.727696,METER-ML-1002,4.308,230.71,20.31,0.92,0,NORMAL
2026-07-18 02:34:05.727696,METER-ML-1002,3.863,175.92,18.02,0.519,1,ANOMALIE_TENSION_FP
2026-07-18 03:34:05.727696,METER-ML-1002,4.953,231.07,23.08,0.929,0,NORMAL
2026-07-18 04:34:05.727696,METER-ML-1002,4.436,221.45,21.78,0.92,0,NORMAL
2026-07-18 05:34:05.727696,METER-ML-1002,4.338,227.59,20.93,0.911,0,NORMAL
2026-07-18 06:34:05.727696,METER-ML-1002,5.427,229.62,25.14,0.94,0,NORMAL
2026-07-18 07:34:05.727696,METER-ML-1002,6.13,220.41,29.1,0.956,0,NORMAL
2026-07-18 08:34:05.727696,METER-ML-1002,6.384,230.5,28.85,0.96,0,NORMAL
2026-07-18 09:34:05.727696,METER-ML-1002,7.118,233.24,33.91,0.9,0,NORMAL
2026-07-18 10:34:05.727696,METER-ML-1002,6.834,226.5,33.88,0.89,0,NORMAL
2026-07-18 11:34:05.727696,METER-ML-1002,6.543,226.14,33.06,0.875,0,NORMAL
2026-07-18 12:34:05.727696,METER-ML-1002,7.104,229.61,34.57,0.895,0,NORMAL
2026-07-18 13:34:05.727696,METER-ML-1002,6.249,232.94,27.64,0.971,0,NORMAL
2026-07-18 14:34:05.727696,METER-ML-1002,6.482,228.94,30.03,0.943,0,NORMAL
2026-07-18 15:34:05.727696,METER-ML-1002,6.277,231.8,27.95,0.969,0,NORMAL
2026-07-18 16:34:05.727696,METER-ML-1002,5.884,230.07,29.33,0.872,0,NORMAL
2026-07-18 17:34:05.727696,METER-ML-1002,5.431,233.48,24.86,0.936,0,NORMAL
2026-07-18 18:34:05.727696,METER-ML-1002,4.865,226.82,23.29,0.921,0,NORMAL
2026-07-18 19:34:05.727696,METER-ML-1002,5.097,229.08,24.53,0.907,0,NORMAL
2026-07-18 20:34:05.727696,METER-ML-1002,4.318,227.19,20.63,0.921,0,NORMAL
2026-07-18 21:34:05.727696,METER-ML-1002,4.244,229.45,19.62,0.943,0,NORMAL
2026-07-18 22:34:05.727696,METER-ML-1002,3.867,230.92,19.0,0.881,0,NORMAL
2026-07-18 23:34:05.727696,METER-ML-1002,3.13,232.0,14.61,0.924,0,NORMAL
2026-07-19 00:34:05.727696,METER-ML-1002,4.521,221.82,21.39,0.953,0,NORMAL
2026-07-19 01:34:05.727696,METER-ML-1002,4.834,230.82,22.67,0.924,0,NORMAL
2026-07-19 02:34:05.727696,METER-ML-1002,4.484,228.09,21.74,0.904,0,NORMAL
2026-07-19 03:34:05.727696,METER-ML-1002,18.667,225.13,92.79,0.894,1,SURCHARGE_ANORMALE
2026-07-19 04:34:05.727696,METER-ML-1002,4.25,237.18,20.03,0.894,0,NORMAL
2026-07-19 05:34:05.727696,METER-ML-1002,5.249,226.58,23.72,0.977,0,NORMAL
2026-07-19 06:34:05.727696,METER-ML-1002,4.77,231.21,22.39,0.921,0,NORMAL
2026-07-19 07:34:05.727696,METER-ML-1002,5.625,232.5,26.21,0.923,0,NORMAL
2026-07-19 08:34:05.727696,METER-ML-1002,5.883,233.04,28.04,0.9,0,NORMAL
2026-07-19 09:34:05.727696,METER-ML-1002,7.093,224.16,33.17,0.954,0,NORMAL
2026-07-19 10:34:05.727696,METER-ML-1002,7.781,226.76,35.36,0.97,0,NORMAL
2026-07-19 11:34:05.727696,METER-ML-1002,7.06,225.4,33.89,0.924,0,NORMAL
2026-07-19 12:34:05.727696,METER-ML-1002,7.273,233.46,33.37,0.933,0,NORMAL
2026-07-19 13:34:05.727696,METER-ML-1002,6.6,228.14,29.62,0.977,0,NORMAL
2026-07-19 14:34:05.727696,METER-ML-1002,6.72,225.59,32.81,0.908,0,NORMAL
2026-07-19 15:34:05.727696,METER-ML-1002,6.29,222.99,31.32,0.9,0,NORMAL
2026-07-19 16:34:05.727696,METER-ML-1002,5.669,232.59,25.69,0.949,0,NORMAL
2026-07-19 17:34:05.727696,METER-ML-1002,6.074,229.25,28.67,0.924,0,NORMAL
2026-07-19 18:34:05.727696,METER-ML-1002,4.501,236.94,21.74,0.874,0,NORMAL
2026-07-19 19:34:05.727696,METER-ML-1002,5.007,223.03,24.7,0.909,0,NORMAL
2026-07-19 20:34:05.727696,METER-ML-1002,0.056,226.69,0.1,0.924,1,CHUTE_SUSPECTE_FRAUDE
2026-07-19 21:34:05.727696,METER-ML-1002,3.507,232.26,16.98,0.89,0,NORMAL
2026-07-19 22:34:05.727696,METER-ML-1002,3.933,236.19,18.72,0.89,0,NORMAL
2026-07-19 23:34:05.727696,METER-ML-1002,3.123,229.22,14.65,0.93,0,NORMAL
2026-07-20 00:34:05.727696,METER-ML-1002,3.385,235.3,15.25,0.943,0,NORMAL
2026-07-20 01:34:05.727696,METER-ML-1002,3.542,229.49,15.59,0.99,0,NORMAL
2026-07-20 02:34:05.727696,METER-ML-1002,3.991,228.97,19.36,0.9,0,NORMAL
2026-07-20 03:34:05.727696,METER-ML-1002,3.119,228.56,14.01,0.974,0,NORMAL
2026-07-20 04:34:05.727696,METER-ML-1002,3.843,222.99,19.47,0.885,0,NORMAL
2026-07-20 05:34:05.727696,METER-ML-1002,3.898,226.99,18.96,0.906,0,NORMAL
2026-07-20 06:34:05.727696,METER-ML-1002,0.019,226.85,0.1,0.918,1,CHUTE_SUSPECTE_FRAUDE
2026-07-20 07:34:05.727696,METER-ML-1002,5.229,230.05,25.05,0.907,0,NORMAL
2026-07-20 08:34:05.727696,METER-ML-1002,5.529,235.94,23.92,0.98,0,NORMAL
2026-07-20 09:34:05.727696,METER-ML-1002,26.512,230.62,129.48,0.888,1,SURCHARGE_ANORMALE
2026-07-20 10:34:05.727696,METER-ML-1002,5.449,230.06,24.69,0.959,0,NORMAL
2026-07-20 11:34:05.727696,METER-ML-1002,6.233,231.39,29.26,0.92,0,NORMAL
2026-07-20 12:34:05.727696,METER-ML-1002,5.856,228.49,28.28,0.906,0,NORMAL
2026-07-20 13:34:05.727696,METER-ML-1002,5.794,228.24,26.63,0.953,0,NORMAL
2026-07-20 14:34:05.727696,METER-ML-1002,5.16,226.51,26.4,0.863,0,NORMAL
2026-07-20 15:34:05.727696,METER-ML-1002,5.522,230.63,27.38,0.875,0,NORMAL
2026-07-20 16:34:05.727696,METER-ML-1002,4.971,227.94,23.46,0.93,0,NORMAL
2026-07-20 17:34:05.727696,METER-ML-1002,4.715,227.96,22.13,0.935,0,NORMAL
2026-07-20 18:34:05.727696,METER-ML-1002,4.44,233.69,20.04,0.948,0,NORMAL
2026-07-20 19:34:05.727696,METER-ML-1002,3.577,228.28,17.33,0.904,0,NORMAL
2026-07-20 20:34:05.727696,METER-ML-1002,4.664,223.2,23.25,0.899,0,NORMAL
2026-07-20 21:34:05.727696,METER-ML-1002,0.075,227.04,0.1,0.912,1,CHUTE_SUSPECTE_FRAUDE
2026-07-20 22:34:05.727696,METER-ML-1002,2.779,234.13,13.44,0.883,0,NORMAL
2026-07-20 23:34:05.727696,METER-ML-1002,3.122,230.32,14.98,0.905,0,NORMAL
2026-07-21 00:34:05.727696,METER-ML-1002,3.23,235.49,14.55,0.942,0,NORMAL
2026-07-21 01:34:05.727696,METER-ML-1002,4.371,231.38,19.82,0.953,0,NORMAL
2026-07-21 02:34:05.727696,METER-ML-1002,3.513,230.6,16.9,0.902,0,NORMAL
2026-07-21 03:34:05.727696,METER-ML-1002,3.839,230.25,18.27,0.913,0,NORMAL
2026-07-21 04:34:05.727696,METER-ML-1002,3.996,230.67,19.85,0.873,0,NORMAL
2026-07-21 05:34:05.727696,METER-ML-1002,3.176,227.61,15.52,0.899,0,NORMAL
2026-07-21 06:34:05.727696,METER-ML-1002,4.257,230.65,21.07,0.876,0,NORMAL
2026-07-21 07:34:05.727696,METER-ML-1002,5.366,234.67,24.24,0.943,0,NORMAL
2026-07-21 08:34:05.727696,METER-ML-1002,5.141,223.22,24.93,0.924,0,NORMAL
2026-07-21 09:34:05.727696,METER-ML-1002,5.619,226.04,27.89,0.891,0,NORMAL
2026-07-21 10:34:05.727696,METER-ML-1002,5.66,233.52,26.39,0.918,0,NORMAL
2026-07-21 11:34:05.727696,METER-ML-1002,5.359,234.45,26.18,0.873,0,NORMAL
2026-07-21 12:34:05.727696,METER-ML-1002,6.708,229.97,32.4,0.9,0,NORMAL
2026-07-21 13:34:05.727696,METER-ML-1002,5.901,229.7,28.45,0.903,0,NORMAL
2026-07-21 14:34:05.727696,METER-ML-1002,5.282,229.15,24.22,0.952,0,NORMAL
2026-07-21 15:34:05.727696,METER-ML-1002,5.248,232.85,25.87,0.871,0,NORMAL
2026-07-21 16:34:05.727696,METER-ML-1002,4.626,229.71,22.03,0.914,0,NORMAL
2026-07-21 17:34:05.727696,METER-ML-1002,4.022,236.54,19.36,0.878,0,NORMAL
2026-07-21 18:34:05.727696,METER-ML-1002,4.435,233.28,20.66,0.92,0,NORMAL
2026-07-21 19:34:05.727696,METER-ML-1002,4.115,233.16,19.43,0.908,0,NORMAL
2026-07-21 20:34:05.727696,METER-ML-1002,3.896,224.63,19.66,0.882,0,NORMAL
2026-07-21 21:34:05.727696,METER-ML-1002,3.704,224.7,17.76,0.928,0,NORMAL
2026-07-21 22:34:05.727696,METER-ML-1002,2.956,234.11,13.76,0.918,0,NORMAL
2026-07-21 23:34:05.727696,METER-ML-1002,2.927,229.47,12.9,0.989,0,NORMAL
2026-07-22 00:34:05.727696,METER-ML-1002,3.035,230.29,14.19,0.929,0,NORMAL
2026-07-22 01:34:05.727696,METER-ML-1002,3.419,235.7,16.78,0.865,0,NORMAL
2026-07-22 02:34:05.727696,METER-ML-1002,3.402,231.63,16.59,0.885,0,NORMAL
2026-07-22 03:34:05.727696,METER-ML-1002,3.537,228.32,16.63,0.932,0,NORMAL
2026-07-22 04:34:05.727696,METER-ML-1002,3.504,230.68,17.23,0.881,0,NORMAL
2026-07-22 05:34:05.727696,METER-ML-1002,3.416,222.24,17.18,0.895,0,NORMAL
2026-07-22 06:34:05.727696,METER-ML-1002,3.854,229.62,18.17,0.924,0,NORMAL
2026-07-22 07:34:05.727696,METER-ML-1002,4.638,228.7,22.1,0.918,0,NORMAL
2026-07-22 08:34:05.727696,METER-ML-1002,5.445,231.97,25.91,0.906,0,NORMAL
2026-07-22 09:34:05.727696,METER-ML-1002,5.537,231.26,25.05,0.956,0,NORMAL
2026-07-22 10:34:05.727696,METER-ML-1002,5.394,227.47,26.04,0.911,0,NORMAL
2026-07-22 11:34:05.727696,METER-ML-1002,5.883,223.51,28.19,0.934,0,NORMAL
2026-07-22 12:34:05.727696,METER-ML-1002,5.818,231.76,26.94,0.932,0,NORMAL
2026-07-22 13:34:05.727696,METER-ML-1002,6.363,227.62,30.21,0.925,0,NORMAL
2026-07-22 14:34:05.727696,METER-ML-1002,5.778,229.1,26.64,0.947,0,NORMAL
2026-07-22 15:34:05.727696,METER-ML-1002,5.253,231.57,24.3,0.934,0,NORMAL
2026-07-22 16:34:05.727696,METER-ML-1002,5.652,228.97,27.94,0.883,0,NORMAL
2026-07-22 17:34:05.727696,METER-ML-1002,5.269,227.5,24.43,0.948,0,NORMAL
2026-07-22 18:34:05.727696,METER-ML-1002,5.085,228.39,23.74,0.938,0,NORMAL
2026-07-22 19:34:05.727696,METER-ML-1002,4.097,226.1,20.22,0.896,0,NORMAL
2026-07-22 20:34:05.727696,METER-ML-1002,3.135,227.6,14.14,0.974,0,NORMAL
2026-07-22 21:34:05.727696,METER-ML-1002,2.985,230.79,13.21,0.979,0,NORMAL
2026-07-22 22:34:05.727696,METER-ML-1002,3.196,233.93,14.95,0.914,0,NORMAL
2026-07-22 23:34:05.727696,METER-ML-1002,2.757,224.17,13.75,0.894,0,NORMAL
2026-07-23 00:34:05.727696,METER-ML-1002,4.193,229.15,20.4,0.897,0,NORMAL
2026-07-23 01:34:05.727696,METER-ML-1002,3.88,225.87,17.86,0.962,0,NORMAL
2026-07-23 02:34:05.727696,METER-ML-1002,3.709,229.51,16.33,0.99,0,NORMAL
2026-07-23 03:34:05.727696,METER-ML-1002,3.952,233.2,18.38,0.922,0,NORMAL
2026-07-23 04:34:05.727696,METER-ML-1002,3.371,229.56,15.85,0.927,0,NORMAL
2026-07-23 05:34:05.727696,METER-ML-1002,3.02,228.21,13.89,0.953,0,NORMAL
2026-07-23 06:34:05.727696,METER-ML-1002,4.432,231.35,22.09,0.867,0,NORMAL
2026-07-23 07:34:05.727696,METER-ML-1002,4.678,232.73,23.03,0.873,0,NORMAL
2026-07-23 08:34:05.727696,METER-ML-1002,4.771,227.59,23.85,0.879,0,NORMAL
2026-07-23 09:34:05.727696,METER-ML-1002,5.218,233.05,23.52,0.952,0,NORMAL
2026-07-23 10:34:05.727696,METER-ML-1002,5.625,229.17,26.4,0.93,0,NORMAL
2026-07-23 11:34:05.727696,METER-ML-1002,6.361,237.52,28.62,0.936,0,NORMAL
2026-07-23 12:34:05.727696,METER-ML-1002,5.027,232.21,24.0,0.902,0,NORMAL
2026-07-23 13:34:05.727696,METER-ML-1002,6.045,227.53,28.85,0.921,0,NORMAL
2026-07-23 14:34:05.727696,METER-ML-1002,5.303,234.12,26.04,0.87,0,NORMAL
2026-07-23 15:34:05.727696,METER-ML-1002,4.849,223.27,23.8,0.913,0,NORMAL
2026-07-23 16:34:05.727696,METER-ML-1002,4.504,165.8,21.26,0.508,1,ANOMALIE_TENSION_FP
2026-07-23 17:34:05.727696,METER-ML-1002,4.472,233.68,20.46,0.935,0,NORMAL
2026-07-23 18:34:05.727696,METER-ML-1002,4.353,232.24,20.86,0.899,0,NORMAL
2026-07-23 19:34:05.727696,METER-ML-1002,3.666,227.33,17.09,0.943,0,NORMAL
2026-07-23 20:34:05.727696,METER-ML-1002,3.553,221.98,18.05,0.887,0,NORMAL
2026-07-23 21:34:05.727696,METER-ML-1002,3.249,225.06,15.89,0.908,0,NORMAL
2026-07-23 22:34:05.727696,METER-ML-1002,3.059,235.28,14.61,0.89,0,NORMAL
2026-07-23 23:34:05.727696,METER-ML-1002,3.526,222.79,17.39,0.91,0,NORMAL
2026-07-24 00:34:05.727696,METER-ML-1002,3.904,235.87,18.03,0.918,0,NORMAL
2026-07-24 01:34:05.727696,METER-ML-1002,3.488,229.83,16.51,0.919,0,NORMAL
2026-07-24 02:34:05.727696,METER-ML-1002,3.401,231.14,15.44,0.953,0,NORMAL
2026-07-24 03:34:05.727696,METER-ML-1002,3.58,220.9,16.92,0.958,0,NORMAL
2026-07-24 04:34:05.727696,METER-ML-1002,4.112,228.88,18.56,0.968,0,NORMAL
2026-07-24 05:34:05.727696,METER-ML-1002,3.664,236.89,15.7,0.985,0,NORMAL
2026-07-24 06:34:05.727696,METER-ML-1002,4.215,234.33,18.59,0.967,0,NORMAL
2026-07-24 07:34:05.727696,METER-ML-1002,4.872,237.73,22.66,0.904,0,NORMAL
2026-07-24 08:34:05.727696,METER-ML-1002,5.872,231.36,27.52,0.922,0,NORMAL
2026-07-24 09:34:05.727696,METER-ML-1002,4.912,228.42,22.91,0.939,0,NORMAL
2026-07-24 10:34:05.727696,METER-ML-1002,5.09,233.7,23.73,0.918,0,NORMAL
2026-07-24 11:34:05.727696,METER-ML-1002,0.029,228.92,0.1,0.915,1,CHUTE_SUSPECTE_FRAUDE
2026-07-24 12:34:05.727696,METER-ML-1002,5.928,230.19,27.59,0.933,0,NORMAL
2026-07-24 13:34:05.727696,METER-ML-1002,5.763,233.44,26.5,0.932,0,NORMAL
2026-07-24 14:34:05.727696,METER-ML-1002,5.595,230.15,25.41,0.957,0,NORMAL
2026-07-24 15:34:05.727696,METER-ML-1002,5.537,155.06,26.72,0.526,1,ANOMALIE_TENSION_FP
2026-07-24 16:34:05.727696,METER-ML-1002,5.693,226.59,27.99,0.898,0,NORMAL
2026-07-24 17:34:05.727696,METER-ML-1002,4.788,230.71,22.56,0.92,0,NORMAL
2026-07-24 18:34:05.727696,METER-ML-1002,5.043,230.52,24.55,0.891,0,NORMAL
2026-07-24 19:34:05.727696,METER-ML-1002,3.527,229.03,16.94,0.909,0,NORMAL
2026-07-24 20:34:05.727696,METER-ML-1002,3.724,230.99,18.38,0.877,0,NORMAL
2026-07-24 21:34:05.727696,METER-ML-1002,3.076,229.12,13.85,0.969,0,NORMAL
2026-07-24 22:34:05.727696,METER-ML-1002,2.968,228.19,13.91,0.935,0,NORMAL
2026-07-24 23:34:05.727696,METER-ML-1002,2.4,226.07,11.86,0.895,0,NORMAL
2026-07-25 00:34:05.727696,METER-ML-1002,4.617,228.75,21.69,0.93,0,NORMAL
2026-07-25 01:34:05.727696,METER-ML-1002,4.15,229.27,18.89,0.958,0,NORMAL
2026-07-25 02:34:05.727696,METER-ML-1002,4.955,234.07,22.35,0.947,0,NORMAL
2026-07-25 03:34:05.727696,METER-ML-1002,4.235,228.65,20.68,0.896,0,NORMAL
2026-07-25 04:34:05.727696,METER-ML-1002,3.964,223.64,18.78,0.944,0,NORMAL
2026-07-25 05:34:05.727696,METER-ML-1002,4.262,225.32,20.57,0.92,0,NORMAL
2026-07-25 06:34:05.727696,METER-ML-1002,5.076,226.95,24.33,0.919,0,NORMAL
2026-07-25 07:34:05.727696,METER-ML-1002,5.358,232.08,24.07,0.959,0,NORMAL
2026-07-25 08:34:05.727696,METER-ML-1002,6.269,230.94,29.3,0.926,0,NORMAL
2026-07-25 09:34:05.727696,METER-ML-1002,7.187,223.18,34.26,0.94,0,NORMAL
2026-07-25 10:34:05.727696,METER-ML-1002,7.264,226.6,35.89,0.893,0,NORMAL
2026-07-25 11:34:05.727696,METER-ML-1002,6.741,230.85,30.87,0.946,0,NORMAL
2026-07-25 12:34:05.727696,METER-ML-1002,7.552,232.47,36.95,0.879,0,NORMAL
2026-07-25 13:34:05.727696,METER-ML-1002,7.012,231.66,32.93,0.919,0,NORMAL
2026-07-25 14:34:05.727696,METER-ML-1002,7.044,229.05,34.53,0.891,0,NORMAL
2026-07-25 15:34:05.727696,METER-ML-1002,6.181,228.69,30.29,0.892,0,NORMAL
2026-07-25 16:34:05.727696,METER-ML-1002,5.877,227.01,28.97,0.894,0,NORMAL
2026-07-25 17:34:05.727696,METER-ML-1002,5.299,231.18,25.36,0.904,0,NORMAL
2026-07-25 18:34:05.727696,METER-ML-1002,4.899,235.43,23.87,0.872,0,NORMAL
2026-07-25 19:34:05.727696,METER-ML-1002,4.383,229.94,20.75,0.919,0,NORMAL
2026-07-25 20:34:05.727696,METER-ML-1002,4.08,231.44,19.68,0.896,0,NORMAL
2026-07-25 21:34:05.727696,METER-ML-1002,4.741,225.23,21.68,0.971,0,NORMAL
2026-07-25 22:34:05.727696,METER-ML-1002,3.55,223.69,17.19,0.923,0,NORMAL
2026-07-25 23:34:05.727696,METER-ML-1002,2.993,229.27,14.38,0.908,0,NORMAL
2026-07-26 00:34:05.727696,METER-ML-1002,5.222,230.87,24.55,0.921,0,NORMAL
2026-07-26 01:34:05.727696,METER-ML-1002,4.663,228.61,24.13,0.845,0,NORMAL
2026-07-26 02:34:05.727696,METER-ML-1002,4.65,226.32,23.16,0.887,0,NORMAL
2026-07-26 03:34:05.727696,METER-ML-1002,4.774,234.24,22.63,0.901,0,NORMAL
2026-07-26 04:34:05.727696,METER-ML-1002,4.714,235.19,21.94,0.914,0,NORMAL
2026-07-26 05:34:05.727696,METER-ML-1002,4.738,231.11,22.78,0.9,0,NORMAL
2026-07-26 06:34:05.727696,METER-ML-1002,5.161,234.58,24.86,0.885,0,NORMAL
2026-07-26 07:34:05.727696,METER-ML-1002,4.272,225.57,21.1,0.898,0,NORMAL
2026-07-26 08:34:05.727696,METER-ML-1002,0.068,230.83,0.1,0.938,1,CHUTE_SUSPECTE_FRAUDE
2026-07-26 09:34:05.727696,METER-ML-1002,6.799,231.66,31.51,0.931,0,NORMAL
2026-07-26 10:34:05.727696,METER-ML-1002,6.705,232.81,29.72,0.969,0,NORMAL
2026-07-26 11:34:05.727696,METER-ML-1002,7.333,227.94,33.77,0.953,0,NORMAL
2026-07-26 12:34:05.727696,METER-ML-1002,7.217,156.92,33.97,0.57,1,ANOMALIE_TENSION_FP
2026-07-26 13:34:05.727696,METER-ML-1002,7.087,226.24,34.12,0.918,0,NORMAL
2026-07-26 14:34:05.727696,METER-ML-1002,7.272,232.19,33.17,0.944,0,NORMAL
2026-07-26 15:34:05.727696,METER-ML-1002,5.898,229.28,27.8,0.925,0,NORMAL
2026-07-26 16:34:05.727696,METER-ML-1002,5.594,231.14,25.33,0.955,0,NORMAL
2026-07-26 17:34:05.727696,METER-ML-1002,5.724,230.73,26.48,0.937,0,NORMAL
2026-07-26 18:34:05.727696,METER-ML-1002,4.762,233.8,22.29,0.914,0,NORMAL
2026-07-26 19:34:05.727696,METER-ML-1002,4.533,229.07,21.99,0.9,0,NORMAL
2026-07-26 20:34:05.727696,METER-ML-1002,3.978,229.53,19.33,0.897,0,NORMAL
2026-07-26 21:34:05.727696,METER-ML-1002,3.741,230.79,16.7,0.971,0,NORMAL
2026-07-26 22:34:05.727696,METER-ML-1002,3.13,231.94,15.49,0.871,0,NORMAL
2026-07-26 23:34:05.727696,METER-ML-1002,2.802,230.35,12.59,0.967,0,NORMAL
2026-07-27 00:34:05.727696,METER-ML-1002,3.717,227.89,17.4,0.937,0,NORMAL
2026-07-27 01:34:05.727696,METER-ML-1002,3.518,229.37,16.94,0.905,0,NORMAL
2026-07-27 02:34:05.727696,METER-ML-1002,0.012,229.6,0.1,0.933,1,CHUTE_SUSPECTE_FRAUDE
2026-07-27 03:34:05.727696,METER-ML-1002,3.107,231.32,14.16,0.948,0,NORMAL
2026-07-27 04:34:05.727696,METER-ML-1002,3.467,229.99,15.94,0.946,0,NORMAL
2026-07-27 05:34:05.727696,METER-ML-1002,3.541,230.36,16.57,0.928,0,NORMAL
2026-07-27 06:34:05.727696,METER-ML-1002,4.088,235.06,19.99,0.87,0,NORMAL
2026-07-27 07:34:05.727696,METER-ML-1002,4.665,231.23,22.48,0.898,0,NORMAL
2026-07-27 08:34:05.727696,METER-ML-1002,5.459,228.0,25.35,0.944,0,NORMAL
2026-07-27 09:34:05.727696,METER-ML-1002,0.01,225.15,0.1,0.959,1,CHUTE_SUSPECTE_FRAUDE
2026-07-27 10:34:05.727696,METER-ML-1002,5.155,234.45,24.16,0.91,0,NORMAL
2026-07-27 11:34:05.727696,METER-ML-1002,5.988,224.66,29.71,0.897,0,NORMAL
2026-07-27 12:34:05.727696,METER-ML-1002,0.063,226.1,0.1,0.922,1,CHUTE_SUSPECTE_FRAUDE
2026-07-27 13:34:05.727696,METER-ML-1002,5.573,229.2,25.15,0.967,0,NORMAL
2026-07-27 14:34:05.727696,METER-ML-1002,5.243,231.89,24.93,0.907,0,NORMAL
2026-07-27 15:34:05.727696,METER-ML-1002,5.281,234.24,24.49,0.92,0,NORMAL
2026-07-27 16:34:05.727696,METER-ML-1002,5.323,231.72,24.7,0.93,0,NORMAL
2026-07-27 17:34:05.727696,METER-ML-1002,5.167,227.85,24.47,0.927,0,NORMAL
2026-07-27 18:34:05.727696,METER-ML-1002,3.783,231.97,17.84,0.914,0,NORMAL
2026-07-27 19:34:05.727696,METER-ML-1002,4.461,236.09,20.78,0.909,0,NORMAL
2026-07-27 20:34:05.727696,METER-ML-1002,3.302,231.83,15.76,0.904,0,NORMAL
2026-07-27 21:34:05.727696,METER-ML-1002,3.06,228.08,13.85,0.969,0,NORMAL
2026-07-27 22:34:05.727696,METER-ML-1002,2.944,230.12,14.08,0.909,0,NORMAL
2026-07-27 23:34:05.727696,METER-ML-1002,2.37,223.54,11.34,0.935,0,NORMAL
2026-07-28 00:34:05.727696,METER-ML-1002,4.293,232.3,19.88,0.929,0,NORMAL
2026-07-28 01:34:05.727696,METER-ML-1002,3.249,233.55,14.64,0.95,0,NORMAL
2026-07-28 02:34:05.727696,METER-ML-1002,3.333,224.48,15.93,0.932,0,NORMAL
2026-07-28 03:34:05.727696,METER-ML-1002,3.12,231.41,15.56,0.867,0,NORMAL
2026-07-28 04:34:05.727696,METER-ML-1002,3.748,228.12,17.97,0.915,0,NORMAL
2026-07-28 05:34:05.727696,METER-ML-1002,3.635,229.4,16.44,0.964,0,NORMAL
2026-07-28 06:34:05.727696,METER-ML-1002,3.847,234.15,17.35,0.947,0,NORMAL
2026-07-28 07:34:05.727696,METER-ML-1002,4.878,227.23,24.55,0.874,0,NORMAL
2026-07-28 08:34:05.727696,METER-ML-1002,4.33,226.37,20.07,0.953,0,NORMAL
2026-07-28 09:34:05.727696,METER-ML-1002,5.489,228.62,27.84,0.862,0,NORMAL
2026-07-28 10:34:05.727696,METER-ML-1002,6.006,223.2,27.18,0.99,0,NORMAL
2026-07-28 11:34:05.727696,METER-ML-1002,6.377,234.23,30.32,0.898,0,NORMAL
2026-07-28 12:34:05.727696,METER-ML-1002,5.688,233.13,26.23,0.93,0,NORMAL
2026-07-28 13:34:05.727696,METER-ML-1002,0.009,227.67,0.1,0.951,1,CHUTE_SUSPECTE_FRAUDE
2026-07-28 14:34:05.727696,METER-ML-1002,5.781,228.73,27.31,0.925,0,NORMAL
2026-07-28 15:34:05.727696,METER-ML-1002,4.646,229.02,22.14,0.916,0,NORMAL
2026-07-28 16:34:05.727696,METER-ML-1002,5.166,233.51,23.62,0.936,0,NORMAL
2026-07-28 17:34:05.727696,METER-ML-1002,4.602,232.68,22.04,0.897,0,NORMAL
2026-07-28 18:34:05.727696,METER-ML-1002,4.423,229.02,21.42,0.902,0,NORMAL
2026-07-28 19:34:05.727696,METER-ML-1002,4.289,223.17,21.91,0.877,0,NORMAL
2026-07-28 20:34:05.727696,METER-ML-1002,2.684,233.17,13.13,0.876,0,NORMAL
2026-07-28 21:34:05.727696,METER-ML-1002,3.294,227.48,15.35,0.943,0,NORMAL
2026-07-28 22:34:05.727696,METER-ML-1002,3.432,233.48,16.02,0.918,0,NORMAL
2026-07-28 23:34:05.727696,METER-ML-1002,3.111,231.73,14.9,0.901,0,NORMAL
2026-07-29 00:34:05.727696,METER-ML-1002,4.456,232.25,21.12,0.909,0,NORMAL
2026-05-30 00:34:05.727696,METER-ML-1003,2.878,224.18,13.57,0.946,0,NORMAL
2026-05-30 01:34:05.727696,METER-ML-1003,0.01,234.49,0.1,0.99,1,CHUTE_SUSPECTE_FRAUDE
2026-05-30 02:34:05.727696,METER-ML-1003,3.06,227.94,14.5,0.926,0,NORMAL
2026-05-30 03:34:05.727696,METER-ML-1003,2.845,230.27,14.25,0.867,0,NORMAL
2026-05-30 04:34:05.727696,METER-ML-1003,2.993,230.45,14.22,0.914,0,NORMAL
2026-05-30 05:34:05.727696,METER-ML-1003,3.461,228.42,15.68,0.966,0,NORMAL
2026-05-30 06:34:05.727696,METER-ML-1003,4.437,229.72,20.85,0.926,0,NORMAL
2026-05-30 07:34:05.727696,METER-ML-1003,4.234,229.54,20.59,0.896,0,NORMAL
2026-05-30 08:34:05.727696,METER-ML-1003,5.33,229.64,25.96,0.894,0,NORMAL
2026-05-30 09:34:05.727696,METER-ML-1003,5.413,230.01,27.31,0.862,0,NORMAL
2026-05-30 10:34:05.727696,METER-ML-1003,5.153,226.28,25.21,0.903,0,NORMAL
2026-05-30 11:34:05.727696,METER-ML-1003,5.278,235.03,24.45,0.918,0,NORMAL
2026-05-30 12:34:05.727696,METER-ML-1003,5.749,232.83,25.91,0.953,0,NORMAL
2026-05-30 13:34:05.727696,METER-ML-1003,6.147,228.41,29.06,0.926,0,NORMAL
2026-05-30 14:34:05.727696,METER-ML-1003,5.028,232.74,22.95,0.941,0,NORMAL
2026-05-30 15:34:05.727696,METER-ML-1003,5.459,230.0,25.96,0.914,0,NORMAL
2026-05-30 16:34:05.727696,METER-ML-1003,4.919,226.57,22.06,0.984,0,NORMAL
2026-05-30 17:34:05.727696,METER-ML-1003,4.119,228.16,19.99,0.903,0,NORMAL
2026-05-30 18:34:05.727696,METER-ML-1003,3.563,225.22,17.65,0.896,0,NORMAL
2026-05-30 19:34:05.727696,METER-ML-1003,4.284,152.39,20.2,0.43,1,ANOMALIE_TENSION_FP
2026-05-30 20:34:05.727696,METER-ML-1003,2.94,229.31,13.84,0.927,0,NORMAL
2026-05-30 21:34:05.727696,METER-ML-1003,2.559,223.8,12.95,0.883,0,NORMAL
2026-05-30 22:34:05.727696,METER-ML-1003,1.877,226.3,8.99,0.923,0,NORMAL
2026-05-30 23:34:05.727696,METER-ML-1003,2.318,227.47,11.92,0.855,0,NORMAL
2026-05-31 00:34:05.727696,METER-ML-1003,2.76,229.0,13.67,0.881,0,NORMAL
2026-05-31 01:34:05.727696,METER-ML-1003,2.764,229.56,13.56,0.888,0,NORMAL
2026-05-31 02:34:05.727696,METER-ML-1003,2.569,229.08,12.07,0.929,0,NORMAL
2026-05-31 03:34:05.727696,METER-ML-1003,2.893,233.17,13.31,0.932,0,NORMAL
2026-05-31 04:34:05.727696,METER-ML-1003,3.046,229.93,14.21,0.932,0,NORMAL
2026-05-31 05:34:05.727696,METER-ML-1003,3.063,230.5,13.73,0.968,0,NORMAL
2026-05-31 06:34:05.727696,METER-ML-1003,3.978,167.58,19.48,0.46,1,ANOMALIE_TENSION_FP
2026-05-31 07:34:05.727696,METER-ML-1003,4.793,230.93,22.77,0.911,0,NORMAL
2026-05-31 08:34:05.727696,METER-ML-1003,4.958,152.62,24.17,0.526,1,ANOMALIE_TENSION_FP
2026-05-31 09:34:05.727696,METER-ML-1003,4.619,241.82,20.42,0.935,0,NORMAL
2026-05-31 10:34:05.727696,METER-ML-1003,0.061,229.61,0.1,0.924,1,CHUTE_SUSPECTE_FRAUDE
2026-05-31 11:34:05.727696,METER-ML-1003,6.256,229.04,28.44,0.96,0,NORMAL
2026-05-31 12:34:05.727696,METER-ML-1003,5.837,234.39,26.59,0.936,0,NORMAL
2026-05-31 13:34:05.727696,METER-ML-1003,4.913,232.57,21.95,0.963,0,NORMAL
2026-05-31 14:34:05.727696,METER-ML-1003,6.33,231.56,29.95,0.913,0,NORMAL
2026-05-31 15:34:05.727696,METER-ML-1003,4.698,226.98,22.42,0.923,0,NORMAL
2026-05-31 16:34:05.727696,METER-ML-1003,5.353,226.89,24.1,0.979,0,NORMAL
2026-05-31 17:34:05.727696,METER-ML-1003,3.928,227.32,19.95,0.866,0,NORMAL
2026-05-31 18:34:05.727696,METER-ML-1003,3.59,233.59,16.24,0.946,0,NORMAL
2026-05-31 19:34:05.727696,METER-ML-1003,3.241,232.05,15.15,0.922,0,NORMAL
2026-05-31 20:34:05.727696,METER-ML-1003,2.865,225.53,13.84,0.918,0,NORMAL
2026-05-31 21:34:05.727696,METER-ML-1003,2.684,229.29,12.79,0.915,0,NORMAL
2026-05-31 22:34:05.727696,METER-ML-1003,1.903,232.74,9.28,0.882,0,NORMAL
2026-05-31 23:34:05.727696,METER-ML-1003,1.554,225.17,7.4,0.932,0,NORMAL
2026-06-01 00:34:05.727696,METER-ML-1003,2.306,233.54,10.44,0.946,0,NORMAL
2026-06-01 01:34:05.727696,METER-ML-1003,2.449,227.08,11.99,0.899,0,NORMAL
2026-06-01 02:34:05.727696,METER-ML-1003,2.318,230.12,11.21,0.898,0,NORMAL
2026-06-01 03:34:05.727696,METER-ML-1003,2.369,227.76,11.72,0.888,0,NORMAL
2026-06-01 04:34:05.727696,METER-ML-1003,2.104,232.49,9.78,0.926,0,NORMAL
2026-06-01 05:34:05.727696,METER-ML-1003,2.282,228.9,10.32,0.966,0,NORMAL
2026-06-01 06:34:05.727696,METER-ML-1003,3.826,228.89,18.48,0.905,0,NORMAL
2026-06-01 07:34:05.727696,METER-ML-1003,3.578,228.94,16.53,0.945,0,NORMAL
2026-06-01 08:34:05.727696,METER-ML-1003,4.168,230.63,19.9,0.908,0,NORMAL
2026-06-01 09:34:05.727696,METER-ML-1003,4.343,225.96,21.14,0.909,0,NORMAL
2026-06-01 10:34:05.727696,METER-ML-1003,4.717,229.87,21.31,0.963,0,NORMAL
2026-06-01 11:34:05.727696,METER-ML-1003,4.495,229.06,21.09,0.93,0,NORMAL
2026-06-01 12:34:05.727696,METER-ML-1003,4.237,224.12,19.85,0.952,0,NORMAL
2026-06-01 13:34:05.727696,METER-ML-1003,4.444,231.3,20.87,0.921,0,NORMAL
2026-06-01 14:34:05.727696,METER-ML-1003,5.097,229.76,23.85,0.93,0,NORMAL
2026-06-01 15:34:05.727696,METER-ML-1003,3.814,228.64,17.66,0.945,0,NORMAL
2026-06-01 16:34:05.727696,METER-ML-1003,3.439,231.33,16.5,0.901,0,NORMAL
2026-06-01 17:34:05.727696,METER-ML-1003,2.911,238.54,13.01,0.938,0,NORMAL
2026-06-01 18:34:05.727696,METER-ML-1003,2.654,233.68,12.2,0.93,0,NORMAL
2026-06-01 19:34:05.727696,METER-ML-1003,2.59,227.98,12.99,0.875,0,NORMAL
2026-06-01 20:34:05.727696,METER-ML-1003,3.258,231.52,15.32,0.918,0,NORMAL
2026-06-01 21:34:05.727696,METER-ML-1003,1.831,225.93,8.85,0.915,0,NORMAL
2026-06-01 22:34:05.727696,METER-ML-1003,1.984,231.31,9.72,0.883,0,NORMAL
2026-06-01 23:34:05.727696,METER-ML-1003,1.59,234.1,7.36,0.923,0,NORMAL
2026-06-02 00:34:05.727696,METER-ML-1003,8.962,230.24,42.45,0.917,1,SURCHARGE_ANORMALE
2026-06-02 01:34:05.727696,METER-ML-1003,1.822,227.81,8.37,0.956,0,NORMAL
2026-06-02 02:34:05.727696,METER-ML-1003,2.569,225.69,12.28,0.927,0,NORMAL
2026-06-02 03:34:05.727696,METER-ML-1003,2.263,230.79,10.22,0.959,0,NORMAL
2026-06-02 04:34:05.727696,METER-ML-1003,2.287,229.26,10.53,0.947,0,NORMAL
2026-06-02 05:34:05.727696,METER-ML-1003,2.121,232.07,9.54,0.958,0,NORMAL
2026-06-02 06:34:05.727696,METER-ML-1003,2.857,235.38,12.99,0.934,0,NORMAL
2026-06-02 07:34:05.727696,METER-ML-1003,3.931,233.53,18.24,0.923,0,NORMAL
2026-06-02 08:34:05.727696,METER-ML-1003,4.451,228.04,20.54,0.95,0,NORMAL
2026-06-02 09:34:05.727696,METER-ML-1003,4.232,232.95,19.93,0.911,0,NORMAL
2026-06-02 10:34:05.727696,METER-ML-1003,3.646,230.7,16.69,0.947,0,NORMAL
2026-06-02 11:34:05.727696,METER-ML-1003,4.116,231.02,19.12,0.932,0,NORMAL
2026-06-02 12:34:05.727696,METER-ML-1003,5.018,235.61,23.6,0.902,0,NORMAL
2026-06-02 13:34:05.727696,METER-ML-1003,4.301,233.4,19.16,0.962,0,NORMAL
2026-06-02 14:34:05.727696,METER-ML-1003,4.779,232.74,21.43,0.958,0,NORMAL
2026-06-02 15:34:05.727696,METER-ML-1003,4.449,230.96,20.33,0.947,0,NORMAL
2026-06-02 16:34:05.727696,METER-ML-1003,3.337,230.85,16.91,0.855,0,NORMAL
2026-06-02 17:34:05.727696,METER-ML-1003,3.852,234.39,17.92,0.917,0,NORMAL
2026-06-02 18:34:05.727696,METER-ML-1003,2.759,232.4,13.18,0.901,0,NORMAL
2026-06-02 19:34:05.727696,METER-ML-1003,3.227,230.41,15.8,0.887,0,NORMAL
2026-06-02 20:34:05.727696,METER-ML-1003,3.238,232.52,15.15,0.919,0,NORMAL
2026-06-02 21:34:05.727696,METER-ML-1003,1.133,230.65,5.38,0.913,0,NORMAL
2026-06-02 22:34:05.727696,METER-ML-1003,1.675,153.31,7.73,0.558,1,ANOMALIE_TENSION_FP
2026-06-02 23:34:05.727696,METER-ML-1003,2.161,228.35,10.64,0.89,0,NORMAL
2026-06-03 00:34:05.727696,METER-ML-1003,2.376,231.61,11.31,0.907,0,NORMAL
2026-06-03 01:34:05.727696,METER-ML-1003,2.614,226.21,12.34,0.937,0,NORMAL
2026-06-03 02:34:05.727696,METER-ML-1003,2.306,226.61,10.86,0.937,0,NORMAL
2026-06-03 03:34:05.727696,METER-ML-1003,1.964,230.08,9.37,0.911,0,NORMAL
2026-06-03 04:34:05.727696,METER-ML-1003,2.434,233.04,11.99,0.871,0,NORMAL
2026-06-03 05:34:05.727696,METER-ML-1003,3.438,229.56,16.61,0.902,0,NORMAL
2026-06-03 06:34:05.727696,METER-ML-1003,2.436,231.7,11.86,0.887,0,NORMAL
2026-06-03 07:34:05.727696,METER-ML-1003,3.608,234.0,17.67,0.873,0,NORMAL
2026-06-03 08:34:05.727696,METER-ML-1003,3.416,227.38,15.98,0.94,0,NORMAL
2026-06-03 09:34:05.727696,METER-ML-1003,0.089,231.61,0.1,0.979,1,CHUTE_SUSPECTE_FRAUDE
2026-06-03 10:34:05.727696,METER-ML-1003,4.338,233.16,20.08,0.927,0,NORMAL
2026-06-03 11:34:05.727696,METER-ML-1003,4.991,226.63,24.08,0.915,0,NORMAL
2026-06-03 12:34:05.727696,METER-ML-1003,5.55,223.61,27.64,0.898,0,NORMAL
2026-06-03 13:34:05.727696,METER-ML-1003,4.377,221.67,20.48,0.964,0,NORMAL
2026-06-03 14:34:05.727696,METER-ML-1003,31.684,231.29,144.3,0.949,1,SURCHARGE_ANORMALE
2026-06-03 15:34:05.727696,METER-ML-1003,4.311,227.94,22.07,0.857,0,NORMAL
2026-06-03 16:34:05.727696,METER-ML-1003,4.532,219.62,22.07,0.935,0,NORMAL
2026-06-03 17:34:05.727696,METER-ML-1003,3.854,229.95,18.44,0.909,0,NORMAL
2026-06-03 18:34:05.727696,METER-ML-1003,3.262,233.45,14.48,0.965,0,NORMAL
2026-06-03 19:34:05.727696,METER-ML-1003,2.67,226.98,12.75,0.922,0,NORMAL
2026-06-03 20:34:05.727696,METER-ML-1003,1.579,227.58,7.2,0.964,0,NORMAL
2026-06-03 21:34:05.727696,METER-ML-1003,2.555,228.22,11.85,0.944,0,NORMAL
2026-06-03 22:34:05.727696,METER-ML-1003,2.499,227.8,11.88,0.923,0,NORMAL
2026-06-03 23:34:05.727696,METER-ML-1003,1.428,231.78,6.49,0.949,0,NORMAL
2026-06-04 00:34:05.727696,METER-ML-1003,2.39,224.11,12.23,0.872,0,NORMAL
2026-06-04 01:34:05.727696,METER-ML-1003,2.432,223.46,12.65,0.86,0,NORMAL
2026-06-04 02:34:05.727696,METER-ML-1003,2.435,228.72,12.01,0.887,0,NORMAL
2026-06-04 03:34:05.727696,METER-ML-1003,2.045,230.08,10.02,0.887,0,NORMAL
2026-06-04 04:34:05.727696,METER-ML-1003,2.902,231.77,13.13,0.953,0,NORMAL
2026-06-04 05:34:05.727696,METER-ML-1003,1.309,236.07,6.15,0.901,0,NORMAL
2026-06-04 06:34:05.727696,METER-ML-1003,3.772,228.36,18.25,0.905,0,NORMAL
2026-06-04 07:34:05.727696,METER-ML-1003,3.161,225.63,15.56,0.9,0,NORMAL
2026-06-04 08:34:05.727696,METER-ML-1003,4.17,232.2,20.64,0.87,0,NORMAL
2026-06-04 09:34:05.727696,METER-ML-1003,4.859,233.21,22.04,0.945,0,NORMAL
2026-06-04 10:34:05.727696,METER-ML-1003,4.928,229.65,21.9,0.98,0,NORMAL
2026-06-04 11:34:05.727696,METER-ML-1003,4.645,228.28,21.57,0.943,0,NORMAL
2026-06-04 12:34:05.727696,METER-ML-1003,4.827,227.43,23.73,0.895,0,NORMAL
2026-06-04 13:34:05.727696,METER-ML-1003,5.325,225.41,25.97,0.91,0,NORMAL
2026-06-04 14:34:05.727696,METER-ML-1003,5.051,170.59,23.72,0.407,1,ANOMALIE_TENSION_FP
2026-06-04 15:34:05.727696,METER-ML-1003,4.782,228.25,22.38,0.936,0,NORMAL
2026-06-04 16:34:05.727696,METER-ML-1003,2.951,226.44,14.24,0.915,0,NORMAL
2026-06-04 17:34:05.727696,METER-ML-1003,3.951,228.81,17.65,0.979,0,NORMAL
2026-06-04 18:34:05.727696,METER-ML-1003,3.205,227.36,15.88,0.888,0,NORMAL
2026-06-04 19:34:05.727696,METER-ML-1003,2.7,233.06,12.35,0.938,0,NORMAL
2026-06-04 20:34:05.727696,METER-ML-1003,2.221,230.03,10.53,0.917,0,NORMAL
2026-06-04 21:34:05.727696,METER-ML-1003,2.043,232.26,9.12,0.964,0,NORMAL
2026-06-04 22:34:05.727696,METER-ML-1003,1.99,228.69,9.06,0.96,0,NORMAL
2026-06-04 23:34:05.727696,METER-ML-1003,1.418,231.45,6.61,0.927,0,NORMAL
2026-06-05 00:34:05.727696,METER-ML-1003,2.831,240.74,12.71,0.925,0,NORMAL
2026-06-05 01:34:05.727696,METER-ML-1003,2.39,229.34,11.72,0.889,0,NORMAL
2026-06-05 02:34:05.727696,METER-ML-1003,3.587,230.42,17.23,0.903,0,NORMAL
2026-06-05 03:34:05.727696,METER-ML-1003,2.345,232.03,10.82,0.934,0,NORMAL
2026-06-05 04:34:05.727696,METER-ML-1003,2.393,235.63,11.15,0.911,0,NORMAL
2026-06-05 05:34:05.727696,METER-ML-1003,2.328,229.72,11.24,0.902,0,NORMAL
2026-06-05 06:34:05.727696,METER-ML-1003,3.429,223.89,16.43,0.932,0,NORMAL
2026-06-05 07:34:05.727696,METER-ML-1003,3.367,235.61,15.19,0.94,0,NORMAL
2026-06-05 08:34:05.727696,METER-ML-1003,4.074,233.93,18.88,0.922,0,NORMAL
2026-06-05 09:34:05.727696,METER-ML-1003,3.26,234.63,15.38,0.903,0,NORMAL
2026-06-05 10:34:05.727696,METER-ML-1003,4.11,223.91,20.95,0.876,0,NORMAL
2026-06-05 11:34:05.727696,METER-ML-1003,4.613,230.25,22.19,0.903,0,NORMAL
2026-06-05 12:34:05.727696,METER-ML-1003,4.939,226.57,24.39,0.894,0,NORMAL
2026-06-05 13:34:05.727696,METER-ML-1003,4.978,229.01,22.48,0.967,0,NORMAL
2026-06-05 14:34:05.727696,METER-ML-1003,4.763,234.01,23.25,0.876,0,NORMAL
2026-06-05 15:34:05.727696,METER-ML-1003,4.42,232.53,19.86,0.957,0,NORMAL
2026-06-05 16:34:05.727696,METER-ML-1003,3.982,228.85,18.91,0.92,0,NORMAL
2026-06-05 17:34:05.727696,METER-ML-1003,2.899,227.14,13.82,0.924,0,NORMAL
2026-06-05 18:34:05.727696,METER-ML-1003,2.893,227.1,13.77,0.925,0,NORMAL
2026-06-05 19:34:05.727696,METER-ML-1003,3.929,229.92,18.37,0.93,0,NORMAL
2026-06-05 20:34:05.727696,METER-ML-1003,2.444,234.2,11.69,0.893,0,NORMAL
2026-06-05 21:34:05.727696,METER-ML-1003,2.363,232.69,11.23,0.904,0,NORMAL
2026-06-05 22:34:05.727696,METER-ML-1003,1.762,230.7,8.4,0.909,0,NORMAL
2026-06-05 23:34:05.727696,METER-ML-1003,2.009,222.01,9.91,0.914,0,NORMAL
2026-06-06 00:34:05.727696,METER-ML-1003,3.006,232.57,14.26,0.906,0,NORMAL
2026-06-06 01:34:05.727696,METER-ML-1003,3.496,229.17,16.05,0.951,0,NORMAL
2026-06-06 02:34:05.727696,METER-ML-1003,3.566,233.1,17.24,0.887,0,NORMAL
2026-06-06 03:34:05.727696,METER-ML-1003,3.035,229.77,15.48,0.853,0,NORMAL
2026-06-06 04:34:05.727696,METER-ML-1003,2.882,230.16,13.64,0.918,0,NORMAL
2026-06-06 05:34:05.727696,METER-ML-1003,3.388,231.43,16.37,0.894,0,NORMAL
2026-06-06 06:34:05.727696,METER-ML-1003,3.66,229.86,17.52,0.909,0,NORMAL
2026-06-06 07:34:05.727696,METER-ML-1003,4.167,230.29,19.88,0.91,0,NORMAL
2026-06-06 08:34:05.727696,METER-ML-1003,4.981,225.34,24.5,0.902,0,NORMAL
2026-06-06 09:34:05.727696,METER-ML-1003,5.102,229.37,24.75,0.899,0,NORMAL
2026-06-06 10:34:05.727696,METER-ML-1003,4.263,227.9,20.55,0.91,0,NORMAL
2026-06-06 11:34:05.727696,METER-ML-1003,5.318,228.84,25.03,0.928,0,NORMAL
2026-06-06 12:34:05.727696,METER-ML-1003,5.05,227.64,24.64,0.9,0,NORMAL
2026-06-06 13:34:05.727696,METER-ML-1003,6.571,229.15,28.97,0.99,0,NORMAL
2026-06-06 14:34:05.727696,METER-ML-1003,6.291,232.33,29.46,0.919,0,NORMAL
2026-06-06 15:34:05.727696,METER-ML-1003,4.868,230.89,23.94,0.881,0,NORMAL
2026-06-06 16:34:05.727696,METER-ML-1003,5.546,224.09,26.53,0.933,0,NORMAL
2026-06-06 17:34:05.727696,METER-ML-1003,4.01,232.01,19.1,0.905,0,NORMAL
2026-06-06 18:34:05.727696,METER-ML-1003,4.481,236.83,20.56,0.92,0,NORMAL
2026-06-06 19:34:05.727696,METER-ML-1003,3.088,227.86,15.14,0.895,0,NORMAL
2026-06-06 20:34:05.727696,METER-ML-1003,3.464,229.65,17.09,0.882,0,NORMAL
2026-06-06 21:34:05.727696,METER-ML-1003,0.027,228.68,0.1,0.928,1,CHUTE_SUSPECTE_FRAUDE
2026-06-06 22:34:05.727696,METER-ML-1003,2.529,233.02,11.18,0.971,0,NORMAL
2026-06-06 23:34:05.727696,METER-ML-1003,1.741,233.45,7.9,0.944,0,NORMAL
2026-06-07 00:34:05.727696,METER-ML-1003,3.079,227.74,14.69,0.921,0,NORMAL
2026-06-07 01:34:05.727696,METER-ML-1003,2.204,232.02,10.84,0.876,0,NORMAL
2026-06-07 02:34:05.727696,METER-ML-1003,2.59,223.26,13.75,0.844,0,NORMAL
2026-06-07 03:34:05.727696,METER-ML-1003,0.058,227.09,0.1,0.905,1,CHUTE_SUSPECTE_FRAUDE
2026-06-07 04:34:05.727696,METER-ML-1003,2.649,231.68,12.31,0.929,0,NORMAL
2026-06-07 05:34:05.727696,METER-ML-1003,2.693,230.06,12.71,0.921,0,NORMAL
2026-06-07 06:34:05.727696,METER-ML-1003,3.914,223.55,18.71,0.936,0,NORMAL
2026-06-07 07:34:05.727696,METER-ML-1003,3.985,231.35,20.54,0.839,0,NORMAL
2026-06-07 08:34:05.727696,METER-ML-1003,4.897,230.14,23.28,0.914,0,NORMAL
2026-06-07 09:34:05.727696,METER-ML-1003,4.906,227.68,24.52,0.879,0,NORMAL
2026-06-07 10:34:05.727696,METER-ML-1003,6.397,232.34,32.78,0.84,0,NORMAL
2026-06-07 11:34:05.727696,METER-ML-1003,5.977,221.17,29.67,0.911,0,NORMAL
2026-06-07 12:34:05.727696,METER-ML-1003,5.364,231.31,24.3,0.954,0,NORMAL
2026-06-07 13:34:05.727696,METER-ML-1003,5.607,238.91,24.16,0.971,0,NORMAL
2026-06-07 14:34:05.727696,METER-ML-1003,5.265,228.78,24.2,0.951,0,NORMAL
2026-06-07 15:34:05.727696,METER-ML-1003,4.961,228.58,24.34,0.892,0,NORMAL
2026-06-07 16:34:05.727696,METER-ML-1003,5.061,230.72,24.61,0.891,0,NORMAL
2026-06-07 17:34:05.727696,METER-ML-1003,4.239,234.11,20.96,0.864,0,NORMAL
2026-06-07 18:34:05.727696,METER-ML-1003,3.063,239.05,13.7,0.935,0,NORMAL
2026-06-07 19:34:05.727696,METER-ML-1003,12.372,227.74,57.46,0.945,1,SURCHARGE_ANORMALE
2026-06-07 20:34:05.727696,METER-ML-1003,3.25,234.47,14.83,0.935,0,NORMAL
2026-06-07 21:34:05.727696,METER-ML-1003,2.288,233.38,10.49,0.935,0,NORMAL
2026-06-07 22:34:05.727696,METER-ML-1003,3.304,228.1,16.22,0.893,0,NORMAL
2026-06-07 23:34:05.727696,METER-ML-1003,7.933,229.56,37.66,0.918,1,SURCHARGE_ANORMALE
2026-06-08 00:34:05.727696,METER-ML-1003,2.16,234.76,10.91,0.843,0,NORMAL
2026-06-08 01:34:05.727696,METER-ML-1003,2.275,231.14,10.73,0.917,0,NORMAL
2026-06-08 02:34:05.727696,METER-ML-1003,3.1,221.8,14.78,0.946,0,NORMAL
2026-06-08 03:34:05.727696,METER-ML-1003,2.856,233.56,13.5,0.906,0,NORMAL
2026-06-08 04:34:05.727696,METER-ML-1003,1.992,234.2,9.18,0.926,0,NORMAL
2026-06-08 05:34:05.727696,METER-ML-1003,2.488,225.2,11.42,0.968,0,NORMAL
2026-06-08 06:34:05.727696,METER-ML-1003,2.557,229.58,11.53,0.966,0,NORMAL
2026-06-08 07:34:05.727696,METER-ML-1003,3.093,232.36,14.39,0.925,0,NORMAL
2026-06-08 08:34:05.727696,METER-ML-1003,3.588,231.75,16.42,0.943,0,NORMAL
2026-06-08 09:34:05.727696,METER-ML-1003,3.924,232.47,17.88,0.944,0,NORMAL
2026-06-08 10:34:05.727696,METER-ML-1003,4.381,231.22,19.31,0.981,0,NORMAL
2026-06-08 11:34:05.727696,METER-ML-1003,4.929,229.96,22.97,0.933,0,NORMAL
2026-06-08 12:34:05.727696,METER-ML-1003,4.731,232.33,21.96,0.927,0,NORMAL
2026-06-08 13:34:05.727696,METER-ML-1003,5.386,227.17,25.82,0.918,0,NORMAL
2026-06-08 14:34:05.727696,METER-ML-1003,3.876,227.54,18.74,0.909,0,NORMAL
2026-06-08 15:34:05.727696,METER-ML-1003,23.995,232.06,117.41,0.881,1,SURCHARGE_ANORMALE
2026-06-08 16:34:05.727696,METER-ML-1003,3.847,232.52,17.68,0.936,0,NORMAL
2026-06-08 17:34:05.727696,METER-ML-1003,4.134,224.28,20.65,0.892,0,NORMAL
2026-06-08 18:34:05.727696,METER-ML-1003,3.133,229.96,15.43,0.883,0,NORMAL
2026-06-08 19:34:05.727696,METER-ML-1003,14.769,229.51,65.63,0.981,1,SURCHARGE_ANORMALE
2026-06-08 20:34:05.727696,METER-ML-1003,2.749,231.87,12.8,0.926,0,NORMAL
2026-06-08 21:34:05.727696,METER-ML-1003,2.052,230.59,9.52,0.934,0,NORMAL
2026-06-08 22:34:05.727696,METER-ML-1003,1.791,224.23,8.84,0.904,0,NORMAL
2026-06-08 23:34:05.727696,METER-ML-1003,2.071,229.53,9.56,0.944,0,NORMAL
2026-06-09 00:34:05.727696,METER-ML-1003,2.484,234.92,11.13,0.95,0,NORMAL
2026-06-09 01:34:05.727696,METER-ML-1003,3.029,228.66,14.2,0.933,0,NORMAL
2026-06-09 02:34:05.727696,METER-ML-1003,2.766,226.85,13.69,0.891,0,NORMAL
2026-06-09 03:34:05.727696,METER-ML-1003,1.967,231.29,8.78,0.968,0,NORMAL
2026-06-09 04:34:05.727696,METER-ML-1003,2.869,226.13,14.08,0.901,0,NORMAL
2026-06-09 05:34:05.727696,METER-ML-1003,2.61,222.27,12.87,0.912,0,NORMAL
2026-06-09 06:34:05.727696,METER-ML-1003,2.763,232.39,12.78,0.93,0,NORMAL
2026-06-09 07:34:05.727696,METER-ML-1003,3.632,227.69,17.24,0.925,0,NORMAL
2026-06-09 08:34:05.727696,METER-ML-1003,4.249,224.77,20.51,0.922,0,NORMAL
2026-06-09 09:34:05.727696,METER-ML-1003,4.359,227.58,20.88,0.917,0,NORMAL
2026-06-09 10:34:05.727696,METER-ML-1003,4.498,225.7,22.39,0.89,0,NORMAL
2026-06-09 11:34:05.727696,METER-ML-1003,5.54,223.24,27.27,0.91,0,NORMAL
2026-06-09 12:34:05.727696,METER-ML-1003,5.046,223.16,25.75,0.878,0,NORMAL
2026-06-09 13:34:05.727696,METER-ML-1003,4.629,231.8,20.43,0.978,0,NORMAL
2026-06-09 14:34:05.727696,METER-ML-1003,4.291,233.96,19.39,0.946,0,NORMAL
2026-06-09 15:34:05.727696,METER-ML-1003,4.024,230.91,18.46,0.944,0,NORMAL
2026-06-09 16:34:05.727696,METER-ML-1003,4.147,234.65,19.2,0.92,0,NORMAL
2026-06-09 17:34:05.727696,METER-ML-1003,3.258,231.16,14.52,0.97,0,NORMAL
2026-06-09 18:34:05.727696,METER-ML-1003,3.34,225.79,15.82,0.935,0,NORMAL
2026-06-09 19:34:05.727696,METER-ML-1003,2.276,232.92,10.42,0.938,0,NORMAL
2026-06-09 20:34:05.727696,METER-ML-1003,2.339,227.89,11.16,0.92,0,NORMAL
2026-06-09 21:34:05.727696,METER-ML-1003,2.911,222.44,13.68,0.957,0,NORMAL
2026-06-09 22:34:05.727696,METER-ML-1003,1.729,234.43,8.29,0.889,0,NORMAL
2026-06-09 23:34:05.727696,METER-ML-1003,2.298,233.3,10.56,0.933,0,NORMAL
2026-06-10 00:34:05.727696,METER-ML-1003,2.264,221.83,11.31,0.902,0,NORMAL
2026-06-10 01:34:05.727696,METER-ML-1003,2.073,231.08,9.58,0.936,0,NORMAL
2026-06-10 02:34:05.727696,METER-ML-1003,2.172,222.21,10.59,0.924,0,NORMAL
2026-06-10 03:34:05.727696,METER-ML-1003,2.904,232.27,13.2,0.948,0,NORMAL
2026-06-10 04:34:05.727696,METER-ML-1003,2.079,230.11,9.61,0.94,0,NORMAL
2026-06-10 05:34:05.727696,METER-ML-1003,2.53,231.59,11.98,0.912,0,NORMAL
2026-06-10 06:34:05.727696,METER-ML-1003,3.368,237.33,16.24,0.874,0,NORMAL
2026-06-10 07:34:05.727696,METER-ML-1003,4.27,232.86,19.2,0.955,0,NORMAL
2026-06-10 08:34:05.727696,METER-ML-1003,3.913,234.86,18.49,0.901,0,NORMAL
2026-06-10 09:34:05.727696,METER-ML-1003,4.117,233.89,19.48,0.903,0,NORMAL
2026-06-10 10:34:05.727696,METER-ML-1003,4.502,233.14,20.55,0.94,0,NORMAL
2026-06-10 11:34:05.727696,METER-ML-1003,4.382,226.9,21.54,0.897,0,NORMAL
2026-06-10 12:34:05.727696,METER-ML-1003,4.322,228.39,19.89,0.952,0,NORMAL
2026-06-10 13:34:05.727696,METER-ML-1003,4.575,229.25,21.5,0.928,0,NORMAL
2026-06-10 14:34:05.727696,METER-ML-1003,4.011,238.41,17.65,0.953,0,NORMAL
2026-06-10 15:34:05.727696,METER-ML-1003,4.481,229.51,20.81,0.938,0,NORMAL
2026-06-10 16:34:05.727696,METER-ML-1003,3.539,230.45,17.21,0.892,0,NORMAL
2026-06-10 17:34:05.727696,METER-ML-1003,3.299,233.94,14.57,0.968,0,NORMAL
2026-06-10 18:34:05.727696,METER-ML-1003,2.865,231.14,13.79,0.899,0,NORMAL
2026-06-10 19:34:05.727696,METER-ML-1003,2.632,227.27,12.33,0.939,0,NORMAL
2026-06-10 20:34:05.727696,METER-ML-1003,2.464,231.52,11.81,0.901,0,NORMAL
2026-06-10 21:34:05.727696,METER-ML-1003,2.445,232.39,11.06,0.951,0,NORMAL
2026-06-10 22:34:05.727696,METER-ML-1003,2.707,235.99,12.84,0.893,0,NORMAL
2026-06-10 23:34:05.727696,METER-ML-1003,2.1,228.64,9.74,0.943,0,NORMAL
2026-06-11 00:34:05.727696,METER-ML-1003,1.666,224.0,7.99,0.932,0,NORMAL
2026-06-11 01:34:05.727696,METER-ML-1003,2.603,223.07,12.86,0.908,0,NORMAL
2026-06-11 02:34:05.727696,METER-ML-1003,2.36,226.71,11.16,0.932,0,NORMAL
2026-06-11 03:34:05.727696,METER-ML-1003,2.416,228.72,11.51,0.918,0,NORMAL
2026-06-11 04:34:05.727696,METER-ML-1003,2.327,235.67,10.42,0.947,0,NORMAL
2026-06-11 05:34:05.727696,METER-ML-1003,2.364,231.71,10.92,0.934,0,NORMAL
2026-06-11 06:34:05.727696,METER-ML-1003,3.481,227.46,16.21,0.944,0,NORMAL
2026-06-11 07:34:05.727696,METER-ML-1003,3.203,230.73,15.11,0.919,0,NORMAL
2026-06-11 08:34:05.727696,METER-ML-1003,3.337,226.78,16.01,0.919,0,NORMAL
2026-06-11 09:34:05.727696,METER-ML-1003,3.842,233.24,17.58,0.937,0,NORMAL
2026-06-11 10:34:05.727696,METER-ML-1003,4.515,228.73,21.35,0.924,0,NORMAL
2026-06-11 11:34:05.727696,METER-ML-1003,4.403,231.82,20.98,0.905,0,NORMAL
2026-06-11 12:34:05.727696,METER-ML-1003,4.445,233.28,20.19,0.944,0,NORMAL
2026-06-11 13:34:05.727696,METER-ML-1003,4.694,232.59,21.47,0.94,0,NORMAL
2026-06-11 14:34:05.727696,METER-ML-1003,4.357,228.5,20.51,0.93,0,NORMAL
2026-06-11 15:34:05.727696,METER-ML-1003,5.027,230.61,25.19,0.865,0,NORMAL
2026-06-11 16:34:05.727696,METER-ML-1003,4.275,235.16,21.07,0.863,0,NORMAL
2026-06-11 17:34:05.727696,METER-ML-1003,3.552,228.62,16.93,0.918,0,NORMAL
2026-06-11 18:34:05.727696,METER-ML-1003,2.411,224.43,11.64,0.923,0,NORMAL
2026-06-11 19:34:05.727696,METER-ML-1003,2.577,234.67,12.24,0.897,0,NORMAL
2026-06-11 20:34:05.727696,METER-ML-1003,2.417,227.72,11.81,0.898,0,NORMAL
2026-06-11 21:34:05.727696,METER-ML-1003,2.724,232.65,12.44,0.941,0,NORMAL
2026-06-11 22:34:05.727696,METER-ML-1003,1.927,221.74,9.88,0.88,0,NORMAL
2026-06-11 23:34:05.727696,METER-ML-1003,1.43,227.07,7.29,0.864,0,NORMAL
2026-06-12 00:34:05.727696,METER-ML-1003,2.61,230.81,12.43,0.91,0,NORMAL
2026-06-12 01:34:05.727696,METER-ML-1003,3.25,228.11,15.4,0.925,0,NORMAL
2026-06-12 02:34:05.727696,METER-ML-1003,2.408,228.1,11.68,0.904,0,NORMAL
2026-06-12 03:34:05.727696,METER-ML-1003,2.8,225.73,13.11,0.946,0,NORMAL
2026-06-12 04:34:05.727696,METER-ML-1003,2.607,223.74,12.48,0.934,0,NORMAL
2026-06-12 05:34:05.727696,METER-ML-1003,1.979,224.36,9.48,0.93,0,NORMAL
2026-06-12 06:34:05.727696,METER-ML-1003,3.107,229.07,14.43,0.94,0,NORMAL
2026-06-12 07:34:05.727696,METER-ML-1003,3.661,231.03,17.59,0.901,0,NORMAL
2026-06-12 08:34:05.727696,METER-ML-1003,4.576,225.81,23.22,0.873,0,NORMAL
2026-06-12 09:34:05.727696,METER-ML-1003,4.078,231.12,19.25,0.917,0,NORMAL
2026-06-12 10:34:05.727696,METER-ML-1003,3.917,229.32,18.82,0.908,0,NORMAL
2026-06-12 11:34:05.727696,METER-ML-1003,4.777,233.06,22.5,0.911,0,NORMAL
2026-06-12 12:34:05.727696,METER-ML-1003,4.672,226.3,22.07,0.935,0,NORMAL
2026-06-12 13:34:05.727696,METER-ML-1003,3.961,226.62,19.1,0.915,0,NORMAL
2026-06-12 14:34:05.727696,METER-ML-1003,4.31,229.0,20.37,0.924,0,NORMAL
2026-06-12 15:34:05.727696,METER-ML-1003,4.013,235.17,19.21,0.889,0,NORMAL
2026-06-12 16:34:05.727696,METER-ML-1003,4.052,231.36,19.55,0.896,0,NORMAL
2026-06-12 17:34:05.727696,METER-ML-1003,3.625,231.87,18.04,0.867,0,NORMAL
2026-06-12 18:34:05.727696,METER-ML-1003,3.244,228.94,15.62,0.907,0,NORMAL
2026-06-12 19:34:05.727696,METER-ML-1003,2.058,231.03,9.28,0.961,0,NORMAL
2026-06-12 20:34:05.727696,METER-ML-1003,2.711,229.97,12.74,0.925,0,NORMAL
2026-06-12 21:34:05.727696,METER-ML-1003,13.211,226.19,66.6,0.877,1,SURCHARGE_ANORMALE
2026-06-12 22:34:05.727696,METER-ML-1003,1.663,231.48,8.15,0.882,0,NORMAL
2026-06-12 23:34:05.727696,METER-ML-1003,1.641,227.35,8.11,0.891,0,NORMAL
2026-06-13 00:34:05.727696,METER-ML-1003,2.711,229.87,13.19,0.894,0,NORMAL
2026-06-13 01:34:05.727696,METER-ML-1003,2.909,224.66,13.83,0.937,0,NORMAL
2026-06-13 02:34:05.727696,METER-ML-1003,2.298,225.91,11.02,0.923,0,NORMAL
2026-06-13 03:34:05.727696,METER-ML-1003,2.778,233.11,12.99,0.917,0,NORMAL
2026-06-13 04:34:05.727696,METER-ML-1003,1.96,230.11,9.09,0.937,0,NORMAL
2026-06-13 05:34:05.727696,METER-ML-1003,2.569,226.25,11.83,0.96,0,NORMAL
2026-06-13 06:34:05.727696,METER-ML-1003,4.378,230.0,21.82,0.872,0,NORMAL
2026-06-13 07:34:05.727696,METER-ML-1003,0.033,232.46,0.1,0.93,1,CHUTE_SUSPECTE_FRAUDE
2026-06-13 08:34:05.727696,METER-ML-1003,4.345,226.94,21.26,0.901,0,NORMAL
2026-06-13 09:34:05.727696,METER-ML-1003,4.803,227.72,23.51,0.897,0,NORMAL
2026-06-13 10:34:05.727696,METER-ML-1003,5.739,232.35,28.26,0.874,0,NORMAL
2026-06-13 11:34:05.727696,METER-ML-1003,5.268,231.83,24.22,0.938,0,NORMAL
2026-06-13 12:34:05.727696,METER-ML-1003,5.489,229.86,26.3,0.908,0,NORMAL
2026-06-13 13:34:05.727696,METER-ML-1003,5.964,229.69,28.44,0.913,0,NORMAL
2026-06-13 14:34:05.727696,METER-ML-1003,5.339,228.75,25.45,0.917,0,NORMAL
2026-06-13 15:34:05.727696,METER-ML-1003,4.931,231.87,23.39,0.91,0,NORMAL
2026-06-13 16:34:05.727696,METER-ML-1003,5.014,224.47,24.62,0.907,0,NORMAL
2026-06-13 17:34:05.727696,METER-ML-1003,3.974,232.66,19.26,0.887,0,NORMAL
2026-06-13 18:34:05.727696,METER-ML-1003,3.654,227.28,17.99,0.894,0,NORMAL
2026-06-13 19:34:05.727696,METER-ML-1003,3.132,229.66,14.08,0.968,0,NORMAL
2026-06-13 20:34:05.727696,METER-ML-1003,2.956,227.61,13.96,0.931,0,NORMAL
2026-06-13 21:34:05.727696,METER-ML-1003,3.206,225.93,14.75,0.962,0,NORMAL
2026-06-13 22:34:05.727696,METER-ML-1003,1.113,165.35,5.18,0.54,1,ANOMALIE_TENSION_FP
2026-06-13 23:34:05.727696,METER-ML-1003,2.243,229.63,10.23,0.955,0,NORMAL
2026-06-14 00:34:05.727696,METER-ML-1003,2.738,228.79,12.66,0.946,0,NORMAL
2026-06-14 01:34:05.727696,METER-ML-1003,3.09,231.36,13.55,0.986,0,NORMAL
2026-06-14 02:34:05.727696,METER-ML-1003,3.019,235.84,14.65,0.874,0,NORMAL
2026-06-14 03:34:05.727696,METER-ML-1003,19.382,232.39,90.33,0.923,1,SURCHARGE_ANORMALE
2026-06-14 04:34:05.727696,METER-ML-1003,3.107,230.85,14.86,0.905,0,NORMAL
2026-06-14 05:34:05.727696,METER-ML-1003,2.901,229.48,14.46,0.874,0,NORMAL
2026-06-14 06:34:05.727696,METER-ML-1003,2.693,231.5,12.7,0.916,0,NORMAL
2026-06-14 07:34:05.727696,METER-ML-1003,4.119,231.02,19.36,0.921,0,NORMAL
2026-06-14 08:34:05.727696,METER-ML-1003,5.64,229.64,26.83,0.916,0,NORMAL
2026-06-14 09:34:05.727696,METER-ML-1003,4.624,236.65,21.2,0.921,0,NORMAL
2026-06-14 10:34:05.727696,METER-ML-1003,5.635,228.75,28.11,0.876,0,NORMAL
2026-06-14 11:34:05.727696,METER-ML-1003,5.457,235.32,25.62,0.905,0,NORMAL
2026-06-14 12:34:05.727696,METER-ML-1003,6.189,228.4,31.29,0.866,0,NORMAL
2026-06-14 13:34:05.727696,METER-ML-1003,6.218,228.74,28.67,0.948,0,NORMAL
2026-06-14 14:34:05.727696,METER-ML-1003,6.098,231.34,28.5,0.925,0,NORMAL
2026-06-14 15:34:05.727696,METER-ML-1003,5.862,232.21,27.02,0.934,0,NORMAL
2026-06-14 16:34:05.727696,METER-ML-1003,4.522,229.81,22.04,0.893,0,NORMAL
2026-06-14 17:34:05.727696,METER-ML-1003,4.12,229.53,19.55,0.918,0,NORMAL
2026-06-14 18:34:05.727696,METER-ML-1003,4.055,224.32,19.72,0.917,0,NORMAL
2026-06-14 19:34:05.727696,METER-ML-1003,3.412,230.34,16.5,0.898,0,NORMAL
2026-06-14 20:34:05.727696,METER-ML-1003,3.225,231.73,14.63,0.951,0,NORMAL
2026-06-14 21:34:05.727696,METER-ML-1003,2.638,229.76,12.42,0.924,0,NORMAL
2026-06-14 22:34:05.727696,METER-ML-1003,1.827,235.55,9.16,0.846,0,NORMAL
2026-06-14 23:34:05.727696,METER-ML-1003,7.116,231.39,32.41,0.949,1,SURCHARGE_ANORMALE
2026-06-15 00:34:05.727696,METER-ML-1003,0.04,233.88,0.1,0.963,1,CHUTE_SUSPECTE_FRAUDE
2026-06-15 01:34:05.727696,METER-ML-1003,2.375,227.55,11.79,0.885,0,NORMAL
2026-06-15 02:34:05.727696,METER-ML-1003,2.355,231.77,11.42,0.89,0,NORMAL
2026-06-15 03:34:05.727696,METER-ML-1003,2.121,226.12,9.95,0.943,0,NORMAL
2026-06-15 04:34:05.727696,METER-ML-1003,3.742,232.74,17.63,0.912,0,NORMAL
2026-06-15 05:34:05.727696,METER-ML-1003,2.776,235.62,12.97,0.909,0,NORMAL
2026-06-15 06:34:05.727696,METER-ML-1003,3.133,224.93,14.24,0.978,0,NORMAL
2026-06-15 07:34:05.727696,METER-ML-1003,3.19,229.57,15.61,0.89,0,NORMAL
2026-06-15 08:34:05.727696,METER-ML-1003,3.544,229.82,16.39,0.941,0,NORMAL
2026-06-15 09:34:05.727696,METER-ML-1003,4.637,236.94,20.13,0.972,0,NORMAL
2026-06-15 10:34:05.727696,METER-ML-1003,3.895,237.14,18.09,0.908,0,NORMAL
2026-06-15 11:34:05.727696,METER-ML-1003,4.554,230.68,22.48,0.878,0,NORMAL
2026-06-15 12:34:05.727696,METER-ML-1003,4.059,235.26,18.05,0.956,0,NORMAL
2026-06-15 13:34:05.727696,METER-ML-1003,4.515,229.89,21.17,0.928,0,NORMAL
2026-06-15 14:34:05.727696,METER-ML-1003,4.536,228.5,22.64,0.877,0,NORMAL
2026-06-15 15:34:05.727696,METER-ML-1003,5.116,230.55,24.24,0.915,0,NORMAL
2026-06-15 16:34:05.727696,METER-ML-1003,3.232,228.6,15.16,0.933,0,NORMAL
2026-06-15 17:34:05.727696,METER-ML-1003,3.237,230.93,14.93,0.939,0,NORMAL
2026-06-15 18:34:05.727696,METER-ML-1003,2.944,230.27,13.81,0.926,0,NORMAL
2026-06-15 19:34:05.727696,METER-ML-1003,3.038,236.36,13.83,0.93,0,NORMAL
2026-06-15 20:34:05.727696,METER-ML-1003,2.948,232.26,13.49,0.941,0,NORMAL
2026-06-15 21:34:05.727696,METER-ML-1003,2.407,233.53,11.63,0.886,0,NORMAL
2026-06-15 22:34:05.727696,METER-ML-1003,0.766,229.69,3.5,0.954,0,NORMAL
2026-06-15 23:34:05.727696,METER-ML-1003,1.184,231.29,5.51,0.929,0,NORMAL
2026-06-16 00:34:05.727696,METER-ML-1003,2.508,222.88,12.63,0.891,0,NORMAL
2026-06-16 01:34:05.727696,METER-ML-1003,2.819,226.64,13.46,0.924,0,NORMAL
2026-06-16 02:34:05.727696,METER-ML-1003,3.102,228.8,13.69,0.99,0,NORMAL
2026-06-16 03:34:05.727696,METER-ML-1003,2.438,230.7,12.04,0.878,0,NORMAL
2026-06-16 04:34:05.727696,METER-ML-1003,3.067,226.45,14.83,0.913,0,NORMAL
2026-06-16 05:34:05.727696,METER-ML-1003,2.467,227.0,11.88,0.914,0,NORMAL
2026-06-16 06:34:05.727696,METER-ML-1003,3.023,230.78,13.61,0.963,0,NORMAL
2026-06-16 07:34:05.727696,METER-ML-1003,3.446,225.67,16.39,0.932,0,NORMAL
2026-06-16 08:34:05.727696,METER-ML-1003,3.967,231.92,19.3,0.886,0,NORMAL
2026-06-16 09:34:05.727696,METER-ML-1003,4.745,230.96,22.22,0.925,0,NORMAL
2026-06-16 10:34:05.727696,METER-ML-1003,4.259,231.69,19.88,0.925,0,NORMAL
2026-06-16 11:34:05.727696,METER-ML-1003,4.04,225.08,18.95,0.947,0,NORMAL
2026-06-16 12:34:05.727696,METER-ML-1003,4.614,234.8,21.02,0.935,0,NORMAL
2026-06-16 13:34:05.727696,METER-ML-1003,0.02,228.64,0.1,0.923,1,CHUTE_SUSPECTE_FRAUDE
2026-06-16 14:34:05.727696,METER-ML-1003,4.636,231.25,22.4,0.895,0,NORMAL
2026-06-16 15:34:05.727696,METER-ML-1003,3.772,230.02,17.32,0.947,0,NORMAL
2026-06-16 16:34:05.727696,METER-ML-1003,4.654,225.9,23.61,0.873,0,NORMAL
2026-06-16 17:34:05.727696,METER-ML-1003,3.119,224.29,14.77,0.942,0,NORMAL
2026-06-16 18:34:05.727696,METER-ML-1003,0.019,223.66,0.1,0.942,1,CHUTE_SUSPECTE_FRAUDE
2026-06-16 19:34:05.727696,METER-ML-1003,2.88,220.2,14.17,0.923,0,NORMAL
2026-06-16 20:34:05.727696,METER-ML-1003,2.642,224.91,12.85,0.914,0,NORMAL
2026-06-16 21:34:05.727696,METER-ML-1003,2.235,234.63,10.11,0.942,0,NORMAL
2026-06-16 22:34:05.727696,METER-ML-1003,1.972,230.25,9.71,0.882,0,NORMAL
2026-06-16 23:34:05.727696,METER-ML-1003,1.203,233.17,5.46,0.945,0,NORMAL
2026-06-17 00:34:05.727696,METER-ML-1003,2.551,222.53,12.89,0.889,0,NORMAL
2026-06-17 01:34:05.727696,METER-ML-1003,2.497,230.07,11.58,0.937,0,NORMAL
2026-06-17 02:34:05.727696,METER-ML-1003,2.477,227.76,11.45,0.949,0,NORMAL
2026-06-17 03:34:05.727696,METER-ML-1003,2.256,232.25,10.71,0.907,0,NORMAL
2026-06-17 04:34:05.727696,METER-ML-1003,2.412,229.35,11.92,0.883,0,NORMAL
2026-06-17 05:34:05.727696,METER-ML-1003,2.743,230.43,13.21,0.901,0,NORMAL
2026-06-17 06:34:05.727696,METER-ML-1003,2.527,223.81,12.3,0.918,0,NORMAL
2026-06-17 07:34:05.727696,METER-ML-1003,3.082,232.25,13.4,0.99,0,NORMAL
2026-06-17 08:34:05.727696,METER-ML-1003,3.817,231.24,17.89,0.923,0,NORMAL
2026-06-17 09:34:05.727696,METER-ML-1003,4.135,233.28,20.28,0.874,0,NORMAL
2026-06-17 10:34:05.727696,METER-ML-1003,4.27,167.46,20.7,0.559,1,ANOMALIE_TENSION_FP
2026-06-17 11:34:05.727696,METER-ML-1003,4.612,224.82,24.05,0.853,0,NORMAL
2026-06-17 12:34:05.727696,METER-ML-1003,4.578,231.34,21.52,0.919,0,NORMAL
2026-06-17 13:34:05.727696,METER-ML-1003,4.057,233.97,19.7,0.88,0,NORMAL
2026-06-17 14:34:05.727696,METER-ML-1003,4.611,235.1,21.03,0.933,0,NORMAL
2026-06-17 15:34:05.727696,METER-ML-1003,4.204,226.97,19.33,0.958,0,NORMAL
2026-06-17 16:34:05.727696,METER-ML-1003,3.585,227.14,17.05,0.925,0,NORMAL
2026-06-17 17:34:05.727696,METER-ML-1003,4.297,232.29,21.16,0.874,0,NORMAL
2026-06-17 18:34:05.727696,METER-ML-1003,2.54,232.59,11.54,0.946,0,NORMAL
2026-06-17 19:34:05.727696,METER-ML-1003,3.038,233.6,14.75,0.882,0,NORMAL
2026-06-17 20:34:05.727696,METER-ML-1003,2.843,234.05,13.9,0.874,0,NORMAL
2026-06-17 21:34:05.727696,METER-ML-1003,1.492,231.68,7.2,0.894,0,NORMAL
2026-06-17 22:34:05.727696,METER-ML-1003,2.326,228.97,11.34,0.896,0,NORMAL
2026-06-17 23:34:05.727696,METER-ML-1003,2.055,231.84,9.92,0.894,0,NORMAL
2026-06-18 00:34:05.727696,METER-ML-1003,2.416,227.32,11.35,0.936,0,NORMAL
2026-06-18 01:34:05.727696,METER-ML-1003,2.123,232.85,10.56,0.863,0,NORMAL
2026-06-18 02:34:05.727696,METER-ML-1003,2.895,228.42,14.14,0.896,0,NORMAL
2026-06-18 03:34:05.727696,METER-ML-1003,7.591,234.33,35.85,0.904,1,SURCHARGE_ANORMALE
2026-06-18 04:34:05.727696,METER-ML-1003,2.542,230.31,11.87,0.93,0,NORMAL
2026-06-18 05:34:05.727696,METER-ML-1003,2.431,224.36,12.14,0.892,0,NORMAL
2026-06-18 06:34:05.727696,METER-ML-1003,2.423,227.25,11.73,0.909,0,NORMAL
2026-06-18 07:34:05.727696,METER-ML-1003,3.291,233.77,15.82,0.89,0,NORMAL
2026-06-18 08:34:05.727696,METER-ML-1003,3.325,228.53,15.21,0.957,0,NORMAL
2026-06-18 09:34:05.727696,METER-ML-1003,3.541,228.81,16.96,0.912,0,NORMAL
2026-06-18 10:34:05.727696,METER-ML-1003,5.295,226.59,24.54,0.953,0,NORMAL
2026-06-18 11:34:05.727696,METER-ML-1003,4.616,232.82,21.58,0.919,0,NORMAL
2026-06-18 12:34:05.727696,METER-ML-1003,4.892,231.6,21.46,0.985,0,NORMAL
2026-06-18 13:34:05.727696,METER-ML-1003,5.342,236.52,25.06,0.901,0,NORMAL
2026-06-18 14:34:05.727696,METER-ML-1003,3.897,233.63,18.31,0.911,0,NORMAL
2026-06-18 15:34:05.727696,METER-ML-1003,3.78,225.31,17.37,0.966,0,NORMAL
2026-06-18 16:34:05.727696,METER-ML-1003,4.558,228.95,20.28,0.982,0,NORMAL
2026-06-18 17:34:05.727696,METER-ML-1003,3.817,226.86,18.3,0.919,0,NORMAL
2026-06-18 18:34:05.727696,METER-ML-1003,2.751,228.73,12.59,0.956,0,NORMAL
2026-06-18 19:34:05.727696,METER-ML-1003,2.232,172.41,10.09,0.502,1,ANOMALIE_TENSION_FP
2026-06-18 20:34:05.727696,METER-ML-1003,3.388,231.86,16.41,0.89,0,NORMAL
2026-06-18 21:34:05.727696,METER-ML-1003,1.898,228.37,8.95,0.929,0,NORMAL
2026-06-18 22:34:05.727696,METER-ML-1003,2.159,231.61,10.13,0.92,0,NORMAL
2026-06-18 23:34:05.727696,METER-ML-1003,1.475,237.0,6.65,0.935,0,NORMAL
2026-06-19 00:34:05.727696,METER-ML-1003,0.038,228.7,0.1,0.905,1,CHUTE_SUSPECTE_FRAUDE
2026-06-19 01:34:05.727696,METER-ML-1003,2.13,231.94,9.63,0.953,0,NORMAL
2026-06-19 02:34:05.727696,METER-ML-1003,2.248,230.54,10.45,0.934,0,NORMAL
2026-06-19 03:34:05.727696,METER-ML-1003,1.974,228.28,8.99,0.962,0,NORMAL
2026-06-19 04:34:05.727696,METER-ML-1003,2.468,230.14,11.56,0.928,0,NORMAL
2026-06-19 05:34:05.727696,METER-ML-1003,1.847,222.52,8.93,0.93,0,NORMAL
2026-06-19 06:34:05.727696,METER-ML-1003,2.438,167.43,11.59,0.563,1,ANOMALIE_TENSION_FP
2026-06-19 07:34:05.727696,METER-ML-1003,3.172,233.05,14.87,0.915,0,NORMAL
2026-06-19 08:34:05.727696,METER-ML-1003,3.807,239.6,17.01,0.934,0,NORMAL
2026-06-19 09:34:05.727696,METER-ML-1003,4.893,231.1,23.83,0.888,0,NORMAL
2026-06-19 10:34:05.727696,METER-ML-1003,4.393,227.12,20.17,0.959,0,NORMAL
2026-06-19 11:34:05.727696,METER-ML-1003,4.651,233.69,21.99,0.905,0,NORMAL
2026-06-19 12:34:05.727696,METER-ML-1003,4.994,228.32,24.57,0.89,0,NORMAL
2026-06-19 13:34:05.727696,METER-ML-1003,3.02,229.47,14.08,0.934,0,NORMAL
2026-06-19 14:34:05.727696,METER-ML-1003,0.002,229.05,0.1,0.99,1,CHUTE_SUSPECTE_FRAUDE
2026-06-19 15:34:05.727696,METER-ML-1003,4.436,227.9,20.86,0.933,0,NORMAL
2026-06-19 16:34:05.727696,METER-ML-1003,3.434,232.29,15.86,0.932,0,NORMAL
2026-06-19 17:34:05.727696,METER-ML-1003,3.147,226.83,14.46,0.959,0,NORMAL
2026-06-19 18:34:05.727696,METER-ML-1003,3.438,234.93,14.98,0.977,0,NORMAL
2026-06-19 19:34:05.727696,METER-ML-1003,2.3,229.71,11.01,0.909,0,NORMAL
2026-06-19 20:34:05.727696,METER-ML-1003,2.142,230.76,10.2,0.91,0,NORMAL
2026-06-19 21:34:05.727696,METER-ML-1003,2.343,232.27,11.61,0.869,0,NORMAL
2026-06-19 22:34:05.727696,METER-ML-1003,2.609,229.75,11.93,0.952,0,NORMAL
2026-06-19 23:34:05.727696,METER-ML-1003,1.455,232.29,6.57,0.954,0,NORMAL
2026-06-20 00:34:05.727696,METER-ML-1003,3.911,229.2,17.64,0.967,0,NORMAL
2026-06-20 01:34:05.727696,METER-ML-1003,3.157,228.49,13.96,0.99,0,NORMAL
2026-06-20 02:34:05.727696,METER-ML-1003,2.875,222.77,14.1,0.916,0,NORMAL
2026-06-20 03:34:05.727696,METER-ML-1003,3.041,228.19,15.38,0.866,0,NORMAL
2026-06-20 04:34:05.727696,METER-ML-1003,3.597,224.81,16.95,0.944,0,NORMAL
2026-06-20 05:34:05.727696,METER-ML-1003,3.336,230.58,15.01,0.964,0,NORMAL
2026-06-20 06:34:05.727696,METER-ML-1003,4.273,231.29,20.08,0.92,0,NORMAL
2026-06-20 07:34:05.727696,METER-ML-1003,4.689,230.5,21.24,0.958,0,NORMAL
2026-06-20 08:34:05.727696,METER-ML-1003,4.748,230.35,22.47,0.917,0,NORMAL
2026-06-20 09:34:05.727696,METER-ML-1003,5.151,228.05,24.15,0.936,0,NORMAL
2026-06-20 10:34:05.727696,METER-ML-1003,4.785,231.57,21.1,0.979,0,NORMAL
2026-06-20 11:34:05.727696,METER-ML-1003,5.414,233.14,25.38,0.915,0,NORMAL
2026-06-20 12:34:05.727696,METER-ML-1003,5.264,230.03,23.79,0.962,0,NORMAL
2026-06-20 13:34:05.727696,METER-ML-1003,5.616,224.38,27.05,0.925,0,NORMAL
2026-06-20 14:34:05.727696,METER-ML-1003,5.911,230.71,27.59,0.929,0,NORMAL
2026-06-20 15:34:05.727696,METER-ML-1003,5.458,222.43,25.89,0.948,0,NORMAL
2026-06-20 16:34:05.727696,METER-ML-1003,4.632,232.93,22.3,0.892,0,NORMAL
2026-06-20 17:34:05.727696,METER-ML-1003,3.528,229.99,17.12,0.896,0,NORMAL
2026-06-20 18:34:05.727696,METER-ML-1003,2.961,234.01,13.35,0.948,0,NORMAL
2026-06-20 19:34:05.727696,METER-ML-1003,3.482,228.14,16.54,0.923,0,NORMAL
2026-06-20 20:34:05.727696,METER-ML-1003,2.435,234.39,11.26,0.923,0,NORMAL
2026-06-20 21:34:05.727696,METER-ML-1003,2.982,231.68,13.75,0.936,0,NORMAL
2026-06-20 22:34:05.727696,METER-ML-1003,2.225,231.69,10.37,0.926,0,NORMAL
2026-06-20 23:34:05.727696,METER-ML-1003,1.842,229.16,8.52,0.943,0,NORMAL
2026-06-21 00:34:05.727696,METER-ML-1003,2.932,227.46,14.25,0.904,0,NORMAL
2026-06-21 01:34:05.727696,METER-ML-1003,3.183,228.92,15.23,0.913,0,NORMAL
2026-06-21 02:34:05.727696,METER-ML-1003,16.734,227.33,74.66,0.986,1,SURCHARGE_ANORMALE
2026-06-21 03:34:05.727696,METER-ML-1003,3.491,227.68,16.45,0.932,0,NORMAL
2026-06-21 04:34:05.727696,METER-ML-1003,2.814,230.27,13.16,0.929,0,NORMAL
2026-06-21 05:34:05.727696,METER-ML-1003,3.065,235.04,13.69,0.952,0,NORMAL
2026-06-21 06:34:05.727696,METER-ML-1003,18.901,234.15,85.46,0.945,1,SURCHARGE_ANORMALE
2026-06-21 07:34:05.727696,METER-ML-1003,4.157,228.1,19.29,0.945,0,NORMAL
2026-06-21 08:34:05.727696,METER-ML-1003,4.178,226.83,21.4,0.861,0,NORMAL
2026-06-21 09:34:05.727696,METER-ML-1003,4.553,227.94,21.09,0.947,0,NORMAL
2026-06-21 10:34:05.727696,METER-ML-1003,5.963,234.22,27.61,0.922,0,NORMAL
2026-06-21 11:34:05.727696,METER-ML-1003,6.117,229.51,29.8,0.894,0,NORMAL
2026-06-21 12:34:05.727696,METER-ML-1003,5.628,224.1,26.78,0.938,0,NORMAL
2026-06-21 13:34:05.727696,METER-ML-1003,5.918,221.75,27.85,0.958,0,NORMAL
2026-06-21 14:34:05.727696,METER-ML-1003,4.604,231.37,21.24,0.937,0,NORMAL
2026-06-21 15:34:05.727696,METER-ML-1003,4.436,233.51,19.83,0.958,0,NORMAL
2026-06-21 16:34:05.727696,METER-ML-1003,4.99,229.36,23.98,0.907,0,NORMAL
2026-06-21 17:34:05.727696,METER-ML-1003,4.622,222.82,23.09,0.898,0,NORMAL
2026-06-21 18:34:05.727696,METER-ML-1003,3.769,231.13,17.47,0.934,0,NORMAL
2026-06-21 19:34:05.727696,METER-ML-1003,3.43,229.95,16.53,0.903,0,NORMAL
2026-06-21 20:34:05.727696,METER-ML-1003,3.057,229.62,14.23,0.935,0,NORMAL
2026-06-21 21:34:05.727696,METER-ML-1003,3.032,233.18,13.71,0.948,0,NORMAL
2026-06-21 22:34:05.727696,METER-ML-1003,2.17,229.67,10.1,0.935,0,NORMAL
2026-06-21 23:34:05.727696,METER-ML-1003,2.67,229.39,13.19,0.883,0,NORMAL
2026-06-22 00:34:05.727696,METER-ML-1003,0.048,228.73,0.1,0.973,1,CHUTE_SUSPECTE_FRAUDE
2026-06-22 01:34:05.727696,METER-ML-1003,2.475,229.34,11.79,0.915,0,NORMAL
2026-06-22 02:34:05.727696,METER-ML-1003,2.572,229.59,12.09,0.927,0,NORMAL
2026-06-22 03:34:05.727696,METER-ML-1003,2.16,229.91,10.08,0.932,0,NORMAL
2026-06-22 04:34:05.727696,METER-ML-1003,2.517,229.41,11.85,0.926,0,NORMAL
2026-06-22 05:34:05.727696,METER-ML-1003,2.739,232.89,12.29,0.957,0,NORMAL
2026-06-22 06:34:05.727696,METER-ML-1003,3.321,236.8,14.86,0.944,0,NORMAL
2026-06-22 07:34:05.727696,METER-ML-1003,3.229,233.25,15.36,0.901,0,NORMAL
2026-06-22 08:34:05.727696,METER-ML-1003,3.428,232.55,15.45,0.954,0,NORMAL
2026-06-22 09:34:05.727696,METER-ML-1003,4.483,226.32,22.24,0.891,0,NORMAL
2026-06-22 10:34:05.727696,METER-ML-1003,5.495,224.72,26.78,0.913,0,NORMAL
2026-06-22 11:34:05.727696,METER-ML-1003,4.319,237.19,19.5,0.934,0,NORMAL
2026-06-22 12:34:05.727696,METER-ML-1003,4.786,228.91,22.2,0.941,0,NORMAL
2026-06-22 13:34:05.727696,METER-ML-1003,4.759,222.87,24.04,0.888,0,NORMAL
2026-06-22 14:34:05.727696,METER-ML-1003,4.625,230.65,21.47,0.934,0,NORMAL
2026-06-22 15:34:05.727696,METER-ML-1003,4.747,227.82,22.86,0.912,0,NORMAL
2026-06-22 16:34:05.727696,METER-ML-1003,3.564,159.51,16.75,0.571,1,ANOMALIE_TENSION_FP
2026-06-22 17:34:05.727696,METER-ML-1003,2.82,232.02,12.76,0.953,0,NORMAL
2026-06-22 18:34:05.727696,METER-ML-1003,2.051,232.92,9.29,0.948,0,NORMAL
2026-06-22 19:34:05.727696,METER-ML-1003,2.617,231.02,11.44,0.99,0,NORMAL
2026-06-22 20:34:05.727696,METER-ML-1003,2.709,226.81,12.92,0.924,0,NORMAL
2026-06-22 21:34:05.727696,METER-ML-1003,1.793,230.19,8.23,0.946,0,NORMAL
2026-06-22 22:34:05.727696,METER-ML-1003,1.54,230.53,7.47,0.894,0,NORMAL
2026-06-22 23:34:05.727696,METER-ML-1003,1.741,230.54,8.13,0.929,0,NORMAL
2026-06-23 00:34:05.727696,METER-ML-1003,2.708,226.12,12.91,0.928,0,NORMAL
2026-06-23 01:34:05.727696,METER-ML-1003,2.956,228.58,13.62,0.949,0,NORMAL
2026-06-23 02:34:05.727696,METER-ML-1003,1.807,233.52,8.85,0.875,0,NORMAL
2026-06-23 03:34:05.727696,METER-ML-1003,2.589,234.86,12.28,0.898,0,NORMAL
2026-06-23 04:34:05.727696,METER-ML-1003,3.273,227.81,14.91,0.963,0,NORMAL
2026-06-23 05:34:05.727696,METER-ML-1003,2.57,230.7,12.81,0.87,0,NORMAL
2026-06-23 06:34:05.727696,METER-ML-1003,3.285,227.91,16.1,0.895,0,NORMAL
2026-06-23 07:34:05.727696,METER-ML-1003,3.871,231.34,17.61,0.95,0,NORMAL
2026-06-23 08:34:05.727696,METER-ML-1003,3.977,229.29,18.59,0.933,0,NORMAL
2026-06-23 09:34:05.727696,METER-ML-1003,4.334,231.86,19.86,0.941,0,NORMAL
2026-06-23 10:34:05.727696,METER-ML-1003,4.831,229.44,23.76,0.886,0,NORMAL
2026-06-23 11:34:05.727696,METER-ML-1003,5.295,231.32,26.43,0.866,0,NORMAL
2026-06-23 12:34:05.727696,METER-ML-1003,4.738,224.7,22.59,0.934,0,NORMAL
2026-06-23 13:34:05.727696,METER-ML-1003,4.428,226.08,21.13,0.927,0,NORMAL
2026-06-23 14:34:05.727696,METER-ML-1003,4.989,228.7,24.29,0.898,0,NORMAL
2026-06-23 15:34:05.727696,METER-ML-1003,4.522,230.29,20.94,0.938,0,NORMAL
2026-06-23 16:34:05.727696,METER-ML-1003,4.184,233.05,18.48,0.971,0,NORMAL
2026-06-23 17:34:05.727696,METER-ML-1003,4.051,234.2,18.28,0.946,0,NORMAL
2026-06-23 18:34:05.727696,METER-ML-1003,2.776,228.72,14.67,0.828,0,NORMAL
2026-06-23 19:34:05.727696,METER-ML-1003,2.951,234.55,13.45,0.935,0,NORMAL
2026-06-23 20:34:05.727696,METER-ML-1003,2.585,233.93,12.45,0.887,0,NORMAL
2026-06-23 21:34:05.727696,METER-ML-1003,2.533,234.13,11.12,0.973,0,NORMAL
2026-06-23 22:34:05.727696,METER-ML-1003,0.0,232.66,0.1,0.875,1,CHUTE_SUSPECTE_FRAUDE
2026-06-23 23:34:05.727696,METER-ML-1003,1.563,228.03,7.07,0.97,0,NORMAL
2026-06-24 00:34:05.727696,METER-ML-1003,2.685,231.77,12.57,0.922,0,NORMAL
2026-06-24 01:34:05.727696,METER-ML-1003,2.497,226.43,12.27,0.899,0,NORMAL
2026-06-24 02:34:05.727696,METER-ML-1003,2.668,226.99,13.04,0.902,0,NORMAL
2026-06-24 03:34:05.727696,METER-ML-1003,1.594,226.93,7.69,0.914,0,NORMAL
2026-06-24 04:34:05.727696,METER-ML-1003,2.47,229.49,11.1,0.97,0,NORMAL
2026-06-24 05:34:05.727696,METER-ML-1003,2.628,227.18,12.67,0.913,0,NORMAL
2026-06-24 06:34:05.727696,METER-ML-1003,1.991,234.72,9.01,0.942,0,NORMAL
2026-06-24 07:34:05.727696,METER-ML-1003,3.775,231.21,18.35,0.89,0,NORMAL
2026-06-24 08:34:05.727696,METER-ML-1003,20.679,235.31,100.68,0.873,1,SURCHARGE_ANORMALE
2026-06-24 09:34:05.727696,METER-ML-1003,4.732,231.34,22.18,0.922,0,NORMAL
2026-06-24 10:34:05.727696,METER-ML-1003,5.024,231.1,24.34,0.893,0,NORMAL
2026-06-24 11:34:05.727696,METER-ML-1003,4.65,235.17,21.0,0.942,0,NORMAL
2026-06-24 12:34:05.727696,METER-ML-1003,4.958,234.06,23.38,0.906,0,NORMAL
2026-06-24 13:34:05.727696,METER-ML-1003,4.086,223.25,19.66,0.931,0,NORMAL
2026-06-24 14:34:05.727696,METER-ML-1003,5.472,230.48,25.5,0.931,0,NORMAL
2026-06-24 15:34:05.727696,METER-ML-1003,3.75,232.63,18.67,0.863,0,NORMAL
2026-06-24 16:34:05.727696,METER-ML-1003,4.168,232.58,19.86,0.902,0,NORMAL
2026-06-24 17:34:05.727696,METER-ML-1003,4.122,232.92,19.39,0.913,0,NORMAL
2026-06-24 18:34:05.727696,METER-ML-1003,3.356,223.74,16.71,0.898,0,NORMAL
2026-06-24 19:34:05.727696,METER-ML-1003,2.076,230.26,9.45,0.955,0,NORMAL
2026-06-24 20:34:05.727696,METER-ML-1003,2.214,224.81,10.15,0.97,0,NORMAL
2026-06-24 21:34:05.727696,METER-ML-1003,2.161,228.04,10.76,0.881,0,NORMAL
2026-06-24 22:34:05.727696,METER-ML-1003,2.394,228.34,11.39,0.921,0,NORMAL
2026-06-24 23:34:05.727696,METER-ML-1003,0.912,232.69,4.4,0.892,0,NORMAL
2026-06-25 00:34:05.727696,METER-ML-1003,2.966,229.19,13.85,0.934,0,NORMAL
2026-06-25 01:34:05.727696,METER-ML-1003,2.302,233.34,10.63,0.928,0,NORMAL
2026-06-25 02:34:05.727696,METER-ML-1003,3.007,232.03,13.4,0.967,0,NORMAL
2026-06-25 03:34:05.727696,METER-ML-1003,1.551,232.2,7.67,0.871,0,NORMAL
2026-06-25 04:34:05.727696,METER-ML-1003,2.442,235.37,10.66,0.973,0,NORMAL
2026-06-25 05:34:05.727696,METER-ML-1003,2.458,232.97,11.38,0.927,0,NORMAL
2026-06-25 06:34:05.727696,METER-ML-1003,3.037,230.3,13.7,0.962,0,NORMAL
2026-06-25 07:34:05.727696,METER-ML-1003,3.575,233.03,17.06,0.899,0,NORMAL
2026-06-25 08:34:05.727696,METER-ML-1003,4.207,235.15,18.89,0.947,0,NORMAL
2026-06-25 09:34:05.727696,METER-ML-1003,4.675,228.7,23.46,0.871,0,NORMAL
2026-06-25 10:34:05.727696,METER-ML-1003,5.198,228.08,25.48,0.894,0,NORMAL
2026-06-25 11:34:05.727696,METER-ML-1003,4.746,233.17,21.24,0.958,0,NORMAL
2026-06-25 12:34:05.727696,METER-ML-1003,4.404,224.79,21.96,0.892,0,NORMAL
2026-06-25 13:34:05.727696,METER-ML-1003,4.327,233.26,18.95,0.979,0,NORMAL
2026-06-25 14:34:05.727696,METER-ML-1003,16.716,232.2,79.87,0.901,1,SURCHARGE_ANORMALE
2026-06-25 15:34:05.727696,METER-ML-1003,3.819,228.26,17.55,0.953,0,NORMAL
2026-06-25 16:34:05.727696,METER-ML-1003,4.307,232.87,20.1,0.92,0,NORMAL
2026-06-25 17:34:05.727696,METER-ML-1003,2.956,232.07,13.28,0.959,0,NORMAL
2026-06-25 18:34:05.727696,METER-ML-1003,2.897,232.6,13.3,0.937,0,NORMAL
2026-06-25 19:34:05.727696,METER-ML-1003,2.946,228.45,13.42,0.961,0,NORMAL
2026-06-25 20:34:05.727696,METER-ML-1003,3.033,225.41,14.16,0.951,0,NORMAL
2026-06-25 21:34:05.727696,METER-ML-1003,2.447,232.64,11.17,0.942,0,NORMAL
2026-06-25 22:34:05.727696,METER-ML-1003,1.843,223.46,8.98,0.918,0,NORMAL
2026-06-25 23:34:05.727696,METER-ML-1003,1.333,226.49,6.49,0.907,0,NORMAL
2026-06-26 00:34:05.727696,METER-ML-1003,1.478,232.45,6.44,0.987,0,NORMAL
2026-06-26 01:34:05.727696,METER-ML-1003,2.671,228.04,13.11,0.894,0,NORMAL
2026-06-26 02:34:05.727696,METER-ML-1003,2.347,229.81,11.26,0.907,0,NORMAL
2026-06-26 03:34:05.727696,METER-ML-1003,2.465,221.17,12.31,0.905,0,NORMAL
2026-06-26 04:34:05.727696,METER-ML-1003,2.716,229.65,12.1,0.977,0,NORMAL
2026-06-26 05:34:05.727696,METER-ML-1003,2.565,228.54,12.42,0.904,0,NORMAL
2026-06-26 06:34:05.727696,METER-ML-1003,3.195,226.0,15.76,0.897,0,NORMAL
2026-06-26 07:34:05.727696,METER-ML-1003,2.853,230.5,14.0,0.884,0,NORMAL
2026-06-26 08:34:05.727696,METER-ML-1003,4.049,223.07,19.82,0.916,0,NORMAL
2026-06-26 09:34:05.727696,METER-ML-1003,4.465,226.36,21.67,0.91,0,NORMAL
2026-06-26 10:34:05.727696,METER-ML-1003,4.223,230.61,18.51,0.989,0,NORMAL
2026-06-26 11:34:05.727696,METER-ML-1003,4.33,234.39,20.48,0.902,0,NORMAL
2026-06-26 12:34:05.727696,METER-ML-1003,3.73,228.14,17.31,0.945,0,NORMAL
2026-06-26 13:34:05.727696,METER-ML-1003,4.51,230.97,22.0,0.888,0,NORMAL
2026-06-26 14:34:05.727696,METER-ML-1003,4.157,231.6,19.77,0.908,0,NORMAL
2026-06-26 15:34:05.727696,METER-ML-1003,4.537,234.14,21.0,0.923,0,NORMAL
2026-06-26 16:34:05.727696,METER-ML-1003,3.973,223.92,17.92,0.99,0,NORMAL
2026-06-26 17:34:05.727696,METER-ML-1003,3.38,231.32,15.99,0.914,0,NORMAL
2026-06-26 18:34:05.727696,METER-ML-1003,3.813,233.35,16.7,0.978,0,NORMAL
2026-06-26 19:34:05.727696,METER-ML-1003,2.813,227.48,13.51,0.915,0,NORMAL
2026-06-26 20:34:05.727696,METER-ML-1003,2.605,230.6,12.17,0.929,0,NORMAL
2026-06-26 21:34:05.727696,METER-ML-1003,2.788,239.43,13.06,0.892,0,NORMAL
2026-06-26 22:34:05.727696,METER-ML-1003,2.341,228.93,11.03,0.927,0,NORMAL
2026-06-26 23:34:05.727696,METER-ML-1003,1.202,237.81,5.47,0.924,0,NORMAL
2026-06-27 00:34:05.727696,METER-ML-1003,3.347,229.75,15.91,0.916,0,NORMAL
2026-06-27 01:34:05.727696,METER-ML-1003,3.145,231.14,14.12,0.964,0,NORMAL
2026-06-27 02:34:05.727696,METER-ML-1003,3.77,228.71,17.93,0.919,0,NORMAL
2026-06-27 03:34:05.727696,METER-ML-1003,3.617,222.12,17.05,0.955,0,NORMAL
2026-06-27 04:34:05.727696,METER-ML-1003,3.627,227.63,17.4,0.915,0,NORMAL
2026-06-27 05:34:05.727696,METER-ML-1003,3.038,231.64,14.66,0.895,0,NORMAL
2026-06-27 06:34:05.727696,METER-ML-1003,4.429,235.4,21.04,0.894,0,NORMAL
2026-06-27 07:34:05.727696,METER-ML-1003,4.334,235.8,19.32,0.951,0,NORMAL
2026-06-27 08:34:05.727696,METER-ML-1003,5.034,232.36,24.28,0.892,0,NORMAL
2026-06-27 09:34:05.727696,METER-ML-1003,5.18,230.03,23.15,0.973,0,NORMAL
2026-06-27 10:34:05.727696,METER-ML-1003,5.518,228.21,27.31,0.885,0,NORMAL
2026-06-27 11:34:05.727696,METER-ML-1003,5.13,222.94,24.33,0.946,0,NORMAL
2026-06-27 12:34:05.727696,METER-ML-1003,6.025,227.68,29.32,0.903,0,NORMAL
2026-06-27 13:34:05.727696,METER-ML-1003,5.331,226.92,25.07,0.937,0,NORMAL
2026-06-27 14:34:05.727696,METER-ML-1003,5.596,231.99,25.25,0.955,0,NORMAL
2026-06-27 15:34:05.727696,METER-ML-1003,4.471,228.63,21.25,0.92,0,NORMAL
2026-06-27 16:34:05.727696,METER-ML-1003,0.076,227.2,0.1,0.875,1,CHUTE_SUSPECTE_FRAUDE
2026-06-27 17:34:05.727696,METER-ML-1003,3.275,234.95,15.59,0.894,0,NORMAL
2026-06-27 18:34:05.727696,METER-ML-1003,4.594,223.17,22.31,0.923,0,NORMAL
2026-06-27 19:34:05.727696,METER-ML-1003,3.157,229.97,14.78,0.929,0,NORMAL
2026-06-27 20:34:05.727696,METER-ML-1003,3.286,237.07,14.64,0.947,0,NORMAL
2026-06-27 21:34:05.727696,METER-ML-1003,2.697,218.82,13.51,0.912,0,NORMAL
2026-06-27 22:34:05.727696,METER-ML-1003,1.296,222.66,6.06,0.96,0,NORMAL
2026-06-27 23:34:05.727696,METER-ML-1003,2.053,222.54,9.93,0.929,0,NORMAL
2026-06-28 00:34:05.727696,METER-ML-1003,3.014,228.6,14.83,0.889,0,NORMAL
2026-06-28 01:34:05.727696,METER-ML-1003,2.538,228.54,11.89,0.934,0,NORMAL
2026-06-28 02:34:05.727696,METER-ML-1003,1.497,228.17,7.34,0.894,0,NORMAL
2026-06-28 03:34:05.727696,METER-ML-1003,3.082,235.14,13.24,0.99,0,NORMAL
2026-06-28 04:34:05.727696,METER-ML-1003,2.612,231.22,11.61,0.973,0,NORMAL
2026-06-28 05:34:05.727696,METER-ML-1003,3.793,230.77,18.29,0.898,0,NORMAL
2026-06-28 06:34:05.727696,METER-ML-1003,4.56,230.14,22.02,0.9,0,NORMAL
2026-06-28 07:34:05.727696,METER-ML-1003,4.453,231.58,20.38,0.944,0,NORMAL
2026-06-28 08:34:05.727696,METER-ML-1003,4.242,226.46,20.53,0.912,0,NORMAL
2026-06-28 09:34:05.727696,METER-ML-1003,5.441,226.6,25.88,0.928,0,NORMAL
2026-06-28 10:34:05.727696,METER-ML-1003,5.796,231.17,27.54,0.911,0,NORMAL
2026-06-28 11:34:05.727696,METER-ML-1003,5.664,228.5,25.75,0.963,0,NORMAL
2026-06-28 12:34:05.727696,METER-ML-1003,5.819,227.71,27.68,0.923,0,NORMAL
2026-06-28 13:34:05.727696,METER-ML-1003,6.085,225.35,30.61,0.882,0,NORMAL
2026-06-28 14:34:05.727696,METER-ML-1003,5.659,225.08,27.6,0.911,0,NORMAL
2026-06-28 15:34:05.727696,METER-ML-1003,5.384,231.74,24.69,0.941,0,NORMAL
2026-06-28 16:34:05.727696,METER-ML-1003,4.607,229.26,20.36,0.987,0,NORMAL
2026-06-28 17:34:05.727696,METER-ML-1003,4.669,225.76,22.21,0.931,0,NORMAL
2026-06-28 18:34:05.727696,METER-ML-1003,3.426,236.66,16.01,0.904,0,NORMAL
2026-06-28 19:34:05.727696,METER-ML-1003,23.965,227.35,121.18,0.87,1,SURCHARGE_ANORMALE
2026-06-28 20:34:05.727696,METER-ML-1003,2.715,229.53,12.99,0.91,0,NORMAL
2026-06-28 21:34:05.727696,METER-ML-1003,2.103,232.17,10.42,0.869,0,NORMAL
2026-06-28 22:34:05.727696,METER-ML-1003,2.091,227.3,9.76,0.942,0,NORMAL
2026-06-28 23:34:05.727696,METER-ML-1003,2.789,231.52,13.55,0.889,0,NORMAL
2026-06-29 00:34:05.727696,METER-ML-1003,2.863,162.03,14.14,0.563,1,ANOMALIE_TENSION_FP
2026-06-29 01:34:05.727696,METER-ML-1003,2.064,232.96,9.47,0.936,0,NORMAL
2026-06-29 02:34:05.727696,METER-ML-1003,2.748,231.82,13.0,0.912,0,NORMAL
2026-06-29 03:34:05.727696,METER-ML-1003,2.494,228.9,11.86,0.919,0,NORMAL
2026-06-29 04:34:05.727696,METER-ML-1003,2.187,228.83,10.86,0.88,0,NORMAL
2026-06-29 05:34:05.727696,METER-ML-1003,2.698,229.73,12.38,0.948,0,NORMAL
2026-06-29 06:34:05.727696,METER-ML-1003,3.363,230.88,15.85,0.919,0,NORMAL
2026-06-29 07:34:05.727696,METER-ML-1003,3.397,233.79,16.18,0.898,0,NORMAL
2026-06-29 08:34:05.727696,METER-ML-1003,3.353,229.29,16.45,0.889,0,NORMAL
2026-06-29 09:34:05.727696,METER-ML-1003,4.637,229.61,22.1,0.914,0,NORMAL
2026-06-29 10:34:05.727696,METER-ML-1003,4.446,226.31,20.66,0.951,0,NORMAL
2026-06-29 11:34:05.727696,METER-ML-1003,4.777,228.04,22.28,0.94,0,NORMAL
2026-06-29 12:34:05.727696,METER-ML-1003,4.289,229.39,20.96,0.892,0,NORMAL
2026-06-29 13:34:05.727696,METER-ML-1003,4.911,234.8,23.72,0.882,0,NORMAL
2026-06-29 14:34:05.727696,METER-ML-1003,3.46,226.46,15.88,0.962,0,NORMAL
2026-06-29 15:34:05.727696,METER-ML-1003,4.102,229.73,19.26,0.927,0,NORMAL
2026-06-29 16:34:05.727696,METER-ML-1003,3.852,224.19,19.52,0.88,0,NORMAL
2026-06-29 17:34:05.727696,METER-ML-1003,3.03,227.42,13.48,0.988,0,NORMAL
2026-06-29 18:34:05.727696,METER-ML-1003,3.182,230.27,15.4,0.897,0,NORMAL
2026-06-29 19:34:05.727696,METER-ML-1003,3.446,227.24,16.74,0.906,0,NORMAL
2026-06-29 20:34:05.727696,METER-ML-1003,2.482,223.35,12.29,0.904,0,NORMAL
2026-06-29 21:34:05.727696,METER-ML-1003,2.074,231.9,9.24,0.968,0,NORMAL
2026-06-29 22:34:05.727696,METER-ML-1003,1.854,223.97,9.52,0.87,0,NORMAL
2026-06-29 23:34:05.727696,METER-ML-1003,1.471,237.5,6.79,0.912,0,NORMAL
2026-06-30 00:34:05.727696,METER-ML-1003,1.644,231.26,7.37,0.965,0,NORMAL
2026-06-30 01:34:05.727696,METER-ML-1003,2.485,234.76,11.9,0.889,0,NORMAL
2026-06-30 02:34:05.727696,METER-ML-1003,2.022,231.27,9.72,0.899,0,NORMAL
2026-06-30 03:34:05.727696,METER-ML-1003,2.553,221.63,12.38,0.93,0,NORMAL
2026-06-30 04:34:05.727696,METER-ML-1003,2.748,229.17,13.04,0.919,0,NORMAL
2026-06-30 05:34:05.727696,METER-ML-1003,2.266,225.38,11.66,0.862,0,NORMAL
2026-06-30 06:34:05.727696,METER-ML-1003,2.673,229.5,12.64,0.921,0,NORMAL
2026-06-30 07:34:05.727696,METER-ML-1003,3.48,229.36,16.62,0.913,0,NORMAL
2026-06-30 08:34:05.727696,METER-ML-1003,3.684,232.86,17.15,0.923,0,NORMAL
2026-06-30 09:34:05.727696,METER-ML-1003,4.51,234.36,21.32,0.902,0,NORMAL
2026-06-30 10:34:05.727696,METER-ML-1003,4.428,228.11,20.8,0.933,0,NORMAL
2026-06-30 11:34:05.727696,METER-ML-1003,4.868,226.35,23.22,0.926,0,NORMAL
2026-06-30 12:34:05.727696,METER-ML-1003,4.928,234.01,22.5,0.936,0,NORMAL
2026-06-30 13:34:05.727696,METER-ML-1003,4.612,225.47,21.22,0.964,0,NORMAL
2026-06-30 14:34:05.727696,METER-ML-1003,3.722,234.72,17.69,0.896,0,NORMAL
2026-06-30 15:34:05.727696,METER-ML-1003,3.576,224.38,17.6,0.905,0,NORMAL
2026-06-30 16:34:05.727696,METER-ML-1003,3.627,230.19,16.66,0.946,0,NORMAL
2026-06-30 17:34:05.727696,METER-ML-1003,3.449,231.54,16.29,0.915,0,NORMAL
2026-06-30 18:34:05.727696,METER-ML-1003,3.168,229.33,14.73,0.938,0,NORMAL
2026-06-30 19:34:05.727696,METER-ML-1003,1.936,228.87,8.87,0.954,0,NORMAL
2026-06-30 20:34:05.727696,METER-ML-1003,2.203,230.64,10.29,0.929,0,NORMAL
2026-06-30 21:34:05.727696,METER-ML-1003,2.8,225.35,13.43,0.925,0,NORMAL
2026-06-30 22:34:05.727696,METER-ML-1003,1.808,234.93,8.24,0.934,0,NORMAL
2026-06-30 23:34:05.727696,METER-ML-1003,1.441,229.48,6.47,0.971,0,NORMAL
2026-07-01 00:34:05.727696,METER-ML-1003,2.612,232.7,11.55,0.972,0,NORMAL
2026-07-01 01:34:05.727696,METER-ML-1003,2.565,232.8,11.63,0.948,0,NORMAL
2026-07-01 02:34:05.727696,METER-ML-1003,2.623,233.76,12.48,0.899,0,NORMAL
2026-07-01 03:34:05.727696,METER-ML-1003,1.458,228.7,6.79,0.938,0,NORMAL
2026-07-01 04:34:05.727696,METER-ML-1003,2.481,232.51,11.4,0.936,0,NORMAL
2026-07-01 05:34:05.727696,METER-ML-1003,2.021,231.93,9.25,0.942,0,NORMAL
2026-07-01 06:34:05.727696,METER-ML-1003,3.208,233.71,15.08,0.91,0,NORMAL
2026-07-01 07:34:05.727696,METER-ML-1003,3.863,223.89,18.87,0.915,0,NORMAL
2026-07-01 08:34:05.727696,METER-ML-1003,3.958,230.62,18.73,0.916,0,NORMAL
2026-07-01 09:34:05.727696,METER-ML-1003,4.636,231.71,21.2,0.944,0,NORMAL
2026-07-01 10:34:05.727696,METER-ML-1003,5.064,233.22,23.03,0.943,0,NORMAL
2026-07-01 11:34:05.727696,METER-ML-1003,4.387,236.53,20.37,0.91,0,NORMAL
2026-07-01 12:34:05.727696,METER-ML-1003,4.911,237.0,22.62,0.916,0,NORMAL
2026-07-01 13:34:05.727696,METER-ML-1003,5.033,231.61,22.94,0.947,0,NORMAL
2026-07-01 14:34:05.727696,METER-ML-1003,4.67,231.61,22.43,0.899,0,NORMAL
2026-07-01 15:34:05.727696,METER-ML-1003,4.4,229.37,20.22,0.948,0,NORMAL
2026-07-01 16:34:05.727696,METER-ML-1003,3.601,229.61,17.48,0.897,0,NORMAL
2026-07-01 17:34:05.727696,METER-ML-1003,3.825,232.58,17.72,0.928,0,NORMAL
2026-07-01 18:34:05.727696,METER-ML-1003,3.313,233.79,15.69,0.903,0,NORMAL
2026-07-01 19:34:05.727696,METER-ML-1003,2.73,228.68,13.89,0.86,0,NORMAL
2026-07-01 20:34:05.727696,METER-ML-1003,1.561,226.66,7.65,0.9,0,NORMAL
2026-07-01 21:34:05.727696,METER-ML-1003,1.588,230.24,7.39,0.933,0,NORMAL
2026-07-01 22:34:05.727696,METER-ML-1003,2.144,222.77,10.64,0.904,0,NORMAL
2026-07-01 23:34:05.727696,METER-ML-1003,1.745,230.5,8.44,0.897,0,NORMAL
2026-07-02 00:34:05.727696,METER-ML-1003,2.382,228.43,11.66,0.894,0,NORMAL
2026-07-02 01:34:05.727696,METER-ML-1003,2.538,225.94,12.32,0.912,0,NORMAL
2026-07-02 02:34:05.727696,METER-ML-1003,1.77,230.45,8.39,0.915,0,NORMAL
2026-07-02 03:34:05.727696,METER-ML-1003,2.082,232.89,9.54,0.938,0,NORMAL
2026-07-02 04:34:05.727696,METER-ML-1003,1.786,234.53,8.13,0.937,0,NORMAL
2026-07-02 05:34:05.727696,METER-ML-1003,2.048,236.17,9.51,0.912,0,NORMAL
2026-07-02 06:34:05.727696,METER-ML-1003,2.401,224.83,12.55,0.851,0,NORMAL
2026-07-02 07:34:05.727696,METER-ML-1003,3.599,231.15,17.05,0.913,0,NORMAL
2026-07-02 08:34:05.727696,METER-ML-1003,4.372,226.74,21.15,0.911,0,NORMAL
2026-07-02 09:34:05.727696,METER-ML-1003,4.189,226.73,19.33,0.956,0,NORMAL
2026-07-02 10:34:05.727696,METER-ML-1003,4.975,232.98,23.33,0.915,0,NORMAL
2026-07-02 11:34:05.727696,METER-ML-1003,4.994,227.61,25.36,0.865,0,NORMAL
2026-07-02 12:34:05.727696,METER-ML-1003,4.949,233.88,22.41,0.944,0,NORMAL
2026-07-02 13:34:05.727696,METER-ML-1003,4.867,227.85,21.89,0.976,0,NORMAL
2026-07-02 14:34:05.727696,METER-ML-1003,3.93,231.11,17.88,0.951,0,NORMAL
2026-07-02 15:34:05.727696,METER-ML-1003,3.799,227.24,19.07,0.877,0,NORMAL
2026-07-02 16:34:05.727696,METER-ML-1003,4.246,228.75,20.63,0.9,0,NORMAL
2026-07-02 17:34:05.727696,METER-ML-1003,3.2,235.08,15.36,0.886,0,NORMAL
2026-07-02 18:34:05.727696,METER-ML-1003,3.352,224.72,15.45,0.965,0,NORMAL
2026-07-02 19:34:05.727696,METER-ML-1003,2.926,227.97,13.12,0.978,0,NORMAL
2026-07-02 20:34:05.727696,METER-ML-1003,2.719,223.66,13.04,0.932,0,NORMAL
2026-07-02 21:34:05.727696,METER-ML-1003,2.811,227.03,13.72,0.902,0,NORMAL
2026-07-02 22:34:05.727696,METER-ML-1003,2.589,232.41,11.72,0.951,0,NORMAL
2026-07-02 23:34:05.727696,METER-ML-1003,1.102,231.04,5.29,0.902,0,NORMAL
2026-07-03 00:34:05.727696,METER-ML-1003,2.813,231.74,13.31,0.912,0,NORMAL
2026-07-03 01:34:05.727696,METER-ML-1003,2.542,233.05,11.58,0.942,0,NORMAL
2026-07-03 02:34:05.727696,METER-ML-1003,2.162,227.94,9.82,0.966,0,NORMAL
2026-07-03 03:34:05.727696,METER-ML-1003,2.657,231.08,12.73,0.903,0,NORMAL
2026-07-03 04:34:05.727696,METER-ML-1003,2.328,229.17,10.75,0.945,0,NORMAL
2026-07-03 05:34:05.727696,METER-ML-1003,1.757,233.4,8.54,0.882,0,NORMAL
2026-07-03 06:34:05.727696,METER-ML-1003,2.775,230.56,13.32,0.903,0,NORMAL
2026-07-03 07:34:05.727696,METER-ML-1003,3.372,228.5,15.06,0.98,0,NORMAL
2026-07-03 08:34:05.727696,METER-ML-1003,4.347,227.33,21.33,0.896,0,NORMAL
2026-07-03 09:34:05.727696,METER-ML-1003,3.574,235.06,16.4,0.927,0,NORMAL
2026-07-03 10:34:05.727696,METER-ML-1003,4.123,230.11,20.13,0.89,0,NORMAL
2026-07-03 11:34:05.727696,METER-ML-1003,4.793,234.4,21.82,0.937,0,NORMAL
2026-07-03 12:34:05.727696,METER-ML-1003,4.322,231.53,20.53,0.909,0,NORMAL
2026-07-03 13:34:05.727696,METER-ML-1003,4.579,229.82,22.29,0.894,0,NORMAL
2026-07-03 14:34:05.727696,METER-ML-1003,4.237,230.24,21.49,0.856,0,NORMAL
2026-07-03 15:34:05.727696,METER-ML-1003,3.913,231.65,17.79,0.95,0,NORMAL
2026-07-03 16:34:05.727696,METER-ML-1003,4.223,234.65,19.86,0.906,0,NORMAL
2026-07-03 17:34:05.727696,METER-ML-1003,3.396,236.38,16.11,0.892,0,NORMAL
2026-07-03 18:34:05.727696,METER-ML-1003,3.114,236.17,14.76,0.893,0,NORMAL
2026-07-03 19:34:05.727696,METER-ML-1003,2.234,224.84,10.86,0.915,0,NORMAL
2026-07-03 20:34:05.727696,METER-ML-1003,2.238,227.84,10.33,0.951,0,NORMAL
2026-07-03 21:34:05.727696,METER-ML-1003,2.4,226.99,11.91,0.888,0,NORMAL
2026-07-03 22:34:05.727696,METER-ML-1003,2.311,232.42,11.68,0.852,0,NORMAL
2026-07-03 23:34:05.727696,METER-ML-1003,1.736,231.59,8.18,0.917,0,NORMAL
2026-07-04 00:34:05.727696,METER-ML-1003,2.673,225.56,12.01,0.987,0,NORMAL
2026-07-04 01:34:05.727696,METER-ML-1003,3.329,232.04,15.26,0.94,0,NORMAL
2026-07-04 02:34:05.727696,METER-ML-1003,3.123,232.14,15.07,0.893,0,NORMAL
2026-07-04 03:34:05.727696,METER-ML-1003,2.475,230.6,11.89,0.902,0,NORMAL
2026-07-04 04:34:05.727696,METER-ML-1003,2.328,230.05,11.54,0.877,0,NORMAL
2026-07-04 05:34:05.727696,METER-ML-1003,3.552,226.7,17.32,0.905,0,NORMAL
2026-07-04 06:34:05.727696,METER-ML-1003,3.264,225.65,15.5,0.933,0,NORMAL
2026-07-04 07:34:05.727696,METER-ML-1003,4.762,231.76,22.22,0.925,0,NORMAL
2026-07-04 08:34:05.727696,METER-ML-1003,5.554,233.35,26.3,0.905,0,NORMAL
2026-07-04 09:34:05.727696,METER-ML-1003,5.169,230.14,23.98,0.937,0,NORMAL
2026-07-04 10:34:05.727696,METER-ML-1003,5.445,235.58,25.75,0.898,0,NORMAL
2026-07-04 11:34:05.727696,METER-ML-1003,5.8,229.19,28.93,0.875,0,NORMAL
2026-07-04 12:34:05.727696,METER-ML-1003,4.829,167.14,21.62,0.597,1,ANOMALIE_TENSION_FP
2026-07-04 13:34:05.727696,METER-ML-1003,5.326,227.86,25.31,0.924,0,NORMAL
2026-07-04 14:34:05.727696,METER-ML-1003,5.941,224.59,28.27,0.936,0,NORMAL
2026-07-04 15:34:05.727696,METER-ML-1003,5.082,229.73,23.96,0.923,0,NORMAL
2026-07-04 16:34:05.727696,METER-ML-1003,4.322,230.49,19.34,0.969,0,NORMAL
2026-07-04 17:34:05.727696,METER-ML-1003,4.693,235.31,22.9,0.871,0,NORMAL
2026-07-04 18:34:05.727696,METER-ML-1003,3.356,228.86,15.28,0.96,0,NORMAL
2026-07-04 19:34:05.727696,METER-ML-1003,2.574,228.65,11.69,0.963,0,NORMAL
2026-07-04 20:34:05.727696,METER-ML-1003,2.568,231.54,12.31,0.901,0,NORMAL
2026-07-04 21:34:05.727696,METER-ML-1003,1.624,225.8,7.86,0.915,0,NORMAL
2026-07-04 22:34:05.727696,METER-ML-1003,2.021,230.64,9.59,0.914,0,NORMAL
2026-07-04 23:34:05.727696,METER-ML-1003,2.196,228.6,9.78,0.982,0,NORMAL
2026-07-05 00:34:05.727696,METER-ML-1003,3.033,228.95,14.88,0.89,0,NORMAL
2026-07-05 01:34:05.727696,METER-ML-1003,3.066,231.01,13.83,0.959,0,NORMAL
2026-07-05 02:34:05.727696,METER-ML-1003,2.273,227.69,10.44,0.957,0,NORMAL
2026-07-05 03:34:05.727696,METER-ML-1003,2.944,233.06,13.8,0.916,0,NORMAL
2026-07-05 04:34:05.727696,METER-ML-1003,2.138,231.57,9.62,0.96,0,NORMAL
2026-07-05 05:34:05.727696,METER-ML-1003,3.821,230.86,17.08,0.969,0,NORMAL
2026-07-05 06:34:05.727696,METER-ML-1003,3.538,226.73,17.1,0.912,0,NORMAL
2026-07-05 07:34:05.727696,METER-ML-1003,5.006,230.1,24.6,0.884,0,NORMAL
2026-07-05 08:34:05.727696,METER-ML-1003,5.193,230.15,25.39,0.889,0,NORMAL
2026-07-05 09:34:05.727696,METER-ML-1003,5.796,236.02,27.85,0.882,0,NORMAL
2026-07-05 10:34:05.727696,METER-ML-1003,6.251,237.81,28.74,0.915,0,NORMAL
2026-07-05 11:34:05.727696,METER-ML-1003,5.165,233.24,24.14,0.917,0,NORMAL
2026-07-05 12:34:05.727696,METER-ML-1003,5.403,233.97,25.72,0.898,0,NORMAL
2026-07-05 13:34:05.727696,METER-ML-1003,6.291,228.03,30.19,0.914,0,NORMAL
2026-07-05 14:34:05.727696,METER-ML-1003,5.659,229.82,26.23,0.939,0,NORMAL
2026-07-05 15:34:05.727696,METER-ML-1003,4.947,230.3,24.45,0.879,0,NORMAL
2026-07-05 16:34:05.727696,METER-ML-1003,3.762,228.18,17.87,0.923,0,NORMAL
2026-07-05 17:34:05.727696,METER-ML-1003,5.166,228.89,24.06,0.938,0,NORMAL
2026-07-05 18:34:05.727696,METER-ML-1003,4.975,229.89,22.6,0.957,0,NORMAL
2026-07-05 19:34:05.727696,METER-ML-1003,2.794,233.94,13.07,0.914,0,NORMAL
2026-07-05 20:34:05.727696,METER-ML-1003,1.354,237.39,6.16,0.926,0,NORMAL
2026-07-05 21:34:05.727696,METER-ML-1003,2.098,227.07,9.94,0.929,0,NORMAL
2026-07-05 22:34:05.727696,METER-ML-1003,2.653,232.81,12.35,0.923,0,NORMAL
2026-07-05 23:34:05.727696,METER-ML-1003,3.121,227.02,15.14,0.908,0,NORMAL
2026-07-06 00:34:05.727696,METER-ML-1003,2.627,227.08,12.74,0.908,0,NORMAL
2026-07-06 01:34:05.727696,METER-ML-1003,3.185,226.03,15.92,0.885,0,NORMAL
2026-07-06 02:34:05.727696,METER-ML-1003,2.151,232.02,9.78,0.948,0,NORMAL
2026-07-06 03:34:05.727696,METER-ML-1003,2.917,228.56,14.04,0.909,0,NORMAL
2026-07-06 04:34:05.727696,METER-ML-1003,2.91,228.08,13.74,0.928,0,NORMAL
2026-07-06 05:34:05.727696,METER-ML-1003,2.491,226.76,12.44,0.883,0,NORMAL
2026-07-06 06:34:05.727696,METER-ML-1003,3.29,227.29,15.19,0.953,0,NORMAL
2026-07-06 07:34:05.727696,METER-ML-1003,2.989,232.83,13.93,0.922,0,NORMAL
2026-07-06 08:34:05.727696,METER-ML-1003,3.321,235.78,15.05,0.936,0,NORMAL
2026-07-06 09:34:05.727696,METER-ML-1003,4.783,229.23,22.15,0.942,0,NORMAL
2026-07-06 10:34:05.727696,METER-ML-1003,5.114,234.85,24.16,0.901,0,NORMAL
2026-07-06 11:34:05.727696,METER-ML-1003,3.5,228.13,16.51,0.93,0,NORMAL
2026-07-06 12:34:05.727696,METER-ML-1003,4.579,231.85,20.87,0.946,0,NORMAL
2026-07-06 13:34:05.727696,METER-ML-1003,5.024,237.39,22.39,0.945,0,NORMAL
2026-07-06 14:34:05.727696,METER-ML-1003,4.627,231.29,21.49,0.931,0,NORMAL
2026-07-06 15:34:05.727696,METER-ML-1003,4.405,233.91,20.74,0.908,0,NORMAL
2026-07-06 16:34:05.727696,METER-ML-1003,3.948,224.24,18.87,0.933,0,NORMAL
2026-07-06 17:34:05.727696,METER-ML-1003,3.245,232.4,14.86,0.94,0,NORMAL
2026-07-06 18:34:05.727696,METER-ML-1003,3.372,232.21,15.54,0.934,0,NORMAL
2026-07-06 19:34:05.727696,METER-ML-1003,2.831,229.53,13.15,0.938,0,NORMAL
2026-07-06 20:34:05.727696,METER-ML-1003,2.473,226.34,11.44,0.955,0,NORMAL
2026-07-06 21:34:05.727696,METER-ML-1003,2.059,231.86,9.65,0.92,0,NORMAL
2026-07-06 22:34:05.727696,METER-ML-1003,2.286,232.2,10.51,0.937,0,NORMAL
2026-07-06 23:34:05.727696,METER-ML-1003,1.405,231.11,6.73,0.903,0,NORMAL
2026-07-07 00:34:05.727696,METER-ML-1003,1.564,228.29,7.04,0.974,0,NORMAL
2026-07-07 01:34:05.727696,METER-ML-1003,2.604,219.74,12.37,0.958,0,NORMAL
2026-07-07 02:34:05.727696,METER-ML-1003,2.268,233.0,10.29,0.946,0,NORMAL
2026-07-07 03:34:05.727696,METER-ML-1003,2.082,228.43,9.62,0.947,0,NORMAL
2026-07-07 04:34:05.727696,METER-ML-1003,2.379,228.28,10.95,0.952,0,NORMAL
2026-07-07 05:34:05.727696,METER-ML-1003,2.22,234.53,10.34,0.915,0,NORMAL
2026-07-07 06:34:05.727696,METER-ML-1003,3.263,228.54,15.7,0.91,0,NORMAL
2026-07-07 07:34:05.727696,METER-ML-1003,3.577,229.55,17.04,0.914,0,NORMAL
2026-07-07 08:34:05.727696,METER-ML-1003,4.196,230.63,19.15,0.95,0,NORMAL
2026-07-07 09:34:05.727696,METER-ML-1003,4.239,231.47,20.05,0.913,0,NORMAL
2026-07-07 10:34:05.727696,METER-ML-1003,3.65,230.14,16.95,0.935,0,NORMAL
2026-07-07 11:34:05.727696,METER-ML-1003,4.363,223.72,20.88,0.934,0,NORMAL
2026-07-07 12:34:05.727696,METER-ML-1003,4.394,232.39,21.06,0.898,0,NORMAL
2026-07-07 13:34:05.727696,METER-ML-1003,4.266,228.57,21.35,0.874,0,NORMAL
2026-07-07 14:34:05.727696,METER-ML-1003,4.575,231.13,22.61,0.875,0,NORMAL
2026-07-07 15:34:05.727696,METER-ML-1003,4.703,231.08,21.34,0.954,0,NORMAL
2026-07-07 16:34:05.727696,METER-ML-1003,4.108,235.45,18.31,0.953,0,NORMAL
2026-07-07 17:34:05.727696,METER-ML-1003,3.23,232.25,14.83,0.938,0,NORMAL
2026-07-07 18:34:05.727696,METER-ML-1003,2.625,229.57,12.32,0.928,0,NORMAL
2026-07-07 19:34:05.727696,METER-ML-1003,2.616,226.73,12.38,0.932,0,NORMAL
2026-07-07 20:34:05.727696,METER-ML-1003,2.416,230.79,10.89,0.962,0,NORMAL
2026-07-07 21:34:05.727696,METER-ML-1003,2.307,236.04,10.38,0.942,0,NORMAL
2026-07-07 22:34:05.727696,METER-ML-1003,2.393,230.16,12.01,0.866,0,NORMAL
2026-07-07 23:34:05.727696,METER-ML-1003,1.05,231.56,4.75,0.955,0,NORMAL
2026-07-08 00:34:05.727696,METER-ML-1003,2.362,229.66,11.5,0.894,0,NORMAL
2026-07-08 01:34:05.727696,METER-ML-1003,2.422,228.88,11.67,0.907,0,NORMAL
2026-07-08 02:34:05.727696,METER-ML-1003,2.798,229.55,12.82,0.951,0,NORMAL
2026-07-08 03:34:05.727696,METER-ML-1003,3.044,232.83,14.07,0.929,0,NORMAL
2026-07-08 04:34:05.727696,METER-ML-1003,0.095,228.74,0.1,0.947,1,CHUTE_SUSPECTE_FRAUDE
2026-07-08 05:34:05.727696,METER-ML-1003,2.465,236.85,11.01,0.945,0,NORMAL
2026-07-08 06:34:05.727696,METER-ML-1003,3.419,234.45,15.93,0.916,0,NORMAL
2026-07-08 07:34:05.727696,METER-ML-1003,3.121,228.11,14.66,0.934,0,NORMAL
2026-07-08 08:34:05.727696,METER-ML-1003,3.653,223.71,17.42,0.937,0,NORMAL
2026-07-08 09:34:05.727696,METER-ML-1003,3.591,231.59,17.22,0.901,0,NORMAL
2026-07-08 10:34:05.727696,METER-ML-1003,0.07,227.72,0.1,0.916,1,CHUTE_SUSPECTE_FRAUDE
2026-07-08 11:34:05.727696,METER-ML-1003,4.279,236.13,20.52,0.883,0,NORMAL
2026-07-08 12:34:05.727696,METER-ML-1003,4.883,232.78,21.88,0.959,0,NORMAL
2026-07-08 13:34:05.727696,METER-ML-1003,4.297,229.03,20.79,0.903,0,NORMAL
2026-07-08 14:34:05.727696,METER-ML-1003,5.734,229.48,26.27,0.951,0,NORMAL
2026-07-08 15:34:05.727696,METER-ML-1003,3.744,226.65,17.84,0.926,0,NORMAL
2026-07-08 16:34:05.727696,METER-ML-1003,21.502,222.21,105.31,0.919,1,SURCHARGE_ANORMALE
2026-07-08 17:34:05.727696,METER-ML-1003,3.895,230.25,17.52,0.966,0,NORMAL
2026-07-08 18:34:05.727696,METER-ML-1003,4.153,225.33,20.09,0.917,0,NORMAL
2026-07-08 19:34:05.727696,METER-ML-1003,3.567,229.92,16.14,0.961,0,NORMAL
2026-07-08 20:34:05.727696,METER-ML-1003,2.129,229.74,10.17,0.912,0,NORMAL
2026-07-08 21:34:05.727696,METER-ML-1003,2.163,234.54,10.29,0.896,0,NORMAL
2026-07-08 22:34:05.727696,METER-ML-1003,1.912,228.84,8.87,0.943,0,NORMAL
2026-07-08 23:34:05.727696,METER-ML-1003,1.666,226.65,7.81,0.941,0,NORMAL
2026-07-09 00:34:05.727696,METER-ML-1003,2.63,230.96,12.4,0.918,0,NORMAL
2026-07-09 01:34:05.727696,METER-ML-1003,2.228,229.35,10.86,0.895,0,NORMAL
2026-07-09 02:34:05.727696,METER-ML-1003,2.544,229.87,11.99,0.923,0,NORMAL
2026-07-09 03:34:05.727696,METER-ML-1003,2.348,231.72,11.02,0.92,0,NORMAL
2026-07-09 04:34:05.727696,METER-ML-1003,2.553,232.26,11.78,0.933,0,NORMAL
2026-07-09 05:34:05.727696,METER-ML-1003,2.324,228.51,10.64,0.956,0,NORMAL
2026-07-09 06:34:05.727696,METER-ML-1003,2.795,231.28,13.63,0.887,0,NORMAL
2026-07-09 07:34:05.727696,METER-ML-1003,3.781,230.65,18.71,0.876,0,NORMAL
2026-07-09 08:34:05.727696,METER-ML-1003,3.267,230.03,14.88,0.954,0,NORMAL
2026-07-09 09:34:05.727696,METER-ML-1003,4.654,231.12,21.3,0.945,0,NORMAL
2026-07-09 10:34:05.727696,METER-ML-1003,4.563,230.84,21.7,0.911,0,NORMAL
2026-07-09 11:34:05.727696,METER-ML-1003,4.264,233.2,19.63,0.932,0,NORMAL
2026-07-09 12:34:05.727696,METER-ML-1003,4.325,229.46,20.58,0.916,0,NORMAL
2026-07-09 13:34:05.727696,METER-ML-1003,4.614,234.15,21.36,0.923,0,NORMAL
2026-07-09 14:34:05.727696,METER-ML-1003,4.179,227.04,19.23,0.957,0,NORMAL
2026-07-09 15:34:05.727696,METER-ML-1003,4.054,230.39,19.24,0.915,0,NORMAL
2026-07-09 16:34:05.727696,METER-ML-1003,4.299,234.02,19.45,0.945,0,NORMAL
2026-07-09 17:34:05.727696,METER-ML-1003,3.945,228.48,19.7,0.876,0,NORMAL
2026-07-09 18:34:05.727696,METER-ML-1003,3.452,230.47,15.61,0.959,0,NORMAL
2026-07-09 19:34:05.727696,METER-ML-1003,2.334,166.65,11.08,0.585,1,ANOMALIE_TENSION_FP
2026-07-09 20:34:05.727696,METER-ML-1003,1.934,225.83,8.85,0.968,0,NORMAL
2026-07-09 21:34:05.727696,METER-ML-1003,1.811,226.51,8.36,0.957,0,NORMAL
2026-07-09 22:34:05.727696,METER-ML-1003,2.56,242.21,11.61,0.91,0,NORMAL
2026-07-09 23:34:05.727696,METER-ML-1003,1.575,224.07,7.86,0.895,0,NORMAL
2026-07-10 00:34:05.727696,METER-ML-1003,2.418,232.42,11.23,0.927,0,NORMAL
2026-07-10 01:34:05.727696,METER-ML-1003,0.007,229.58,0.1,0.948,1,CHUTE_SUSPECTE_FRAUDE
2026-07-10 02:34:05.727696,METER-ML-1003,2.283,225.57,11.76,0.861,0,NORMAL
2026-07-10 03:34:05.727696,METER-ML-1003,2.161,236.69,10.24,0.892,0,NORMAL
2026-07-10 04:34:05.727696,METER-ML-1003,2.437,234.13,11.59,0.898,0,NORMAL
2026-07-10 05:34:05.727696,METER-ML-1003,2.701,230.73,12.46,0.94,0,NORMAL
2026-07-10 06:34:05.727696,METER-ML-1003,3.24,230.73,15.46,0.908,0,NORMAL
2026-07-10 07:34:05.727696,METER-ML-1003,3.695,224.42,17.59,0.936,0,NORMAL
2026-07-10 08:34:05.727696,METER-ML-1003,3.578,230.85,16.52,0.938,0,NORMAL
2026-07-10 09:34:05.727696,METER-ML-1003,4.327,224.06,20.3,0.951,0,NORMAL
2026-07-10 10:34:05.727696,METER-ML-1003,4.11,225.3,19.82,0.92,0,NORMAL
2026-07-10 11:34:05.727696,METER-ML-1003,5.57,222.2,26.61,0.942,0,NORMAL
2026-07-10 12:34:05.727696,METER-ML-1003,3.977,229.01,18.73,0.927,0,NORMAL
2026-07-10 13:34:05.727696,METER-ML-1003,4.11,231.21,18.61,0.955,0,NORMAL
2026-07-10 14:34:05.727696,METER-ML-1003,4.61,229.87,22.54,0.89,0,NORMAL
2026-07-10 15:34:05.727696,METER-ML-1003,3.921,235.16,19.0,0.877,0,NORMAL
2026-07-10 16:34:05.727696,METER-ML-1003,3.345,232.69,15.14,0.949,0,NORMAL
2026-07-10 17:34:05.727696,METER-ML-1003,4.028,229.25,19.26,0.912,0,NORMAL
2026-07-10 18:34:05.727696,METER-ML-1003,3.196,232.85,15.22,0.902,0,NORMAL
2026-07-10 19:34:05.727696,METER-ML-1003,2.922,226.73,14.3,0.901,0,NORMAL
2026-07-10 20:34:05.727696,METER-ML-1003,2.696,225.62,12.13,0.985,0,NORMAL
2026-07-10 21:34:05.727696,METER-ML-1003,0.007,232.07,0.1,0.939,1,CHUTE_SUSPECTE_FRAUDE
2026-07-10 22:34:05.727696,METER-ML-1003,2.148,232.9,10.1,0.913,0,NORMAL
2026-07-10 23:34:05.727696,METER-ML-1003,1.862,228.36,9.21,0.886,0,NORMAL
2026-07-11 00:34:05.727696,METER-ML-1003,2.953,229.41,13.44,0.958,0,NORMAL
2026-07-11 01:34:05.727696,METER-ML-1003,2.995,231.07,13.52,0.959,0,NORMAL
2026-07-11 02:34:05.727696,METER-ML-1003,3.482,233.44,16.2,0.921,0,NORMAL
2026-07-11 03:34:05.727696,METER-ML-1003,3.069,228.15,15.1,0.891,0,NORMAL
2026-07-11 04:34:05.727696,METER-ML-1003,3.328,228.65,15.87,0.917,0,NORMAL
2026-07-11 05:34:05.727696,METER-ML-1003,2.648,169.28,12.44,0.45,1,ANOMALIE_TENSION_FP
2026-07-11 06:34:05.727696,METER-ML-1003,3.289,230.08,15.71,0.91,0,NORMAL
2026-07-11 07:34:05.727696,METER-ML-1003,4.709,228.52,22.76,0.905,0,NORMAL
2026-07-11 08:34:05.727696,METER-ML-1003,4.311,228.21,23.3,0.811,0,NORMAL
2026-07-11 09:34:05.727696,METER-ML-1003,6.091,227.21,27.92,0.96,0,NORMAL
2026-07-11 10:34:05.727696,METER-ML-1003,5.717,223.38,27.95,0.916,0,NORMAL
2026-07-11 11:34:05.727696,METER-ML-1003,32.482,230.73,150.64,0.935,1,SURCHARGE_ANORMALE
2026-07-11 12:34:05.727696,METER-ML-1003,5.675,231.77,26.97,0.908,0,NORMAL
2026-07-11 13:34:05.727696,METER-ML-1003,6.177,225.93,29.84,0.916,0,NORMAL
2026-07-11 14:34:05.727696,METER-ML-1003,5.238,229.09,23.92,0.956,0,NORMAL
2026-07-11 15:34:05.727696,METER-ML-1003,5.421,228.1,27.07,0.878,0,NORMAL
2026-07-11 16:34:05.727696,METER-ML-1003,4.769,232.78,22.35,0.917,0,NORMAL
2026-07-11 17:34:05.727696,METER-ML-1003,4.024,230.32,18.72,0.933,0,NORMAL
2026-07-11 18:34:05.727696,METER-ML-1003,4.275,232.65,20.85,0.881,0,NORMAL
2026-07-11 19:34:05.727696,METER-ML-1003,3.667,233.19,16.62,0.946,0,NORMAL
2026-07-11 20:34:05.727696,METER-ML-1003,3.151,231.58,13.74,0.99,0,NORMAL
2026-07-11 21:34:05.727696,METER-ML-1003,2.505,231.68,11.52,0.939,0,NORMAL
2026-07-11 22:34:05.727696,METER-ML-1003,2.43,235.84,11.53,0.893,0,NORMAL
2026-07-11 23:34:05.727696,METER-ML-1003,1.842,234.19,8.45,0.931,0,NORMAL
2026-07-12 00:34:05.727696,METER-ML-1003,2.597,179.41,12.36,0.599,1,ANOMALIE_TENSION_FP
2026-07-12 01:34:05.727696,METER-ML-1003,2.877,231.9,13.5,0.919,0,NORMAL
2026-07-12 02:34:05.727696,METER-ML-1003,2.535,230.3,12.16,0.905,0,NORMAL
2026-07-12 03:34:05.727696,METER-ML-1003,2.794,233.0,12.95,0.926,0,NORMAL
2026-07-12 04:34:05.727696,METER-ML-1003,2.919,231.71,13.25,0.951,0,NORMAL
2026-07-12 05:34:05.727696,METER-ML-1003,3.816,231.45,17.36,0.95,0,NORMAL
2026-07-12 06:34:05.727696,METER-ML-1003,3.523,231.97,17.14,0.886,0,NORMAL
2026-07-12 07:34:05.727696,METER-ML-1003,4.551,229.39,22.09,0.898,0,NORMAL
2026-07-12 08:34:05.727696,METER-ML-1003,4.945,232.44,23.36,0.911,0,NORMAL
2026-07-12 09:34:05.727696,METER-ML-1003,5.415,233.22,24.39,0.952,0,NORMAL
2026-07-12 10:34:05.727696,METER-ML-1003,5.59,229.59,26.54,0.917,0,NORMAL
2026-07-12 11:34:05.727696,METER-ML-1003,5.534,234.25,26.48,0.892,0,NORMAL
2026-07-12 12:34:05.727696,METER-ML-1003,6.341,230.66,31.58,0.87,0,NORMAL
2026-07-12 13:34:05.727696,METER-ML-1003,5.855,229.34,27.72,0.921,0,NORMAL
2026-07-12 14:34:05.727696,METER-ML-1003,5.893,230.47,27.92,0.916,0,NORMAL
2026-07-12 15:34:05.727696,METER-ML-1003,5.569,225.41,28.92,0.854,0,NORMAL
2026-07-12 16:34:05.727696,METER-ML-1003,4.531,231.03,20.42,0.96,0,NORMAL
2026-07-12 17:34:05.727696,METER-ML-1003,4.497,225.61,22.75,0.876,0,NORMAL
2026-07-12 18:34:05.727696,METER-ML-1003,5.158,230.0,23.64,0.948,0,NORMAL
2026-07-12 19:34:05.727696,METER-ML-1003,3.698,228.42,18.05,0.897,0,NORMAL
2026-07-12 20:34:05.727696,METER-ML-1003,3.308,223.36,16.09,0.92,0,NORMAL
2026-07-12 21:34:05.727696,METER-ML-1003,2.219,221.49,10.52,0.953,0,NORMAL
2026-07-12 22:34:05.727696,METER-ML-1003,2.505,230.78,11.41,0.952,0,NORMAL
2026-07-12 23:34:05.727696,METER-ML-1003,9.409,219.17,47.35,0.907,1,SURCHARGE_ANORMALE
2026-07-13 00:34:05.727696,METER-ML-1003,2.614,230.63,12.42,0.912,0,NORMAL
2026-07-13 01:34:05.727696,METER-ML-1003,2.186,235.29,10.18,0.913,0,NORMAL
2026-07-13 02:34:05.727696,METER-ML-1003,2.443,233.57,11.82,0.885,0,NORMAL
2026-07-13 03:34:05.727696,METER-ML-1003,2.542,228.63,12.71,0.875,0,NORMAL
2026-07-13 04:34:05.727696,METER-ML-1003,1.874,230.34,9.06,0.899,0,NORMAL
2026-07-13 05:34:05.727696,METER-ML-1003,1.851,222.76,9.38,0.885,0,NORMAL
2026-07-13 06:34:05.727696,METER-ML-1003,3.103,229.6,14.82,0.912,0,NORMAL
2026-07-13 07:34:05.727696,METER-ML-1003,3.301,232.71,14.7,0.965,0,NORMAL
2026-07-13 08:34:05.727696,METER-ML-1003,4.172,228.79,20.9,0.873,0,NORMAL
2026-07-13 09:34:05.727696,METER-ML-1003,3.598,228.63,17.62,0.893,0,NORMAL
2026-07-13 10:34:05.727696,METER-ML-1003,4.326,233.02,19.96,0.93,0,NORMAL
2026-07-13 11:34:05.727696,METER-ML-1003,4.282,227.31,21.12,0.892,0,NORMAL
2026-07-13 12:34:05.727696,METER-ML-1003,4.697,225.35,23.31,0.894,0,NORMAL
2026-07-13 13:34:05.727696,METER-ML-1003,3.965,236.35,18.81,0.892,0,NORMAL
2026-07-13 14:34:05.727696,METER-ML-1003,5.272,176.68,26.65,0.594,1,ANOMALIE_TENSION_FP
2026-07-13 15:34:05.727696,METER-ML-1003,3.736,231.36,16.61,0.972,0,NORMAL
2026-07-13 16:34:05.727696,METER-ML-1003,4.392,234.02,19.96,0.94,0,NORMAL
2026-07-13 17:34:05.727696,METER-ML-1003,3.115,227.2,14.11,0.971,0,NORMAL
2026-07-13 18:34:05.727696,METER-ML-1003,3.534,233.07,17.36,0.874,0,NORMAL
2026-07-13 19:34:05.727696,METER-ML-1003,3.108,235.0,14.26,0.928,0,NORMAL
2026-07-13 20:34:05.727696,METER-ML-1003,2.766,228.77,13.14,0.921,0,NORMAL
2026-07-13 21:34:05.727696,METER-ML-1003,1.859,227.07,8.63,0.949,0,NORMAL
2026-07-13 22:34:05.727696,METER-ML-1003,1.93,232.64,9.43,0.88,0,NORMAL
2026-07-13 23:34:05.727696,METER-ML-1003,2.469,163.34,11.05,0.586,1,ANOMALIE_TENSION_FP
2026-07-14 00:34:05.727696,METER-ML-1003,3.206,229.84,15.12,0.923,0,NORMAL
2026-07-14 01:34:05.727696,METER-ML-1003,2.363,227.08,11.43,0.91,0,NORMAL
2026-07-14 02:34:05.727696,METER-ML-1003,2.207,226.45,10.69,0.912,0,NORMAL
2026-07-14 03:34:05.727696,METER-ML-1003,2.759,230.59,13.34,0.897,0,NORMAL
2026-07-14 04:34:05.727696,METER-ML-1003,3.032,229.13,14.26,0.928,0,NORMAL
2026-07-14 05:34:05.727696,METER-ML-1003,1.892,225.82,9.31,0.9,0,NORMAL
2026-07-14 06:34:05.727696,METER-ML-1003,3.842,229.77,18.7,0.894,0,NORMAL
2026-07-14 07:34:05.727696,METER-ML-1003,3.58,235.39,16.3,0.933,0,NORMAL
2026-07-14 08:34:05.727696,METER-ML-1003,3.818,229.01,18.25,0.914,0,NORMAL
2026-07-14 09:34:05.727696,METER-ML-1003,4.042,233.28,18.18,0.953,0,NORMAL
2026-07-14 10:34:05.727696,METER-ML-1003,4.506,227.6,20.99,0.943,0,NORMAL
2026-07-14 11:34:05.727696,METER-ML-1003,4.516,232.97,20.0,0.969,0,NORMAL
2026-07-14 12:34:05.727696,METER-ML-1003,5.222,227.5,24.65,0.931,0,NORMAL
2026-07-14 13:34:05.727696,METER-ML-1003,4.162,232.06,19.13,0.938,0,NORMAL
2026-07-14 14:34:05.727696,METER-ML-1003,3.751,230.73,17.97,0.905,0,NORMAL
2026-07-14 15:34:05.727696,METER-ML-1003,4.439,231.93,21.5,0.89,0,NORMAL
2026-07-14 16:34:05.727696,METER-ML-1003,3.531,236.29,17.74,0.843,0,NORMAL
2026-07-14 17:34:05.727696,METER-ML-1003,3.653,228.89,17.5,0.912,0,NORMAL
2026-07-14 18:34:05.727696,METER-ML-1003,2.884,227.25,13.76,0.922,0,NORMAL
2026-07-14 19:34:05.727696,METER-ML-1003,3.18,230.93,14.91,0.923,0,NORMAL
2026-07-14 20:34:05.727696,METER-ML-1003,2.548,234.15,12.0,0.907,0,NORMAL
2026-07-14 21:34:05.727696,METER-ML-1003,1.805,226.25,8.45,0.944,0,NORMAL
2026-07-14 22:34:05.727696,METER-ML-1003,1.67,236.6,7.56,0.934,0,NORMAL
2026-07-14 23:34:05.727696,METER-ML-1003,1.718,235.82,7.6,0.959,0,NORMAL
2026-07-15 00:34:05.727696,METER-ML-1003,2.409,229.8,10.97,0.955,0,NORMAL
2026-07-15 01:34:05.727696,METER-ML-1003,2.928,228.85,14.56,0.879,0,NORMAL
2026-07-15 02:34:05.727696,METER-ML-1003,2.28,230.1,10.53,0.941,0,NORMAL
2026-07-15 03:34:05.727696,METER-ML-1003,1.858,230.02,9.05,0.892,0,NORMAL
2026-07-15 04:34:05.727696,METER-ML-1003,2.895,228.91,14.03,0.902,0,NORMAL
2026-07-15 05:34:05.727696,METER-ML-1003,2.362,229.64,11.37,0.904,0,NORMAL
2026-07-15 06:34:05.727696,METER-ML-1003,3.407,225.96,17.0,0.887,0,NORMAL
2026-07-15 07:34:05.727696,METER-ML-1003,3.905,228.77,17.45,0.978,0,NORMAL
2026-07-15 08:34:05.727696,METER-ML-1003,4.024,230.21,20.27,0.862,0,NORMAL
2026-07-15 09:34:05.727696,METER-ML-1003,3.72,230.35,18.02,0.896,0,NORMAL
2026-07-15 10:34:05.727696,METER-ML-1003,4.44,226.35,21.19,0.926,0,NORMAL
2026-07-15 11:34:05.727696,METER-ML-1003,4.052,220.0,20.21,0.911,0,NORMAL
2026-07-15 12:34:05.727696,METER-ML-1003,4.392,231.35,20.65,0.919,0,NORMAL
2026-07-15 13:34:05.727696,METER-ML-1003,5.468,219.93,27.13,0.916,0,NORMAL
2026-07-15 14:34:05.727696,METER-ML-1003,5.832,229.87,26.61,0.953,0,NORMAL
2026-07-15 15:34:05.727696,METER-ML-1003,4.642,223.72,23.5,0.883,0,NORMAL
2026-07-15 16:34:05.727696,METER-ML-1003,4.32,229.59,20.05,0.938,0,NORMAL
2026-07-15 17:34:05.727696,METER-ML-1003,3.688,230.27,17.26,0.928,0,NORMAL
2026-07-15 18:34:05.727696,METER-ML-1003,3.291,230.16,16.27,0.879,0,NORMAL
2026-07-15 19:34:05.727696,METER-ML-1003,2.633,225.29,12.27,0.952,0,NORMAL
2026-07-15 20:34:05.727696,METER-ML-1003,2.028,225.79,10.21,0.88,0,NORMAL
2026-07-15 21:34:05.727696,METER-ML-1003,1.469,227.67,6.73,0.959,0,NORMAL
2026-07-15 22:34:05.727696,METER-ML-1003,0.918,231.55,4.62,0.859,0,NORMAL
2026-07-15 23:34:05.727696,METER-ML-1003,1.816,230.81,8.77,0.897,0,NORMAL
2026-07-16 00:34:05.727696,METER-ML-1003,2.444,228.8,12.29,0.869,0,NORMAL
2026-07-16 01:34:05.727696,METER-ML-1003,3.153,230.86,14.44,0.946,0,NORMAL
2026-07-16 02:34:05.727696,METER-ML-1003,2.049,243.22,9.11,0.924,0,NORMAL
2026-07-16 03:34:05.727696,METER-ML-1003,2.183,227.29,10.22,0.939,0,NORMAL
2026-07-16 04:34:05.727696,METER-ML-1003,2.605,229.46,12.35,0.919,0,NORMAL
2026-07-16 05:34:05.727696,METER-ML-1003,2.114,232.81,10.12,0.898,0,NORMAL
2026-07-16 06:34:05.727696,METER-ML-1003,3.198,229.24,15.89,0.878,0,NORMAL
2026-07-16 07:34:05.727696,METER-ML-1003,3.551,228.93,16.54,0.938,0,NORMAL
2026-07-16 08:34:05.727696,METER-ML-1003,4.356,227.51,20.95,0.914,0,NORMAL
2026-07-16 09:34:05.727696,METER-ML-1003,4.478,221.21,22.03,0.919,0,NORMAL
2026-07-16 10:34:05.727696,METER-ML-1003,3.23,233.49,15.64,0.885,0,NORMAL
2026-07-16 11:34:05.727696,METER-ML-1003,4.968,230.69,23.05,0.934,0,NORMAL
2026-07-16 12:34:05.727696,METER-ML-1003,4.81,223.99,23.31,0.921,0,NORMAL
2026-07-16 13:34:05.727696,METER-ML-1003,4.13,230.09,19.39,0.926,0,NORMAL
2026-07-16 14:34:05.727696,METER-ML-1003,4.65,232.7,22.36,0.894,0,NORMAL
2026-07-16 15:34:05.727696,METER-ML-1003,3.609,230.18,17.46,0.898,0,NORMAL
2026-07-16 16:34:05.727696,METER-ML-1003,4.323,233.19,20.71,0.895,0,NORMAL
2026-07-16 17:34:05.727696,METER-ML-1003,4.109,234.18,18.17,0.966,0,NORMAL
2026-07-16 18:34:05.727696,METER-ML-1003,3.087,227.67,15.55,0.872,0,NORMAL
2026-07-16 19:34:05.727696,METER-ML-1003,2.613,228.76,12.81,0.891,0,NORMAL
2026-07-16 20:34:05.727696,METER-ML-1003,2.74,233.13,12.62,0.931,0,NORMAL
2026-07-16 21:34:05.727696,METER-ML-1003,1.65,233.94,7.61,0.927,0,NORMAL
2026-07-16 22:34:05.727696,METER-ML-1003,1.534,233.23,6.99,0.941,0,NORMAL
2026-07-16 23:34:05.727696,METER-ML-1003,1.816,228.99,8.68,0.914,0,NORMAL
2026-07-17 00:34:05.727696,METER-ML-1003,1.696,227.57,7.92,0.941,0,NORMAL
2026-07-17 01:34:05.727696,METER-ML-1003,2.587,226.68,12.38,0.922,0,NORMAL
2026-07-17 02:34:05.727696,METER-ML-1003,2.149,229.19,10.34,0.906,0,NORMAL
2026-07-17 03:34:05.727696,METER-ML-1003,2.81,225.72,14.16,0.879,0,NORMAL
2026-07-17 04:34:05.727696,METER-ML-1003,2.36,230.32,10.94,0.936,0,NORMAL
2026-07-17 05:34:05.727696,METER-ML-1003,2.474,233.18,11.85,0.895,0,NORMAL
2026-07-17 06:34:05.727696,METER-ML-1003,3.505,232.28,15.97,0.945,0,NORMAL
2026-07-17 07:34:05.727696,METER-ML-1003,3.178,226.33,15.49,0.907,0,NORMAL
2026-07-17 08:34:05.727696,METER-ML-1003,4.071,230.2,19.38,0.912,0,NORMAL
2026-07-17 09:34:05.727696,METER-ML-1003,4.746,227.27,23.08,0.905,0,NORMAL
2026-07-17 10:34:05.727696,METER-ML-1003,5.124,220.58,25.15,0.924,0,NORMAL
2026-07-17 11:34:05.727696,METER-ML-1003,4.839,231.52,22.49,0.929,0,NORMAL
2026-07-17 12:34:05.727696,METER-ML-1003,6.084,231.19,28.05,0.938,0,NORMAL
2026-07-17 13:34:05.727696,METER-ML-1003,4.237,226.88,19.7,0.948,0,NORMAL
2026-07-17 14:34:05.727696,METER-ML-1003,4.048,234.13,18.67,0.926,0,NORMAL
2026-07-17 15:34:05.727696,METER-ML-1003,0.009,231.79,0.1,0.931,1,CHUTE_SUSPECTE_FRAUDE
2026-07-17 16:34:05.727696,METER-ML-1003,4.314,229.5,19.67,0.956,0,NORMAL
2026-07-17 17:34:05.727696,METER-ML-1003,3.523,232.58,16.63,0.911,0,NORMAL
2026-07-17 18:34:05.727696,METER-ML-1003,2.913,232.56,13.57,0.923,0,NORMAL
2026-07-17 19:34:05.727696,METER-ML-1003,3.033,229.94,14.76,0.893,0,NORMAL
2026-07-17 20:34:05.727696,METER-ML-1003,2.219,223.64,10.6,0.936,0,NORMAL
2026-07-17 21:34:05.727696,METER-ML-1003,1.809,234.57,8.73,0.883,0,NORMAL
2026-07-17 22:34:05.727696,METER-ML-1003,0.032,227.75,0.1,0.906,1,CHUTE_SUSPECTE_FRAUDE
2026-07-17 23:34:05.727696,METER-ML-1003,1.154,232.53,5.45,0.911,0,NORMAL
2026-07-18 00:34:05.727696,METER-ML-1003,2.952,231.29,14.23,0.897,0,NORMAL
2026-07-18 01:34:05.727696,METER-ML-1003,2.363,234.17,11.41,0.884,0,NORMAL
2026-07-18 02:34:05.727696,METER-ML-1003,2.412,228.8,11.38,0.926,0,NORMAL
2026-07-18 03:34:05.727696,METER-ML-1003,2.78,227.37,12.68,0.964,0,NORMAL
2026-07-18 04:34:05.727696,METER-ML-1003,0.075,234.49,0.1,0.931,1,CHUTE_SUSPECTE_FRAUDE
2026-07-18 05:34:05.727696,METER-ML-1003,2.793,226.42,12.98,0.951,0,NORMAL
2026-07-18 06:34:05.727696,METER-ML-1003,3.609,232.87,16.81,0.922,0,NORMAL
2026-07-18 07:34:05.727696,METER-ML-1003,3.606,223.71,16.57,0.972,0,NORMAL
2026-07-18 08:34:05.727696,METER-ML-1003,4.38,236.64,19.14,0.967,0,NORMAL
2026-07-18 09:34:05.727696,METER-ML-1003,5.311,229.52,24.52,0.944,0,NORMAL
2026-07-18 10:34:05.727696,METER-ML-1003,4.848,236.34,23.47,0.874,0,NORMAL
2026-07-18 11:34:05.727696,METER-ML-1003,6.419,236.74,29.77,0.911,0,NORMAL
2026-07-18 12:34:05.727696,METER-ML-1003,5.007,229.91,22.65,0.961,0,NORMAL
2026-07-18 13:34:05.727696,METER-ML-1003,5.356,230.25,23.79,0.978,0,NORMAL
2026-07-18 14:34:05.727696,METER-ML-1003,4.672,230.44,22.03,0.92,0,NORMAL
2026-07-18 15:34:05.727696,METER-ML-1003,4.723,233.57,21.38,0.946,0,NORMAL
2026-07-18 16:34:05.727696,METER-ML-1003,5.56,225.77,28.39,0.867,0,NORMAL
2026-07-18 17:34:05.727696,METER-ML-1003,5.108,226.12,25.38,0.89,0,NORMAL
2026-07-18 18:34:05.727696,METER-ML-1003,4.043,233.61,18.37,0.942,0,NORMAL
2026-07-18 19:34:05.727696,METER-ML-1003,3.314,236.67,15.22,0.92,0,NORMAL
2026-07-18 20:34:05.727696,METER-ML-1003,2.078,233.17,9.95,0.896,0,NORMAL
2026-07-18 21:34:05.727696,METER-ML-1003,2.507,230.72,11.77,0.923,0,NORMAL
2026-07-18 22:34:05.727696,METER-ML-1003,3.271,233.87,14.92,0.937,0,NORMAL
2026-07-18 23:34:05.727696,METER-ML-1003,1.628,233.35,7.9,0.883,0,NORMAL
2026-07-19 00:34:05.727696,METER-ML-1003,2.72,229.39,12.94,0.916,0,NORMAL
2026-07-19 01:34:05.727696,METER-ML-1003,2.812,227.52,12.97,0.953,0,NORMAL
2026-07-19 02:34:05.727696,METER-ML-1003,2.901,225.43,13.51,0.952,0,NORMAL
2026-07-19 03:34:05.727696,METER-ML-1003,3.551,233.6,16.53,0.919,0,NORMAL
2026-07-19 04:34:05.727696,METER-ML-1003,2.264,232.63,10.64,0.915,0,NORMAL
2026-07-19 05:34:05.727696,METER-ML-1003,2.262,227.1,11.21,0.889,0,NORMAL
2026-07-19 06:34:05.727696,METER-ML-1003,3.887,231.36,18.62,0.902,0,NORMAL
2026-07-19 07:34:05.727696,METER-ML-1003,4.875,234.78,22.72,0.914,0,NORMAL
2026-07-19 08:34:05.727696,METER-ML-1003,4.549,226.34,21.41,0.939,0,NORMAL
2026-07-19 09:34:05.727696,METER-ML-1003,5.211,224.43,25.25,0.919,0,NORMAL
2026-07-19 10:34:05.727696,METER-ML-1003,5.722,226.62,26.07,0.968,0,NORMAL
2026-07-19 11:34:05.727696,METER-ML-1003,6.143,234.14,28.99,0.905,0,NORMAL
2026-07-19 12:34:05.727696,METER-ML-1003,5.678,229.38,27.16,0.912,0,NORMAL
2026-07-19 13:34:05.727696,METER-ML-1003,4.377,228.59,20.36,0.941,0,NORMAL
2026-07-19 14:34:05.727696,METER-ML-1003,0.035,235.86,0.1,0.903,1,CHUTE_SUSPECTE_FRAUDE
2026-07-19 15:34:05.727696,METER-ML-1003,4.782,228.5,21.98,0.952,0,NORMAL
2026-07-19 16:34:05.727696,METER-ML-1003,5.405,228.93,25.39,0.93,0,NORMAL
2026-07-19 17:34:05.727696,METER-ML-1003,4.752,226.74,21.48,0.976,0,NORMAL
2026-07-19 18:34:05.727696,METER-ML-1003,3.845,227.32,17.82,0.949,0,NORMAL
2026-07-19 19:34:05.727696,METER-ML-1003,3.103,228.22,14.39,0.945,0,NORMAL
2026-07-19 20:34:05.727696,METER-ML-1003,3.158,234.7,14.55,0.925,0,NORMAL
2026-07-19 21:34:05.727696,METER-ML-1003,1.766,228.43,8.08,0.957,0,NORMAL
2026-07-19 22:34:05.727696,METER-ML-1003,2.805,228.54,13.65,0.899,0,NORMAL
2026-07-19 23:34:05.727696,METER-ML-1003,1.155,231.02,5.05,0.99,0,NORMAL
2026-07-20 00:34:05.727696,METER-ML-1003,2.456,233.9,11.33,0.927,0,NORMAL
2026-07-20 01:34:05.727696,METER-ML-1003,2.059,222.99,10.18,0.907,0,NORMAL
2026-07-20 02:34:05.727696,METER-ML-1003,2.569,234.24,12.3,0.892,0,NORMAL
2026-07-20 03:34:05.727696,METER-ML-1003,2.067,230.96,9.79,0.915,0,NORMAL
2026-07-20 04:34:05.727696,METER-ML-1003,2.145,227.59,10.42,0.905,0,NORMAL
2026-07-20 05:34:05.727696,METER-ML-1003,1.807,232.29,8.3,0.937,0,NORMAL
2026-07-20 06:34:05.727696,METER-ML-1003,3.074,232.16,14.17,0.935,0,NORMAL
2026-07-20 07:34:05.727696,METER-ML-1003,3.247,228.31,15.06,0.944,0,NORMAL
2026-07-20 08:34:05.727696,METER-ML-1003,3.973,228.39,19.45,0.894,0,NORMAL
2026-07-20 09:34:05.727696,METER-ML-1003,4.803,234.4,22.17,0.924,0,NORMAL
2026-07-20 10:34:05.727696,METER-ML-1003,4.137,170.98,19.93,0.426,1,ANOMALIE_TENSION_FP
2026-07-20 11:34:05.727696,METER-ML-1003,4.815,230.12,22.63,0.925,0,NORMAL
2026-07-20 12:34:05.727696,METER-ML-1003,5.008,229.15,24.41,0.896,0,NORMAL
2026-07-20 13:34:05.727696,METER-ML-1003,4.238,231.87,18.97,0.963,0,NORMAL
2026-07-20 14:34:05.727696,METER-ML-1003,4.731,225.87,23.28,0.9,0,NORMAL
2026-07-20 15:34:05.727696,METER-ML-1003,28.088,234.33,133.44,0.898,1,SURCHARGE_ANORMALE
2026-07-20 16:34:05.727696,METER-ML-1003,3.648,229.67,17.16,0.926,0,NORMAL
2026-07-20 17:34:05.727696,METER-ML-1003,3.98,223.7,19.18,0.928,0,NORMAL
2026-07-20 18:34:05.727696,METER-ML-1003,3.448,224.69,16.01,0.959,0,NORMAL
2026-07-20 19:34:05.727696,METER-ML-1003,2.728,226.26,13.63,0.884,0,NORMAL
2026-07-20 20:34:05.727696,METER-ML-1003,0.011,228.14,0.1,0.921,1,CHUTE_SUSPECTE_FRAUDE
2026-07-20 21:34:05.727696,METER-ML-1003,2.414,234.78,11.32,0.908,0,NORMAL
2026-07-20 22:34:05.727696,METER-ML-1003,2.554,222.93,12.02,0.953,0,NORMAL
2026-07-20 23:34:05.727696,METER-ML-1003,1.83,230.91,8.27,0.958,0,NORMAL
2026-07-21 00:34:05.727696,METER-ML-1003,2.052,225.14,10.35,0.88,0,NORMAL
2026-07-21 01:34:05.727696,METER-ML-1003,0.002,232.74,0.1,0.924,1,CHUTE_SUSPECTE_FRAUDE
2026-07-21 02:34:05.727696,METER-ML-1003,2.696,228.53,12.85,0.918,0,NORMAL
2026-07-21 03:34:05.727696,METER-ML-1003,2.224,234.08,10.42,0.911,0,NORMAL
2026-07-21 04:34:05.727696,METER-ML-1003,2.102,234.48,9.71,0.923,0,NORMAL
2026-07-21 05:34:05.727696,METER-ML-1003,2.525,232.78,11.84,0.916,0,NORMAL
2026-07-21 06:34:05.727696,METER-ML-1003,2.91,235.85,13.1,0.942,0,NORMAL
2026-07-21 07:34:05.727696,METER-ML-1003,3.204,238.26,14.6,0.921,0,NORMAL
2026-07-21 08:34:05.727696,METER-ML-1003,3.8,232.47,17.06,0.958,0,NORMAL
2026-07-21 09:34:05.727696,METER-ML-1003,4.085,232.72,19.03,0.923,0,NORMAL
2026-07-21 10:34:05.727696,METER-ML-1003,4.242,230.07,20.16,0.915,0,NORMAL
2026-07-21 11:34:05.727696,METER-ML-1003,4.946,231.2,22.46,0.952,0,NORMAL
2026-07-21 12:34:05.727696,METER-ML-1003,5.017,228.19,24.39,0.902,0,NORMAL
2026-07-21 13:34:05.727696,METER-ML-1003,4.303,226.13,20.24,0.94,0,NORMAL
2026-07-21 14:34:05.727696,METER-ML-1003,4.807,230.06,21.77,0.96,0,NORMAL
2026-07-21 15:34:05.727696,METER-ML-1003,4.696,226.43,22.28,0.931,0,NORMAL
2026-07-21 16:34:05.727696,METER-ML-1003,3.508,222.7,17.75,0.887,0,NORMAL
2026-07-21 17:34:05.727696,METER-ML-1003,3.594,228.8,17.38,0.904,0,NORMAL
2026-07-21 18:34:05.727696,METER-ML-1003,2.73,229.81,13.3,0.893,0,NORMAL
2026-07-21 19:34:05.727696,METER-ML-1003,2.682,229.7,12.96,0.901,0,NORMAL
2026-07-21 20:34:05.727696,METER-ML-1003,3.137,235.01,14.79,0.903,0,NORMAL
2026-07-21 21:34:05.727696,METER-ML-1003,1.674,234.38,7.78,0.918,0,NORMAL
2026-07-21 22:34:05.727696,METER-ML-1003,2.363,227.29,11.56,0.9,0,NORMAL
2026-07-21 23:34:05.727696,METER-ML-1003,2.015,235.48,9.1,0.94,0,NORMAL
2026-07-22 00:34:05.727696,METER-ML-1003,2.288,229.75,11.41,0.873,0,NORMAL
2026-07-22 01:34:05.727696,METER-ML-1003,2.735,227.4,13.08,0.919,0,NORMAL
2026-07-22 02:34:05.727696,METER-ML-1003,3.104,227.95,15.35,0.887,0,NORMAL
2026-07-22 03:34:05.727696,METER-ML-1003,2.632,227.48,12.81,0.903,0,NORMAL
2026-07-22 04:34:05.727696,METER-ML-1003,1.846,236.04,8.34,0.937,0,NORMAL
2026-07-22 05:34:05.727696,METER-ML-1003,2.323,223.48,11.31,0.919,0,NORMAL
2026-07-22 06:34:05.727696,METER-ML-1003,3.325,228.23,15.93,0.914,0,NORMAL
2026-07-22 07:34:05.727696,METER-ML-1003,3.631,224.24,17.62,0.919,0,NORMAL
2026-07-22 08:34:05.727696,METER-ML-1003,3.386,228.71,15.18,0.975,0,NORMAL
2026-07-22 09:34:05.727696,METER-ML-1003,3.899,232.57,17.48,0.959,0,NORMAL
2026-07-22 10:34:05.727696,METER-ML-1003,22.789,231.6,109.83,0.896,1,SURCHARGE_ANORMALE
2026-07-22 11:34:05.727696,METER-ML-1003,5.729,228.28,26.09,0.962,0,NORMAL
2026-07-22 12:34:05.727696,METER-ML-1003,5.251,230.7,23.74,0.959,0,NORMAL
2026-07-22 13:34:05.727696,METER-ML-1003,5.388,225.76,27.19,0.878,0,NORMAL
2026-07-22 14:34:05.727696,METER-ML-1003,4.156,231.76,19.47,0.921,0,NORMAL
2026-07-22 15:34:05.727696,METER-ML-1003,4.172,234.62,19.01,0.935,0,NORMAL
2026-07-22 16:34:05.727696,METER-ML-1003,4.657,229.93,22.39,0.904,0,NORMAL
2026-07-22 17:34:05.727696,METER-ML-1003,3.812,229.09,19.02,0.875,0,NORMAL
2026-07-22 18:34:05.727696,METER-ML-1003,2.695,224.79,13.01,0.921,0,NORMAL
2026-07-22 19:34:05.727696,METER-ML-1003,3.247,229.9,14.8,0.954,0,NORMAL
2026-07-22 20:34:05.727696,METER-ML-1003,2.373,221.01,11.84,0.907,0,NORMAL
2026-07-22 21:34:05.727696,METER-ML-1003,2.459,226.86,11.2,0.968,0,NORMAL
2026-07-22 22:34:05.727696,METER-ML-1003,2.065,233.66,9.6,0.92,0,NORMAL
2026-07-22 23:34:05.727696,METER-ML-1003,0.816,225.51,3.73,0.97,0,NORMAL
2026-07-23 00:34:05.727696,METER-ML-1003,1.966,221.0,9.36,0.951,0,NORMAL
2026-07-23 01:34:05.727696,METER-ML-1003,2.427,178.47,11.07,0.59,1,ANOMALIE_TENSION_FP
2026-07-23 02:34:05.727696,METER-ML-1003,2.779,231.64,13.48,0.89,0,NORMAL
2026-07-23 03:34:05.727696,METER-ML-1003,2.54,229.77,11.94,0.926,0,NORMAL
2026-07-23 04:34:05.727696,METER-ML-1003,2.32,227.67,11.24,0.906,0,NORMAL
2026-07-23 05:34:05.727696,METER-ML-1003,2.369,231.57,11.27,0.908,0,NORMAL
2026-07-23 06:34:05.727696,METER-ML-1003,3.548,235.26,17.11,0.882,0,NORMAL
2026-07-23 07:34:05.727696,METER-ML-1003,4.159,232.98,19.03,0.938,0,NORMAL
2026-07-23 08:34:05.727696,METER-ML-1003,3.267,229.7,15.2,0.936,0,NORMAL
2026-07-23 09:34:05.727696,METER-ML-1003,3.942,227.6,19.48,0.889,0,NORMAL
2026-07-23 10:34:05.727696,METER-ML-1003,5.361,227.5,26.2,0.899,0,NORMAL
2026-07-23 11:34:05.727696,METER-ML-1003,4.547,224.4,21.53,0.941,0,NORMAL
2026-07-23 12:34:05.727696,METER-ML-1003,0.04,226.46,0.1,0.913,1,CHUTE_SUSPECTE_FRAUDE
2026-07-23 13:34:05.727696,METER-ML-1003,4.235,239.55,20.11,0.879,0,NORMAL
2026-07-23 14:34:05.727696,METER-ML-1003,4.983,241.3,21.79,0.948,0,NORMAL
2026-07-23 15:34:05.727696,METER-ML-1003,4.033,231.4,19.04,0.916,0,NORMAL
2026-07-23 16:34:05.727696,METER-ML-1003,3.348,227.17,15.57,0.947,0,NORMAL
2026-07-23 17:34:05.727696,METER-ML-1003,3.685,232.91,17.3,0.914,0,NORMAL
2026-07-23 18:34:05.727696,METER-ML-1003,3.78,221.28,18.5,0.924,0,NORMAL
2026-07-23 19:34:05.727696,METER-ML-1003,3.157,232.44,16.22,0.837,0,NORMAL
2026-07-23 20:34:05.727696,METER-ML-1003,2.234,231.06,10.09,0.958,0,NORMAL
2026-07-23 21:34:05.727696,METER-ML-1003,1.958,228.44,9.03,0.949,0,NORMAL
2026-07-23 22:34:05.727696,METER-ML-1003,2.026,231.89,9.3,0.939,0,NORMAL
2026-07-23 23:34:05.727696,METER-ML-1003,1.731,221.01,8.93,0.877,0,NORMAL
2026-07-24 00:34:05.727696,METER-ML-1003,1.472,235.94,6.69,0.933,0,NORMAL
2026-07-24 01:34:05.727696,METER-ML-1003,2.298,226.65,11.23,0.903,0,NORMAL
2026-07-24 02:34:05.727696,METER-ML-1003,2.813,229.75,14.12,0.867,0,NORMAL
2026-07-24 03:34:05.727696,METER-ML-1003,2.632,225.62,12.67,0.921,0,NORMAL
2026-07-24 04:34:05.727696,METER-ML-1003,1.713,234.43,7.96,0.918,0,NORMAL
2026-07-24 05:34:05.727696,METER-ML-1003,2.082,225.56,10.26,0.9,0,NORMAL
2026-07-24 06:34:05.727696,METER-ML-1003,3.367,233.84,15.53,0.927,0,NORMAL
2026-07-24 07:34:05.727696,METER-ML-1003,3.232,227.42,16.6,0.856,0,NORMAL
2026-07-24 08:34:05.727696,METER-ML-1003,4.25,233.79,19.76,0.92,0,NORMAL
2026-07-24 09:34:05.727696,METER-ML-1003,3.794,231.49,18.0,0.91,0,NORMAL
2026-07-24 10:34:05.727696,METER-ML-1003,4.691,234.55,20.96,0.954,0,NORMAL
2026-07-24 11:34:05.727696,METER-ML-1003,4.246,229.36,19.74,0.938,0,NORMAL
2026-07-24 12:34:05.727696,METER-ML-1003,4.917,238.48,22.18,0.929,0,NORMAL
2026-07-24 13:34:05.727696,METER-ML-1003,3.916,230.9,18.02,0.941,0,NORMAL
2026-07-24 14:34:05.727696,METER-ML-1003,4.395,234.64,21.01,0.891,0,NORMAL
2026-07-24 15:34:05.727696,METER-ML-1003,4.097,223.32,20.07,0.914,0,NORMAL
2026-07-24 16:34:05.727696,METER-ML-1003,4.881,230.8,22.51,0.94,0,NORMAL
2026-07-24 17:34:05.727696,METER-ML-1003,2.924,230.34,13.35,0.951,0,NORMAL
2026-07-24 18:34:05.727696,METER-ML-1003,2.792,232.34,13.83,0.869,0,NORMAL
2026-07-24 19:34:05.727696,METER-ML-1003,2.401,158.9,10.75,0.599,1,ANOMALIE_TENSION_FP
2026-07-24 20:34:05.727696,METER-ML-1003,2.203,232.2,10.85,0.874,0,NORMAL
2026-07-24 21:34:05.727696,METER-ML-1003,2.19,228.38,10.39,0.923,0,NORMAL
2026-07-24 22:34:05.727696,METER-ML-1003,1.798,232.51,9.3,0.832,0,NORMAL
2026-07-24 23:34:05.727696,METER-ML-1003,2.264,226.08,10.56,0.949,0,NORMAL
2026-07-25 00:34:05.727696,METER-ML-1003,3.171,229.71,14.99,0.921,0,NORMAL
2026-07-25 01:34:05.727696,METER-ML-1003,3.436,227.42,16.37,0.923,0,NORMAL
2026-07-25 02:34:05.727696,METER-ML-1003,2.824,231.45,12.84,0.95,0,NORMAL
2026-07-25 03:34:05.727696,METER-ML-1003,2.21,155.89,10.28,0.577,1,ANOMALIE_TENSION_FP
2026-07-25 04:34:05.727696,METER-ML-1003,3.47,228.79,17.03,0.89,0,NORMAL
2026-07-25 05:34:05.727696,METER-ML-1003,3.165,227.17,15.55,0.896,0,NORMAL
2026-07-25 06:34:05.727696,METER-ML-1003,3.709,228.91,16.9,0.959,0,NORMAL
2026-07-25 07:34:05.727696,METER-ML-1003,4.287,236.25,19.47,0.932,0,NORMAL
2026-07-25 08:34:05.727696,METER-ML-1003,4.313,236.73,19.59,0.93,0,NORMAL
2026-07-25 09:34:05.727696,METER-ML-1003,4.788,238.49,21.88,0.918,0,NORMAL
2026-07-25 10:34:05.727696,METER-ML-1003,5.591,236.01,26.65,0.889,0,NORMAL
2026-07-25 11:34:05.727696,METER-ML-1003,0.063,228.33,0.1,0.917,1,CHUTE_SUSPECTE_FRAUDE
2026-07-25 12:34:05.727696,METER-ML-1003,6.486,234.0,30.41,0.912,0,NORMAL
2026-07-25 13:34:05.727696,METER-ML-1003,5.173,230.73,24.88,0.901,0,NORMAL
2026-07-25 14:34:05.727696,METER-ML-1003,5.717,232.0,25.77,0.956,0,NORMAL
2026-07-25 15:34:05.727696,METER-ML-1003,5.498,227.57,27.09,0.892,0,NORMAL
2026-07-25 16:34:05.727696,METER-ML-1003,4.885,238.01,22.42,0.916,0,NORMAL
2026-07-25 17:34:05.727696,METER-ML-1003,4.455,229.72,21.02,0.922,0,NORMAL
2026-07-25 18:34:05.727696,METER-ML-1003,4.197,230.05,19.05,0.957,0,NORMAL
2026-07-25 19:34:05.727696,METER-ML-1003,2.895,230.28,12.7,0.99,0,NORMAL
2026-07-25 20:34:05.727696,METER-ML-1003,2.397,232.92,11.28,0.912,0,NORMAL
2026-07-25 21:34:05.727696,METER-ML-1003,2.794,226.53,13.8,0.894,0,NORMAL
2026-07-25 22:34:05.727696,METER-ML-1003,2.078,231.1,9.71,0.926,0,NORMAL
2026-07-25 23:34:05.727696,METER-ML-1003,2.138,230.65,9.67,0.958,0,NORMAL
2026-07-26 00:34:05.727696,METER-ML-1003,3.838,229.76,18.19,0.919,0,NORMAL
2026-07-26 01:34:05.727696,METER-ML-1003,2.672,228.11,12.35,0.948,0,NORMAL
2026-07-26 02:34:05.727696,METER-ML-1003,3.618,228.66,16.41,0.964,0,NORMAL
2026-07-26 03:34:05.727696,METER-ML-1003,2.868,230.79,14.13,0.879,0,NORMAL
2026-07-26 04:34:05.727696,METER-ML-1003,3.113,226.47,14.39,0.955,0,NORMAL
2026-07-26 05:34:05.727696,METER-ML-1003,2.738,227.83,13.48,0.892,0,NORMAL
2026-07-26 06:34:05.727696,METER-ML-1003,3.452,231.3,16.31,0.915,0,NORMAL
2026-07-26 07:34:05.727696,METER-ML-1003,4.5,224.66,21.68,0.924,0,NORMAL
2026-07-26 08:34:05.727696,METER-ML-1003,4.526,234.21,22.1,0.874,0,NORMAL
2026-07-26 09:34:05.727696,METER-ML-1003,5.356,233.0,25.38,0.906,0,NORMAL
2026-07-26 10:34:05.727696,METER-ML-1003,5.391,225.15,25.49,0.939,0,NORMAL
2026-07-26 11:34:05.727696,METER-ML-1003,5.207,232.24,23.1,0.971,0,NORMAL
2026-07-26 12:34:05.727696,METER-ML-1003,5.325,234.83,24.62,0.921,0,NORMAL
2026-07-26 13:34:05.727696,METER-ML-1003,5.351,225.02,24.02,0.99,0,NORMAL
2026-07-26 14:34:05.727696,METER-ML-1003,5.638,230.21,25.63,0.955,0,NORMAL
2026-07-26 15:34:05.727696,METER-ML-1003,5.173,225.75,27.16,0.844,0,NORMAL
2026-07-26 16:34:05.727696,METER-ML-1003,5.372,224.15,24.57,0.975,0,NORMAL
2026-07-26 17:34:05.727696,METER-ML-1003,4.802,233.33,23.58,0.873,0,NORMAL
2026-07-26 18:34:05.727696,METER-ML-1003,3.787,229.67,18.22,0.905,0,NORMAL
2026-07-26 19:34:05.727696,METER-ML-1003,3.434,231.66,16.23,0.913,0,NORMAL
2026-07-26 20:34:05.727696,METER-ML-1003,2.866,233.8,12.81,0.957,0,NORMAL
2026-07-26 21:34:05.727696,METER-ML-1003,3.117,229.5,15.48,0.878,0,NORMAL
2026-07-26 22:34:05.727696,METER-ML-1003,2.239,227.57,10.22,0.962,0,NORMAL
2026-07-26 23:34:05.727696,METER-ML-1003,2.575,236.06,12.54,0.87,0,NORMAL
2026-07-27 00:34:05.727696,METER-ML-1003,2.583,226.98,12.89,0.883,0,NORMAL
2026-07-27 01:34:05.727696,METER-ML-1003,0.042,227.84,0.1,0.926,1,CHUTE_SUSPECTE_FRAUDE
2026-07-27 02:34:05.727696,METER-ML-1003,2.175,233.07,10.58,0.882,0,NORMAL
2026-07-27 03:34:05.727696,METER-ML-1003,3.138,235.03,14.48,0.922,0,NORMAL
2026-07-27 04:34:05.727696,METER-ML-1003,2.254,233.29,10.72,0.901,0,NORMAL
2026-07-27 05:34:05.727696,METER-ML-1003,2.681,236.94,12.63,0.896,0,NORMAL
2026-07-27 06:34:05.727696,METER-ML-1003,2.736,231.33,12.11,0.977,0,NORMAL
2026-07-27 07:34:05.727696,METER-ML-1003,4.114,234.76,19.38,0.904,0,NORMAL
2026-07-27 08:34:05.727696,METER-ML-1003,4.301,226.33,20.52,0.926,0,NORMAL
2026-07-27 09:34:05.727696,METER-ML-1003,4.43,230.68,21.96,0.874,0,NORMAL
2026-07-27 10:34:05.727696,METER-ML-1003,4.542,229.02,21.33,0.93,0,NORMAL
2026-07-27 11:34:05.727696,METER-ML-1003,4.237,224.85,20.63,0.913,0,NORMAL
2026-07-27 12:34:05.727696,METER-ML-1003,4.926,230.42,24.03,0.89,0,NORMAL
2026-07-27 13:34:05.727696,METER-ML-1003,4.708,230.3,22.36,0.914,0,NORMAL
2026-07-27 14:34:05.727696,METER-ML-1003,4.14,228.35,20.38,0.89,0,NORMAL
2026-07-27 15:34:05.727696,METER-ML-1003,3.799,228.93,18.04,0.92,0,NORMAL
2026-07-27 16:34:05.727696,METER-ML-1003,3.853,231.51,18.35,0.907,0,NORMAL
2026-07-27 17:34:05.727696,METER-ML-1003,2.686,228.18,12.58,0.936,0,NORMAL
2026-07-27 18:34:05.727696,METER-ML-1003,3.503,233.28,15.79,0.951,0,NORMAL
2026-07-27 19:34:05.727696,METER-ML-1003,2.898,229.92,13.71,0.92,0,NORMAL
2026-07-27 20:34:05.727696,METER-ML-1003,2.108,231.9,9.9,0.918,0,NORMAL
2026-07-27 21:34:05.727696,METER-ML-1003,1.962,233.17,8.97,0.938,0,NORMAL
2026-07-27 22:34:05.727696,METER-ML-1003,2.012,227.54,9.73,0.908,0,NORMAL
2026-07-27 23:34:05.727696,METER-ML-1003,2.023,231.55,9.23,0.946,0,NORMAL
2026-07-28 00:34:05.727696,METER-ML-1003,2.403,232.1,11.56,0.895,0,NORMAL
2026-07-28 01:34:05.727696,METER-ML-1003,3.215,232.81,14.7,0.939,0,NORMAL
2026-07-28 02:34:05.727696,METER-ML-1003,2.682,226.52,12.41,0.954,0,NORMAL
2026-07-28 03:34:05.727696,METER-ML-1003,2.291,232.3,10.72,0.92,0,NORMAL
2026-07-28 04:34:05.727696,METER-ML-1003,0.054,228.35,0.1,0.934,1,CHUTE_SUSPECTE_FRAUDE
2026-07-28 05:34:05.727696,METER-ML-1003,2.219,228.78,10.62,0.914,0,NORMAL
2026-07-28 06:34:05.727696,METER-ML-1003,3.214,223.77,15.3,0.939,0,NORMAL
2026-07-28 07:34:05.727696,METER-ML-1003,3.494,235.52,16.58,0.895,0,NORMAL
2026-07-28 08:34:05.727696,METER-ML-1003,3.877,241.26,17.19,0.935,0,NORMAL
2026-07-28 09:34:05.727696,METER-ML-1003,3.783,229.54,17.89,0.921,0,NORMAL
2026-07-28 10:34:05.727696,METER-ML-1003,3.947,231.51,18.95,0.9,0,NORMAL
2026-07-28 11:34:05.727696,METER-ML-1003,4.276,233.81,19.66,0.93,0,NORMAL
2026-07-28 12:34:05.727696,METER-ML-1003,4.764,231.26,23.0,0.895,0,NORMAL
2026-07-28 13:34:05.727696,METER-ML-1003,4.543,229.72,21.36,0.926,0,NORMAL
2026-07-28 14:34:05.727696,METER-ML-1003,4.685,228.16,23.01,0.893,0,NORMAL
2026-07-28 15:34:05.727696,METER-ML-1003,3.756,223.12,19.22,0.876,0,NORMAL
2026-07-28 16:34:05.727696,METER-ML-1003,4.117,231.62,19.38,0.917,0,NORMAL
2026-07-28 17:34:05.727696,METER-ML-1003,3.597,233.66,16.65,0.924,0,NORMAL
2026-07-28 18:34:05.727696,METER-ML-1003,3.792,235.26,17.99,0.896,0,NORMAL
2026-07-28 19:34:05.727696,METER-ML-1003,3.094,227.45,14.22,0.957,0,NORMAL
2026-07-28 20:34:05.727696,METER-ML-1003,2.004,225.14,9.52,0.935,0,NORMAL
2026-07-28 21:34:05.727696,METER-ML-1003,2.131,233.2,9.92,0.921,0,NORMAL
2026-07-28 22:34:05.727696,METER-ML-1003,1.584,227.39,7.57,0.92,0,NORMAL
2026-07-28 23:34:05.727696,METER-ML-1003,2.578,230.17,12.45,0.9,0,NORMAL
2026-07-29 00:34:05.727696,METER-ML-1003,2.757,237.3,13.36,0.869,0,NORMAL
2026-05-30 00:34:05.727696,METER-ML-1004,4.544,225.27,21.75,0.928,0,NORMAL
2026-05-30 01:34:05.727696,METER-ML-1004,3.881,228.42,18.84,0.902,0,NORMAL
2026-05-30 02:34:05.727696,METER-ML-1004,4.927,230.56,22.47,0.951,0,NORMAL
2026-05-30 03:34:05.727696,METER-ML-1004,3.573,226.64,18.34,0.86,0,NORMAL
2026-05-30 04:34:05.727696,METER-ML-1004,3.93,232.48,17.73,0.953,0,NORMAL
2026-05-30 05:34:05.727696,METER-ML-1004,4.784,230.36,21.17,0.981,0,NORMAL
2026-05-30 06:34:05.727696,METER-ML-1004,5.487,232.68,24.6,0.959,0,NORMAL
2026-05-30 07:34:05.727696,METER-ML-1004,5.808,227.6,27.62,0.924,0,NORMAL
2026-05-30 08:34:05.727696,METER-ML-1004,22.644,233.78,106.5,0.91,1,SURCHARGE_ANORMALE
2026-05-30 09:34:05.727696,METER-ML-1004,6.526,231.14,30.97,0.912,0,NORMAL
2026-05-30 10:34:05.727696,METER-ML-1004,6.782,230.87,30.19,0.973,0,NORMAL
2026-05-30 11:34:05.727696,METER-ML-1004,6.862,226.83,32.42,0.933,0,NORMAL
2026-05-30 12:34:05.727696,METER-ML-1004,7.213,232.56,34.02,0.912,0,NORMAL
2026-05-30 13:34:05.727696,METER-ML-1004,7.27,233.15,33.76,0.924,0,NORMAL
2026-05-30 14:34:05.727696,METER-ML-1004,6.153,229.75,30.53,0.877,0,NORMAL
2026-05-30 15:34:05.727696,METER-ML-1004,6.585,228.05,32.41,0.891,0,NORMAL
2026-05-30 16:34:05.727696,METER-ML-1004,5.668,232.66,26.62,0.915,0,NORMAL
2026-05-30 17:34:05.727696,METER-ML-1004,4.488,229.08,22.15,0.885,0,NORMAL
2026-05-30 18:34:05.727696,METER-ML-1004,4.669,227.87,21.58,0.949,0,NORMAL
2026-05-30 19:34:05.727696,METER-ML-1004,4.26,229.85,20.03,0.925,0,NORMAL
2026-05-30 20:34:05.727696,METER-ML-1004,5.103,232.01,24.13,0.911,0,NORMAL
2026-05-30 21:34:05.727696,METER-ML-1004,3.669,233.31,16.9,0.931,0,NORMAL
2026-05-30 22:34:05.727696,METER-ML-1004,0.064,231.78,0.1,0.948,1,CHUTE_SUSPECTE_FRAUDE
2026-05-30 23:34:05.727696,METER-ML-1004,3.936,232.79,17.84,0.947,0,NORMAL
2026-05-31 00:34:05.727696,METER-ML-1004,4.8,224.45,22.87,0.935,0,NORMAL
2026-05-31 01:34:05.727696,METER-ML-1004,0.065,229.92,0.1,0.904,1,CHUTE_SUSPECTE_FRAUDE
2026-05-31 02:34:05.727696,METER-ML-1004,4.976,230.2,23.11,0.935,0,NORMAL
2026-05-31 03:34:05.727696,METER-ML-1004,3.65,227.04,18.3,0.879,0,NORMAL
2026-05-31 04:34:05.727696,METER-ML-1004,4.081,231.97,18.93,0.929,0,NORMAL
2026-05-31 05:34:05.727696,METER-ML-1004,3.934,230.5,18.86,0.905,0,NORMAL
2026-05-31 06:34:05.727696,METER-ML-1004,5.242,232.53,23.81,0.947,0,NORMAL
2026-05-31 07:34:05.727696,METER-ML-1004,5.982,233.8,27.56,0.928,0,NORMAL
2026-05-31 08:34:05.727696,METER-ML-1004,5.917,229.01,27.53,0.938,0,NORMAL
2026-05-31 09:34:05.727696,METER-ML-1004,6.115,232.56,28.26,0.93,0,NORMAL
2026-05-31 10:34:05.727696,METER-ML-1004,6.986,228.09,33.48,0.915,0,NORMAL
2026-05-31 11:34:05.727696,METER-ML-1004,6.627,226.15,32.31,0.907,0,NORMAL
2026-05-31 12:34:05.727696,METER-ML-1004,8.085,230.65,39.31,0.892,0,NORMAL
2026-05-31 13:34:05.727696,METER-ML-1004,7.348,231.1,35.86,0.887,0,NORMAL
2026-05-31 14:34:05.727696,METER-ML-1004,35.96,230.46,163.77,0.953,1,SURCHARGE_ANORMALE
2026-05-31 15:34:05.727696,METER-ML-1004,6.324,236.22,28.29,0.946,0,NORMAL
2026-05-31 16:34:05.727696,METER-ML-1004,6.269,232.28,27.64,0.976,0,NORMAL
2026-05-31 17:34:05.727696,METER-ML-1004,4.795,231.58,23.84,0.869,0,NORMAL
2026-05-31 18:34:05.727696,METER-ML-1004,4.869,233.04,23.04,0.907,0,NORMAL
2026-05-31 19:34:05.727696,METER-ML-1004,4.285,231.91,20.73,0.891,0,NORMAL
2026-05-31 20:34:05.727696,METER-ML-1004,4.102,235.06,18.04,0.967,0,NORMAL
2026-05-31 21:34:05.727696,METER-ML-1004,4.359,229.72,20.94,0.906,0,NORMAL
2026-05-31 22:34:05.727696,METER-ML-1004,3.609,227.78,16.0,0.99,0,NORMAL
2026-05-31 23:34:05.727696,METER-ML-1004,2.949,230.53,13.82,0.926,0,NORMAL
2026-06-01 00:34:05.727696,METER-ML-1004,19.198,226.25,91.69,0.925,1,SURCHARGE_ANORMALE
2026-06-01 01:34:05.727696,METER-ML-1004,2.991,231.16,14.34,0.902,0,NORMAL
2026-06-01 02:34:05.727696,METER-ML-1004,3.55,236.97,15.92,0.941,0,NORMAL
2026-06-01 03:34:05.727696,METER-ML-1004,3.358,230.64,15.16,0.961,0,NORMAL
2026-06-01 04:34:05.727696,METER-ML-1004,3.476,235.57,16.48,0.896,0,NORMAL
2026-06-01 05:34:05.727696,METER-ML-1004,12.098,233.59,57.08,0.907,1,SURCHARGE_ANORMALE
2026-06-01 06:34:05.727696,METER-ML-1004,4.19,231.47,19.92,0.909,0,NORMAL
2026-06-01 07:34:05.727696,METER-ML-1004,4.175,231.71,19.48,0.925,0,NORMAL
2026-06-01 08:34:05.727696,METER-ML-1004,5.056,233.22,22.88,0.947,0,NORMAL
2026-06-01 09:34:05.727696,METER-ML-1004,5.205,229.54,24.91,0.91,0,NORMAL
2026-06-01 10:34:05.727696,METER-ML-1004,5.732,225.0,27.22,0.936,0,NORMAL
2026-06-01 11:34:05.727696,METER-ML-1004,5.706,230.22,26.73,0.927,0,NORMAL
2026-06-01 12:34:05.727696,METER-ML-1004,5.507,232.46,26.41,0.897,0,NORMAL
2026-06-01 13:34:05.727696,METER-ML-1004,5.581,229.98,26.77,0.907,0,NORMAL
2026-06-01 14:34:05.727696,METER-ML-1004,5.156,226.26,24.25,0.94,0,NORMAL
2026-06-01 15:34:05.727696,METER-ML-1004,6.275,228.15,29.3,0.939,0,NORMAL
2026-06-01 16:34:05.727696,METER-ML-1004,5.77,235.33,26.81,0.914,0,NORMAL
2026-06-01 17:34:05.727696,METER-ML-1004,4.985,231.98,23.76,0.905,0,NORMAL
2026-06-01 18:34:05.727696,METER-ML-1004,3.827,230.36,17.88,0.929,0,NORMAL
2026-06-01 19:34:05.727696,METER-ML-1004,3.904,230.75,18.9,0.895,0,NORMAL
2026-06-01 20:34:05.727696,METER-ML-1004,2.909,230.06,13.53,0.935,0,NORMAL
2026-06-01 21:34:05.727696,METER-ML-1004,3.546,228.65,16.99,0.913,0,NORMAL
2026-06-01 22:34:05.727696,METER-ML-1004,3.231,231.37,15.06,0.927,0,NORMAL
2026-06-01 23:34:05.727696,METER-ML-1004,3.239,229.63,15.59,0.905,0,NORMAL
2026-06-02 00:34:05.727696,METER-ML-1004,4.031,227.67,19.84,0.893,0,NORMAL
2026-06-02 01:34:05.727696,METER-ML-1004,3.946,220.35,20.81,0.86,0,NORMAL
2026-06-02 02:34:05.727696,METER-ML-1004,3.705,228.18,16.88,0.962,0,NORMAL
2026-06-02 03:34:05.727696,METER-ML-1004,3.777,230.87,17.81,0.919,0,NORMAL
2026-06-02 04:34:05.727696,METER-ML-1004,3.503,229.94,16.41,0.928,0,NORMAL
2026-06-02 05:34:05.727696,METER-ML-1004,2.745,237.69,12.08,0.956,0,NORMAL
2026-06-02 06:34:05.727696,METER-ML-1004,3.73,227.25,18.8,0.873,0,NORMAL
2026-06-02 07:34:05.727696,METER-ML-1004,23.838,223.84,116.85,0.911,1,SURCHARGE_ANORMALE
2026-06-02 08:34:05.727696,METER-ML-1004,4.805,173.4,23.8,0.413,1,ANOMALIE_TENSION_FP
2026-06-02 09:34:05.727696,METER-ML-1004,5.479,229.55,25.46,0.937,0,NORMAL
2026-06-02 10:34:05.727696,METER-ML-1004,4.59,231.08,21.55,0.922,0,NORMAL
2026-06-02 11:34:05.727696,METER-ML-1004,5.499,234.86,27.45,0.853,0,NORMAL
2026-06-02 12:34:05.727696,METER-ML-1004,34.028,228.46,152.97,0.974,1,SURCHARGE_ANORMALE
2026-06-02 13:34:05.727696,METER-ML-1004,5.157,230.34,24.35,0.919,0,NORMAL
2026-06-02 14:34:05.727696,METER-ML-1004,5.519,231.49,24.57,0.97,0,NORMAL
2026-06-02 15:34:05.727696,METER-ML-1004,6.036,231.2,26.81,0.974,0,NORMAL
2026-06-02 16:34:05.727696,METER-ML-1004,4.652,232.56,22.11,0.905,0,NORMAL
2026-06-02 17:34:05.727696,METER-ML-1004,4.434,230.14,20.8,0.926,0,NORMAL
2026-06-02 18:34:05.727696,METER-ML-1004,4.417,225.15,20.05,0.978,0,NORMAL
2026-06-02 19:34:05.727696,METER-ML-1004,17.322,228.45,84.34,0.899,1,SURCHARGE_ANORMALE
2026-06-02 20:34:05.727696,METER-ML-1004,3.039,230.7,14.72,0.895,0,NORMAL
2026-06-02 21:34:05.727696,METER-ML-1004,2.954,234.05,13.79,0.915,0,NORMAL
2026-06-02 22:34:05.727696,METER-ML-1004,2.805,237.34,12.72,0.929,0,NORMAL
2026-06-02 23:34:05.727696,METER-ML-1004,2.478,226.04,12.32,0.89,0,NORMAL
2026-06-03 00:34:05.727696,METER-ML-1004,2.93,227.19,13.3,0.97,0,NORMAL
2026-06-03 01:34:05.727696,METER-ML-1004,2.435,228.73,11.63,0.916,0,NORMAL
2026-06-03 02:34:05.727696,METER-ML-1004,4.007,231.82,18.54,0.932,0,NORMAL
2026-06-03 03:34:05.727696,METER-ML-1004,14.116,230.6,67.88,0.902,1,SURCHARGE_ANORMALE
2026-06-03 04:34:05.727696,METER-ML-1004,3.51,231.62,16.32,0.929,0,NORMAL
2026-06-03 05:34:05.727696,METER-ML-1004,3.54,236.24,16.13,0.929,0,NORMAL
2026-06-03 06:34:05.727696,METER-ML-1004,3.926,232.78,18.31,0.921,0,NORMAL
2026-06-03 07:34:05.727696,METER-ML-1004,4.635,230.96,21.87,0.918,0,NORMAL
2026-06-03 08:34:05.727696,METER-ML-1004,4.587,235.73,20.6,0.945,0,NORMAL
2026-06-03 09:34:05.727696,METER-ML-1004,5.276,226.77,25.09,0.927,0,NORMAL
2026-06-03 10:34:05.727696,METER-ML-1004,5.322,238.69,23.33,0.956,0,NORMAL
2026-06-03 11:34:05.727696,METER-ML-1004,5.292,231.26,23.4,0.978,0,NORMAL
2026-06-03 12:34:05.727696,METER-ML-1004,5.426,229.16,25.51,0.928,0,NORMAL
2026-06-03 13:34:05.727696,METER-ML-1004,0.009,233.15,0.1,0.912,1,CHUTE_SUSPECTE_FRAUDE
2026-06-03 14:34:05.727696,METER-ML-1004,5.604,224.88,26.87,0.927,0,NORMAL
2026-06-03 15:34:05.727696,METER-ML-1004,6.037,228.22,30.05,0.88,0,NORMAL
2026-06-03 16:34:05.727696,METER-ML-1004,5.442,233.9,25.79,0.902,0,NORMAL
2026-06-03 17:34:05.727696,METER-ML-1004,4.927,228.0,23.39,0.924,0,NORMAL
2026-06-03 18:34:05.727696,METER-ML-1004,4.129,231.04,19.33,0.925,0,NORMAL
2026-06-03 19:34:05.727696,METER-ML-1004,3.392,229.32,16.17,0.915,0,NORMAL
2026-06-03 20:34:05.727696,METER-ML-1004,4.045,164.49,18.77,0.456,1,ANOMALIE_TENSION_FP
2026-06-03 21:34:05.727696,METER-ML-1004,3.428,231.2,16.5,0.898,0,NORMAL
2026-06-03 22:34:05.727696,METER-ML-1004,3.209,230.74,15.29,0.909,0,NORMAL
2026-06-03 23:34:05.727696,METER-ML-1004,2.525,234.19,11.69,0.923,0,NORMAL
2026-06-04 00:34:05.727696,METER-ML-1004,3.791,232.5,16.68,0.977,0,NORMAL
2026-06-04 01:34:05.727696,METER-ML-1004,3.812,230.75,18.69,0.884,0,NORMAL
2026-06-04 02:34:05.727696,METER-ML-1004,3.615,234.07,16.23,0.952,0,NORMAL
2026-06-04 03:34:05.727696,METER-ML-1004,3.443,227.33,16.12,0.94,0,NORMAL
2026-06-04 04:34:05.727696,METER-ML-1004,2.969,229.83,13.81,0.935,0,NORMAL
2026-06-04 05:34:05.727696,METER-ML-1004,3.592,231.95,16.52,0.938,0,NORMAL
2026-06-04 06:34:05.727696,METER-ML-1004,3.681,229.37,17.31,0.927,0,NORMAL
2026-06-04 07:34:05.727696,METER-ML-1004,4.499,225.45,20.54,0.972,0,NORMAL
2026-06-04 08:34:05.727696,METER-ML-1004,5.589,225.73,28.79,0.86,0,NORMAL
2026-06-04 09:34:05.727696,METER-ML-1004,4.858,235.42,23.82,0.866,0,NORMAL
2026-06-04 10:34:05.727696,METER-ML-1004,5.14,236.7,23.94,0.907,0,NORMAL
2026-06-04 11:34:05.727696,METER-ML-1004,5.463,234.48,24.18,0.963,0,NORMAL
2026-06-04 12:34:05.727696,METER-ML-1004,5.699,237.62,26.4,0.908,0,NORMAL
2026-06-04 13:34:05.727696,METER-ML-1004,6.239,231.06,29.84,0.905,0,NORMAL
2026-06-04 14:34:05.727696,METER-ML-1004,5.575,234.82,25.56,0.929,0,NORMAL
2026-06-04 15:34:05.727696,METER-ML-1004,5.1,235.41,22.51,0.962,0,NORMAL
2026-06-04 16:34:05.727696,METER-ML-1004,4.968,230.16,24.19,0.892,0,NORMAL
2026-06-04 17:34:05.727696,METER-ML-1004,4.683,227.87,22.25,0.924,0,NORMAL
2026-06-04 18:34:05.727696,METER-ML-1004,4.342,228.69,21.4,0.887,0,NORMAL
2026-06-04 19:34:05.727696,METER-ML-1004,4.187,234.81,19.74,0.903,0,NORMAL
2026-06-04 20:34:05.727696,METER-ML-1004,4.172,229.34,19.9,0.914,0,NORMAL
2026-06-04 21:34:05.727696,METER-ML-1004,2.937,232.45,13.36,0.945,0,NORMAL
2026-06-04 22:34:05.727696,METER-ML-1004,2.919,227.62,14.37,0.893,0,NORMAL
2026-06-04 23:34:05.727696,METER-ML-1004,3.542,224.53,18.48,0.853,0,NORMAL
2026-06-05 00:34:05.727696,METER-ML-1004,3.202,233.97,14.42,0.949,0,NORMAL
2026-06-05 01:34:05.727696,METER-ML-1004,3.679,231.32,16.86,0.943,0,NORMAL
2026-06-05 02:34:05.727696,METER-ML-1004,3.324,226.99,16.88,0.868,0,NORMAL
2026-06-05 03:34:05.727696,METER-ML-1004,3.321,233.26,15.35,0.928,0,NORMAL
2026-06-05 04:34:05.727696,METER-ML-1004,3.837,226.0,18.94,0.897,0,NORMAL
2026-06-05 05:34:05.727696,METER-ML-1004,3.839,229.61,16.89,0.99,0,NORMAL
2026-06-05 06:34:05.727696,METER-ML-1004,3.373,228.74,15.34,0.962,0,NORMAL
2026-06-05 07:34:05.727696,METER-ML-1004,4.743,233.63,20.9,0.972,0,NORMAL
2026-06-05 08:34:05.727696,METER-ML-1004,5.563,229.03,26.2,0.927,0,NORMAL
2026-06-05 09:34:05.727696,METER-ML-1004,5.22,227.52,24.91,0.921,0,NORMAL
2026-06-05 10:34:05.727696,METER-ML-1004,5.251,228.5,25.91,0.887,0,NORMAL
2026-06-05 11:34:05.727696,METER-ML-1004,6.24,229.09,29.9,0.911,0,NORMAL
2026-06-05 12:34:05.727696,METER-ML-1004,6.008,173.34,27.85,0.554,1,ANOMALIE_TENSION_FP
2026-06-05 13:34:05.727696,METER-ML-1004,5.658,229.51,26.79,0.92,0,NORMAL
2026-06-05 14:34:05.727696,METER-ML-1004,5.767,223.6,29.2,0.883,0,NORMAL
2026-06-05 15:34:05.727696,METER-ML-1004,4.903,227.67,23.06,0.934,0,NORMAL
2026-06-05 16:34:05.727696,METER-ML-1004,4.566,223.35,22.16,0.922,0,NORMAL
2026-06-05 17:34:05.727696,METER-ML-1004,4.104,226.67,18.84,0.961,0,NORMAL
2026-06-05 18:34:05.727696,METER-ML-1004,4.446,234.96,20.01,0.946,0,NORMAL
2026-06-05 19:34:05.727696,METER-ML-1004,4.459,227.45,21.66,0.905,0,NORMAL
2026-06-05 20:34:05.727696,METER-ML-1004,4.583,226.61,22.18,0.912,0,NORMAL
2026-06-05 21:34:05.727696,METER-ML-1004,2.611,230.37,12.79,0.886,0,NORMAL
2026-06-05 22:34:05.727696,METER-ML-1004,2.827,229.62,14.29,0.861,0,NORMAL
2026-06-05 23:34:05.727696,METER-ML-1004,2.242,234.29,11.17,0.857,0,NORMAL
2026-06-06 00:34:05.727696,METER-ML-1004,4.057,228.92,18.71,0.947,0,NORMAL
2026-06-06 01:34:05.727696,METER-ML-1004,4.568,229.57,22.41,0.888,0,NORMAL
2026-06-06 02:34:05.727696,METER-ML-1004,4.586,227.34,22.56,0.894,0,NORMAL
2026-06-06 03:34:05.727696,METER-ML-1004,3.811,231.15,17.06,0.967,0,NORMAL
2026-06-06 04:34:05.727696,METER-ML-1004,3.523,228.18,16.68,0.926,0,NORMAL
2026-06-06 05:34:05.727696,METER-ML-1004,4.471,224.26,23.3,0.856,0,NORMAL
2026-06-06 06:34:05.727696,METER-ML-1004,6.336,231.44,30.37,0.902,0,NORMAL
2026-06-06 07:34:05.727696,METER-ML-1004,5.984,233.28,29.26,0.877,0,NORMAL
2026-06-06 08:34:05.727696,METER-ML-1004,6.602,228.77,30.43,0.948,0,NORMAL
2026-06-06 09:34:05.727696,METER-ML-1004,6.265,226.62,31.18,0.887,0,NORMAL
2026-06-06 10:34:05.727696,METER-ML-1004,6.418,231.34,31.16,0.89,0,NORMAL
2026-06-06 11:34:05.727696,METER-ML-1004,7.042,228.44,33.1,0.931,0,NORMAL
2026-06-06 12:34:05.727696,METER-ML-1004,6.798,234.34,31.2,0.93,0,NORMAL
2026-06-06 13:34:05.727696,METER-ML-1004,6.889,161.54,33.51,0.421,1,ANOMALIE_TENSION_FP
2026-06-06 14:34:05.727696,METER-ML-1004,6.807,232.05,31.43,0.933,0,NORMAL
2026-06-06 15:34:05.727696,METER-ML-1004,6.584,236.38,29.24,0.953,0,NORMAL
2026-06-06 16:34:05.727696,METER-ML-1004,6.244,237.7,27.77,0.946,0,NORMAL
2026-06-06 17:34:05.727696,METER-ML-1004,5.617,232.52,27.01,0.894,0,NORMAL
2026-06-06 18:34:05.727696,METER-ML-1004,5.907,233.28,27.71,0.914,0,NORMAL
2026-06-06 19:34:05.727696,METER-ML-1004,4.802,231.21,22.17,0.937,0,NORMAL
2026-06-06 20:34:05.727696,METER-ML-1004,4.581,226.85,22.14,0.912,0,NORMAL
2026-06-06 21:34:05.727696,METER-ML-1004,3.3,229.98,15.18,0.945,0,NORMAL
2026-06-06 22:34:05.727696,METER-ML-1004,4.012,228.34,18.64,0.943,0,NORMAL
2026-06-06 23:34:05.727696,METER-ML-1004,4.195,229.7,20.9,0.874,0,NORMAL
2026-06-07 00:34:05.727696,METER-ML-1004,3.62,226.93,16.31,0.978,0,NORMAL
2026-06-07 01:34:05.727696,METER-ML-1004,4.212,226.29,20.56,0.905,0,NORMAL
2026-06-07 02:34:05.727696,METER-ML-1004,5.001,229.5,24.85,0.877,0,NORMAL
2026-06-07 03:34:05.727696,METER-ML-1004,4.442,225.94,20.28,0.97,0,NORMAL
2026-06-07 04:34:05.727696,METER-ML-1004,5.117,228.7,24.32,0.92,0,NORMAL
2026-06-07 05:34:05.727696,METER-ML-1004,4.002,231.4,17.96,0.963,0,NORMAL
2026-06-07 06:34:05.727696,METER-ML-1004,4.873,228.97,22.47,0.947,0,NORMAL
2026-06-07 07:34:05.727696,METER-ML-1004,6.548,228.15,31.39,0.914,0,NORMAL
2026-06-07 08:34:05.727696,METER-ML-1004,5.459,228.66,25.73,0.928,0,NORMAL
2026-06-07 09:34:05.727696,METER-ML-1004,6.13,231.05,29.88,0.888,0,NORMAL
2026-06-07 10:34:05.727696,METER-ML-1004,6.566,233.15,32.48,0.867,0,NORMAL
2026-06-07 11:34:05.727696,METER-ML-1004,6.894,230.75,32.89,0.908,0,NORMAL
2026-06-07 12:34:05.727696,METER-ML-1004,7.851,228.04,37.36,0.922,0,NORMAL
2026-06-07 13:34:05.727696,METER-ML-1004,7.361,229.89,34.48,0.929,0,NORMAL
2026-06-07 14:34:05.727696,METER-ML-1004,6.81,231.83,32.3,0.909,0,NORMAL
2026-06-07 15:34:05.727696,METER-ML-1004,5.275,224.44,26.06,0.902,0,NORMAL
2026-06-07 16:34:05.727696,METER-ML-1004,5.724,217.61,27.3,0.963,0,NORMAL
2026-06-07 17:34:05.727696,METER-ML-1004,4.298,229.43,20.32,0.922,0,NORMAL
2026-06-07 18:34:05.727696,METER-ML-1004,5.209,230.18,25.1,0.902,0,NORMAL
2026-06-07 19:34:05.727696,METER-ML-1004,4.127,227.16,19.3,0.942,0,NORMAL
2026-06-07 20:34:05.727696,METER-ML-1004,5.16,235.11,23.75,0.924,0,NORMAL
2026-06-07 21:34:05.727696,METER-ML-1004,3.911,169.32,17.86,0.418,1,ANOMALIE_TENSION_FP
2026-06-07 22:34:05.727696,METER-ML-1004,4.851,235.42,21.36,0.965,0,NORMAL
2026-06-07 23:34:05.727696,METER-ML-1004,3.505,223.31,17.28,0.908,0,NORMAL
2026-06-08 00:34:05.727696,METER-ML-1004,3.5,232.46,16.56,0.909,0,NORMAL
2026-06-08 01:34:05.727696,METER-ML-1004,2.896,229.12,13.55,0.933,0,NORMAL
2026-06-08 02:34:05.727696,METER-ML-1004,3.597,231.9,17.37,0.893,0,NORMAL
2026-06-08 03:34:05.727696,METER-ML-1004,3.158,233.42,15.65,0.864,0,NORMAL
2026-06-08 04:34:05.727696,METER-ML-1004,2.982,231.63,13.37,0.963,0,NORMAL
2026-06-08 05:34:05.727696,METER-ML-1004,3.566,231.8,16.68,0.922,0,NORMAL
2026-06-08 06:34:05.727696,METER-ML-1004,4.414,228.09,20.34,0.951,0,NORMAL
2026-06-08 07:34:05.727696,METER-ML-1004,4.601,230.81,21.1,0.945,0,NORMAL
2026-06-08 08:34:05.727696,METER-ML-1004,5.78,230.99,26.33,0.95,0,NORMAL
2026-06-08 09:34:05.727696,METER-ML-1004,4.881,227.43,22.01,0.975,0,NORMAL
2026-06-08 10:34:05.727696,METER-ML-1004,5.258,226.69,23.95,0.968,0,NORMAL
2026-06-08 11:34:05.727696,METER-ML-1004,5.726,229.2,26.72,0.935,0,NORMAL
2026-06-08 12:34:05.727696,METER-ML-1004,5.813,225.82,27.1,0.95,0,NORMAL
2026-06-08 13:34:05.727696,METER-ML-1004,5.504,235.43,24.84,0.941,0,NORMAL
2026-06-08 14:34:05.727696,METER-ML-1004,5.705,229.56,26.73,0.93,0,NORMAL
2026-06-08 15:34:05.727696,METER-ML-1004,5.188,228.42,24.94,0.911,0,NORMAL
2026-06-08 16:34:05.727696,METER-ML-1004,5.335,233.93,24.27,0.94,0,NORMAL
2026-06-08 17:34:05.727696,METER-ML-1004,4.438,223.56,21.63,0.918,0,NORMAL
2026-06-08 18:34:05.727696,METER-ML-1004,4.749,234.07,22.51,0.901,0,NORMAL
2026-06-08 19:34:05.727696,METER-ML-1004,3.759,235.33,17.54,0.911,0,NORMAL
2026-06-08 20:34:05.727696,METER-ML-1004,3.277,229.36,15.48,0.923,0,NORMAL
2026-06-08 21:34:05.727696,METER-ML-1004,3.553,234.54,16.84,0.9,0,NORMAL
2026-06-08 22:34:05.727696,METER-ML-1004,3.164,230.52,14.63,0.938,0,NORMAL
2026-06-08 23:34:05.727696,METER-ML-1004,2.454,156.56,11.2,0.491,1,ANOMALIE_TENSION_FP
2026-06-09 00:34:05.727696,METER-ML-1004,3.592,230.99,16.73,0.929,0,NORMAL
2026-06-09 01:34:05.727696,METER-ML-1004,3.461,232.4,16.81,0.886,0,NORMAL
2026-06-09 02:34:05.727696,METER-ML-1004,4.137,235.57,19.37,0.907,0,NORMAL
2026-06-09 03:34:05.727696,METER-ML-1004,3.729,232.63,17.4,0.921,0,NORMAL
2026-06-09 04:34:05.727696,METER-ML-1004,3.433,234.61,16.0,0.915,0,NORMAL
2026-06-09 05:34:05.727696,METER-ML-1004,0.008,232.18,0.1,0.968,1,CHUTE_SUSPECTE_FRAUDE
2026-06-09 06:34:05.727696,METER-ML-1004,4.376,224.68,21.42,0.909,0,NORMAL
2026-06-09 07:34:05.727696,METER-ML-1004,5.441,231.84,26.32,0.892,0,NORMAL
2026-06-09 08:34:05.727696,METER-ML-1004,4.526,229.12,20.22,0.977,0,NORMAL
2026-06-09 09:34:05.727696,METER-ML-1004,5.874,231.7,27.45,0.924,0,NORMAL
2026-06-09 10:34:05.727696,METER-ML-1004,5.473,225.74,25.37,0.956,0,NORMAL
2026-06-09 11:34:05.727696,METER-ML-1004,5.764,230.0,28.66,0.874,0,NORMAL
2026-06-09 12:34:05.727696,METER-ML-1004,5.722,232.01,26.12,0.944,0,NORMAL
2026-06-09 13:34:05.727696,METER-ML-1004,6.057,227.47,28.6,0.931,0,NORMAL
2026-06-09 14:34:05.727696,METER-ML-1004,5.569,230.06,27.62,0.876,0,NORMAL
2026-06-09 15:34:05.727696,METER-ML-1004,4.667,230.11,22.96,0.884,0,NORMAL
2026-06-09 16:34:05.727696,METER-ML-1004,5.34,237.85,24.34,0.922,0,NORMAL
2026-06-09 17:34:05.727696,METER-ML-1004,4.478,230.58,20.92,0.929,0,NORMAL
2026-06-09 18:34:05.727696,METER-ML-1004,4.373,229.36,20.36,0.937,0,NORMAL
2026-06-09 19:34:05.727696,METER-ML-1004,3.621,231.38,17.42,0.898,0,NORMAL
2026-06-09 20:34:05.727696,METER-ML-1004,3.352,150.6,16.06,0.595,1,ANOMALIE_TENSION_FP
2026-06-09 21:34:05.727696,METER-ML-1004,3.452,226.01,16.97,0.9,0,NORMAL
2026-06-09 22:34:05.727696,METER-ML-1004,2.905,234.09,13.47,0.922,0,NORMAL
2026-06-09 23:34:05.727696,METER-ML-1004,2.51,228.78,11.8,0.93,0,NORMAL
2026-06-10 00:34:05.727696,METER-ML-1004,3.482,232.99,15.67,0.954,0,NORMAL
2026-06-10 01:34:05.727696,METER-ML-1004,3.772,227.28,17.92,0.926,0,NORMAL
2026-06-10 02:34:05.727696,METER-ML-1004,3.468,231.76,17.22,0.869,0,NORMAL
2026-06-10 03:34:05.727696,METER-ML-1004,2.607,229.46,11.98,0.948,0,NORMAL
2026-06-10 04:34:05.727696,METER-ML-1004,3.019,228.06,14.05,0.942,0,NORMAL
2026-06-10 05:34:05.727696,METER-ML-1004,3.453,233.21,16.34,0.906,0,NORMAL
2026-06-10 06:34:05.727696,METER-ML-1004,4.082,231.28,19.01,0.928,0,NORMAL
2026-06-10 07:34:05.727696,METER-ML-1004,4.567,232.38,20.69,0.95,0,NORMAL
2026-06-10 08:34:05.727696,METER-ML-1004,5.356,227.95,24.47,0.96,0,NORMAL
2026-06-10 09:34:05.727696,METER-ML-1004,4.836,228.2,23.65,0.896,0,NORMAL
2026-06-10 10:34:05.727696,METER-ML-1004,5.255,227.14,25.86,0.895,0,NORMAL
2026-06-10 11:34:05.727696,METER-ML-1004,6.248,223.83,29.13,0.958,0,NORMAL
2026-06-10 12:34:05.727696,METER-ML-1004,6.662,233.01,30.54,0.936,0,NORMAL
2026-06-10 13:34:05.727696,METER-ML-1004,5.594,228.23,26.73,0.917,0,NORMAL
2026-06-10 14:34:05.727696,METER-ML-1004,5.095,224.74,24.8,0.914,0,NORMAL
2026-06-10 15:34:05.727696,METER-ML-1004,5.326,228.44,25.03,0.931,0,NORMAL
2026-06-10 16:34:05.727696,METER-ML-1004,5.323,233.79,23.53,0.968,0,NORMAL
2026-06-10 17:34:05.727696,METER-ML-1004,5.012,229.31,24.21,0.903,0,NORMAL
2026-06-10 18:34:05.727696,METER-ML-1004,3.669,230.46,17.26,0.923,0,NORMAL
2026-06-10 19:34:05.727696,METER-ML-1004,4.278,232.9,19.12,0.961,0,NORMAL
2026-06-10 20:34:05.727696,METER-ML-1004,0.054,230.2,0.1,0.94,1,CHUTE_SUSPECTE_FRAUDE
2026-06-10 21:34:05.727696,METER-ML-1004,2.534,222.46,12.08,0.943,0,NORMAL
2026-06-10 22:34:05.727696,METER-ML-1004,2.873,219.52,14.24,0.919,0,NORMAL
2026-06-10 23:34:05.727696,METER-ML-1004,2.395,234.25,11.22,0.911,0,NORMAL
2026-06-11 00:34:05.727696,METER-ML-1004,3.3,226.39,16.32,0.893,0,NORMAL
2026-06-11 01:34:05.727696,METER-ML-1004,3.535,230.87,16.97,0.902,0,NORMAL
2026-06-11 02:34:05.727696,METER-ML-1004,4.129,229.19,19.6,0.919,0,NORMAL
2026-06-11 03:34:05.727696,METER-ML-1004,3.526,234.91,16.02,0.937,0,NORMAL
2026-06-11 04:34:05.727696,METER-ML-1004,3.595,223.47,17.47,0.921,0,NORMAL
2026-06-11 05:34:05.727696,METER-ML-1004,3.398,234.92,17.09,0.846,0,NORMAL
2026-06-11 06:34:05.727696,METER-ML-1004,3.483,225.96,16.8,0.917,0,NORMAL
2026-06-11 07:34:05.727696,METER-ML-1004,4.961,235.82,23.35,0.901,0,NORMAL
2026-06-11 08:34:05.727696,METER-ML-1004,5.176,233.67,23.79,0.931,0,NORMAL
2026-06-11 09:34:05.727696,METER-ML-1004,5.64,232.5,27.84,0.871,0,NORMAL
2026-06-11 10:34:05.727696,METER-ML-1004,0.066,230.87,0.1,0.907,1,CHUTE_SUSPECTE_FRAUDE
2026-06-11 11:34:05.727696,METER-ML-1004,5.823,233.31,26.55,0.94,0,NORMAL
2026-06-11 12:34:05.727696,METER-ML-1004,5.56,234.89,27.6,0.858,0,NORMAL
2026-06-11 13:34:05.727696,METER-ML-1004,5.048,234.29,22.93,0.94,0,NORMAL
2026-06-11 14:34:05.727696,METER-ML-1004,6.021,231.27,29.25,0.89,0,NORMAL
2026-06-11 15:34:05.727696,METER-ML-1004,5.105,226.66,25.01,0.901,0,NORMAL
2026-06-11 16:34:05.727696,METER-ML-1004,4.864,231.49,21.78,0.965,0,NORMAL
2026-06-11 17:34:05.727696,METER-ML-1004,4.56,226.35,20.82,0.968,0,NORMAL
2026-06-11 18:34:05.727696,METER-ML-1004,4.641,232.99,20.77,0.959,0,NORMAL
2026-06-11 19:34:05.727696,METER-ML-1004,4.291,233.31,19.89,0.925,0,NORMAL
2026-06-11 20:34:05.727696,METER-ML-1004,4.284,227.49,20.34,0.926,0,NORMAL
2026-06-11 21:34:05.727696,METER-ML-1004,3.571,232.57,16.5,0.93,0,NORMAL
2026-06-11 22:34:05.727696,METER-ML-1004,2.607,227.26,12.16,0.944,0,NORMAL
2026-06-11 23:34:05.727696,METER-ML-1004,2.457,231.02,11.34,0.937,0,NORMAL
2026-06-12 00:34:05.727696,METER-ML-1004,3.581,232.42,17.08,0.902,0,NORMAL
2026-06-12 01:34:05.727696,METER-ML-1004,3.55,230.68,16.81,0.915,0,NORMAL
2026-06-12 02:34:05.727696,METER-ML-1004,3.205,228.49,14.6,0.961,0,NORMAL
2026-06-12 03:34:05.727696,METER-ML-1004,3.623,230.24,17.17,0.917,0,NORMAL
2026-06-12 04:34:05.727696,METER-ML-1004,3.767,229.34,18.1,0.908,0,NORMAL
2026-06-12 05:34:05.727696,METER-ML-1004,3.002,229.15,13.32,0.983,0,NORMAL
2026-06-12 06:34:05.727696,METER-ML-1004,4.225,228.22,19.99,0.926,0,NORMAL
2026-06-12 07:34:05.727696,METER-ML-1004,4.696,232.09,22.21,0.911,0,NORMAL
2026-06-12 08:34:05.727696,METER-ML-1004,5.085,232.96,25.15,0.868,0,NORMAL
2026-06-12 09:34:05.727696,METER-ML-1004,4.76,234.94,21.77,0.931,0,NORMAL
2026-06-12 10:34:05.727696,METER-ML-1004,5.927,233.25,28.02,0.907,0,NORMAL
2026-06-12 11:34:05.727696,METER-ML-1004,6.539,231.78,32.04,0.881,0,NORMAL
2026-06-12 12:34:05.727696,METER-ML-1004,5.355,227.55,26.38,0.892,0,NORMAL
2026-06-12 13:34:05.727696,METER-ML-1004,5.264,225.89,25.25,0.923,0,NORMAL
2026-06-12 14:34:05.727696,METER-ML-1004,5.737,231.6,25.94,0.955,0,NORMAL
2026-06-12 15:34:05.727696,METER-ML-1004,5.684,221.84,26.49,0.967,0,NORMAL
2026-06-12 16:34:05.727696,METER-ML-1004,5.275,227.84,24.49,0.945,0,NORMAL
2026-06-12 17:34:05.727696,METER-ML-1004,4.947,233.16,23.56,0.9,0,NORMAL
2026-06-12 18:34:05.727696,METER-ML-1004,4.556,234.24,21.4,0.909,0,NORMAL
2026-06-12 19:34:05.727696,METER-ML-1004,3.735,227.23,17.64,0.932,0,NORMAL
2026-06-12 20:34:05.727696,METER-ML-1004,3.718,225.28,17.88,0.923,0,NORMAL
2026-06-12 21:34:05.727696,METER-ML-1004,3.876,230.41,18.45,0.912,0,NORMAL
2026-06-12 22:34:05.727696,METER-ML-1004,2.722,232.37,12.78,0.917,0,NORMAL
2026-06-12 23:34:05.727696,METER-ML-1004,2.063,230.81,9.88,0.905,0,NORMAL
2026-06-13 00:34:05.727696,METER-ML-1004,4.4,228.84,19.97,0.963,0,NORMAL
2026-06-13 01:34:05.727696,METER-ML-1004,4.811,232.92,22.73,0.909,0,NORMAL
2026-06-13 02:34:05.727696,METER-ML-1004,3.888,234.71,18.37,0.902,0,NORMAL
2026-06-13 03:34:05.727696,METER-ML-1004,4.007,228.25,19.53,0.899,0,NORMAL
2026-06-13 04:34:05.727696,METER-ML-1004,3.977,230.42,18.89,0.914,0,NORMAL
2026-06-13 05:34:05.727696,METER-ML-1004,3.791,230.53,17.5,0.939,0,NORMAL
2026-06-13 06:34:05.727696,METER-ML-1004,4.642,223.12,22.29,0.933,0,NORMAL
2026-06-13 07:34:05.727696,METER-ML-1004,4.351,231.09,20.39,0.923,0,NORMAL
2026-06-13 08:34:05.727696,METER-ML-1004,6.083,235.98,27.33,0.943,0,NORMAL
2026-06-13 09:34:05.727696,METER-ML-1004,6.719,229.1,33.44,0.877,0,NORMAL
2026-06-13 10:34:05.727696,METER-ML-1004,6.815,239.88,29.83,0.952,0,NORMAL
2026-06-13 11:34:05.727696,METER-ML-1004,6.535,230.65,30.65,0.924,0,NORMAL
2026-06-13 12:34:05.727696,METER-ML-1004,6.343,226.5,28.93,0.968,0,NORMAL
2026-06-13 13:34:05.727696,METER-ML-1004,6.83,235.58,31.47,0.921,0,NORMAL
2026-06-13 14:34:05.727696,METER-ML-1004,7.508,232.02,33.64,0.962,0,NORMAL
2026-06-13 15:34:05.727696,METER-ML-1004,6.932,223.4,33.99,0.913,0,NORMAL
2026-06-13 16:34:05.727696,METER-ML-1004,5.66,230.18,25.67,0.958,0,NORMAL
2026-06-13 17:34:05.727696,METER-ML-1004,29.176,228.67,139.52,0.914,1,SURCHARGE_ANORMALE
2026-06-13 18:34:05.727696,METER-ML-1004,5.222,223.29,27.37,0.855,0,NORMAL
2026-06-13 19:34:05.727696,METER-ML-1004,5.035,227.1,24.36,0.91,0,NORMAL
2026-06-13 20:34:05.727696,METER-ML-1004,3.671,231.67,16.93,0.936,0,NORMAL
2026-06-13 21:34:05.727696,METER-ML-1004,3.403,228.86,15.93,0.933,0,NORMAL
2026-06-13 22:34:05.727696,METER-ML-1004,3.368,237.39,15.16,0.936,0,NORMAL
2026-06-13 23:34:05.727696,METER-ML-1004,3.948,232.31,19.16,0.887,0,NORMAL
2026-06-14 00:34:05.727696,METER-ML-1004,3.963,229.05,19.2,0.901,0,NORMAL
2026-06-14 01:34:05.727696,METER-ML-1004,3.913,228.62,19.44,0.881,0,NORMAL
2026-06-14 02:34:05.727696,METER-ML-1004,4.291,232.96,20.17,0.913,0,NORMAL
2026-06-14 03:34:05.727696,METER-ML-1004,4.248,221.31,21.89,0.877,0,NORMAL
2026-06-14 04:34:05.727696,METER-ML-1004,4.377,230.24,20.46,0.929,0,NORMAL
2026-06-14 05:34:05.727696,METER-ML-1004,4.947,221.39,22.99,0.972,0,NORMAL
2026-06-14 06:34:05.727696,METER-ML-1004,4.802,218.32,22.95,0.959,0,NORMAL
2026-06-14 07:34:05.727696,METER-ML-1004,6.043,227.84,28.0,0.947,0,NORMAL
2026-06-14 08:34:05.727696,METER-ML-1004,6.318,232.86,29.25,0.928,0,NORMAL
2026-06-14 09:34:05.727696,METER-ML-1004,6.987,232.11,31.76,0.948,0,NORMAL
2026-06-14 10:34:05.727696,METER-ML-1004,6.229,228.2,28.81,0.947,0,NORMAL
2026-06-14 11:34:05.727696,METER-ML-1004,7.347,226.92,32.7,0.99,0,NORMAL
2026-06-14 12:34:05.727696,METER-ML-1004,6.467,228.73,31.11,0.909,0,NORMAL
2026-06-14 13:34:05.727696,METER-ML-1004,7.335,231.24,32.69,0.97,0,NORMAL
2026-06-14 14:34:05.727696,METER-ML-1004,6.508,226.84,31.98,0.897,0,NORMAL
2026-06-14 15:34:05.727696,METER-ML-1004,6.054,225.76,28.48,0.942,0,NORMAL
2026-06-14 16:34:05.727696,METER-ML-1004,6.704,228.7,29.7,0.987,0,NORMAL
2026-06-14 17:34:05.727696,METER-ML-1004,6.046,226.69,29.84,0.894,0,NORMAL
2026-06-14 18:34:05.727696,METER-ML-1004,5.442,237.08,25.03,0.917,0,NORMAL
2026-06-14 19:34:05.727696,METER-ML-1004,4.89,224.62,23.66,0.92,0,NORMAL
2026-06-14 20:34:05.727696,METER-ML-1004,14.692,229.28,64.91,0.987,1,SURCHARGE_ANORMALE
2026-06-14 21:34:05.727696,METER-ML-1004,3.488,229.06,16.93,0.899,0,NORMAL
2026-06-14 22:34:05.727696,METER-ML-1004,3.199,228.08,15.29,0.918,0,NORMAL
2026-06-14 23:34:05.727696,METER-ML-1004,3.431,227.35,16.41,0.92,0,NORMAL
2026-06-15 00:34:05.727696,METER-ML-1004,2.947,227.9,13.61,0.95,0,NORMAL
2026-06-15 01:34:05.727696,METER-ML-1004,3.292,235.89,14.87,0.938,0,NORMAL
2026-06-15 02:34:05.727696,METER-ML-1004,3.938,231.82,18.46,0.92,0,NORMAL
2026-06-15 03:34:05.727696,METER-ML-1004,3.852,229.87,18.69,0.897,0,NORMAL
2026-06-15 04:34:05.727696,METER-ML-1004,3.455,231.34,16.71,0.894,0,NORMAL
2026-06-15 05:34:05.727696,METER-ML-1004,3.455,226.53,16.28,0.937,0,NORMAL
2026-06-15 06:34:05.727696,METER-ML-1004,3.949,227.49,19.25,0.902,0,NORMAL
2026-06-15 07:34:05.727696,METER-ML-1004,4.645,233.78,21.53,0.923,0,NORMAL
2026-06-15 08:34:05.727696,METER-ML-1004,4.727,232.08,22.7,0.897,0,NORMAL
2026-06-15 09:34:05.727696,METER-ML-1004,4.655,230.92,21.78,0.926,0,NORMAL
2026-06-15 10:34:05.727696,METER-ML-1004,5.517,230.61,25.28,0.946,0,NORMAL
2026-06-15 11:34:05.727696,METER-ML-1004,5.953,229.83,27.21,0.952,0,NORMAL
2026-06-15 12:34:05.727696,METER-ML-1004,5.649,234.08,26.03,0.927,0,NORMAL
2026-06-15 13:34:05.727696,METER-ML-1004,6.59,229.2,31.76,0.905,0,NORMAL
2026-06-15 14:34:05.727696,METER-ML-1004,5.437,227.19,24.55,0.975,0,NORMAL
2026-06-15 15:34:05.727696,METER-ML-1004,5.272,225.79,25.79,0.905,0,NORMAL
2026-06-15 16:34:05.727696,METER-ML-1004,5.059,233.88,22.55,0.959,0,NORMAL
2026-06-15 17:34:05.727696,METER-ML-1004,4.978,224.82,24.95,0.887,0,NORMAL
2026-06-15 18:34:05.727696,METER-ML-1004,4.134,229.16,19.8,0.911,0,NORMAL
2026-06-15 19:34:05.727696,METER-ML-1004,4.332,235.09,21.29,0.866,0,NORMAL
2026-06-15 20:34:05.727696,METER-ML-1004,2.923,230.25,13.07,0.971,0,NORMAL
2026-06-15 21:34:05.727696,METER-ML-1004,3.142,231.88,14.65,0.925,0,NORMAL
2026-06-15 22:34:05.727696,METER-ML-1004,3.468,230.37,16.71,0.901,0,NORMAL
2026-06-15 23:34:05.727696,METER-ML-1004,3.065,232.31,14.54,0.907,0,NORMAL
2026-06-16 00:34:05.727696,METER-ML-1004,3.086,232.65,15.29,0.867,0,NORMAL
2026-06-16 01:34:05.727696,METER-ML-1004,2.74,236.52,12.81,0.904,0,NORMAL
2026-06-16 02:34:05.727696,METER-ML-1004,3.383,231.0,15.26,0.96,0,NORMAL
2026-06-16 03:34:05.727696,METER-ML-1004,3.39,230.21,16.43,0.896,0,NORMAL
2026-06-16 04:34:05.727696,METER-ML-1004,3.687,230.29,17.47,0.916,0,NORMAL
2026-06-16 05:34:05.727696,METER-ML-1004,3.817,230.31,18.02,0.92,0,NORMAL
2026-06-16 06:34:05.727696,METER-ML-1004,4.37,227.34,20.32,0.946,0,NORMAL
2026-06-16 07:34:05.727696,METER-ML-1004,4.815,231.89,23.07,0.9,0,NORMAL
2026-06-16 08:34:05.727696,METER-ML-1004,4.377,225.53,21.12,0.919,0,NORMAL
2026-06-16 09:34:05.727696,METER-ML-1004,6.55,233.71,30.39,0.922,0,NORMAL
2026-06-16 10:34:05.727696,METER-ML-1004,6.076,233.82,27.7,0.938,0,NORMAL
2026-06-16 11:34:05.727696,METER-ML-1004,5.309,231.38,24.4,0.94,0,NORMAL
2026-06-16 12:34:05.727696,METER-ML-1004,5.64,236.01,25.44,0.939,0,NORMAL
2026-06-16 13:34:05.727696,METER-ML-1004,5.688,232.06,28.52,0.859,0,NORMAL
2026-06-16 14:34:05.727696,METER-ML-1004,6.134,234.82,28.73,0.909,0,NORMAL
2026-06-16 15:34:05.727696,METER-ML-1004,4.914,230.24,23.17,0.921,0,NORMAL
2026-06-16 16:34:05.727696,METER-ML-1004,4.983,236.16,23.58,0.895,0,NORMAL
2026-06-16 17:34:05.727696,METER-ML-1004,4.445,229.34,20.93,0.926,0,NORMAL
2026-06-16 18:34:05.727696,METER-ML-1004,4.27,230.84,19.41,0.953,0,NORMAL
2026-06-16 19:34:05.727696,METER-ML-1004,4.348,228.73,19.87,0.956,0,NORMAL
2026-06-16 20:34:05.727696,METER-ML-1004,3.073,232.78,14.71,0.898,0,NORMAL
2026-06-16 21:34:05.727696,METER-ML-1004,2.947,227.96,13.99,0.924,0,NORMAL
2026-06-16 22:34:05.727696,METER-ML-1004,2.844,228.87,13.29,0.935,0,NORMAL
2026-06-16 23:34:05.727696,METER-ML-1004,3.145,231.13,15.98,0.851,0,NORMAL
2026-06-17 00:34:05.727696,METER-ML-1004,3.672,228.19,17.63,0.913,0,NORMAL
2026-06-17 01:34:05.727696,METER-ML-1004,4.186,235.5,19.44,0.914,0,NORMAL
2026-06-17 02:34:05.727696,METER-ML-1004,3.643,223.0,18.25,0.895,0,NORMAL
2026-06-17 03:34:05.727696,METER-ML-1004,4.004,232.44,18.55,0.929,0,NORMAL
2026-06-17 04:34:05.727696,METER-ML-1004,3.478,231.0,15.46,0.974,0,NORMAL
2026-06-17 05:34:05.727696,METER-ML-1004,4.092,229.57,19.29,0.924,0,NORMAL
2026-06-17 06:34:05.727696,METER-ML-1004,0.05,222.96,0.1,0.948,1,CHUTE_SUSPECTE_FRAUDE
2026-06-17 07:34:05.727696,METER-ML-1004,4.411,228.29,19.52,0.99,0,NORMAL
2026-06-17 08:34:05.727696,METER-ML-1004,5.098,233.05,23.63,0.926,0,NORMAL
2026-06-17 09:34:05.727696,METER-ML-1004,6.312,227.6,32.04,0.866,0,NORMAL
2026-06-17 10:34:05.727696,METER-ML-1004,5.233,230.55,24.75,0.917,0,NORMAL
2026-06-17 11:34:05.727696,METER-ML-1004,5.385,227.33,25.01,0.947,0,NORMAL
2026-06-17 12:34:05.727696,METER-ML-1004,5.881,231.41,27.73,0.916,0,NORMAL
2026-06-17 13:34:05.727696,METER-ML-1004,6.45,224.03,30.14,0.955,0,NORMAL
2026-06-17 14:34:05.727696,METER-ML-1004,5.475,226.23,26.66,0.908,0,NORMAL
2026-06-17 15:34:05.727696,METER-ML-1004,5.364,237.51,24.96,0.905,0,NORMAL
2026-06-17 16:34:05.727696,METER-ML-1004,4.432,232.65,20.84,0.914,0,NORMAL
2026-06-17 17:34:05.727696,METER-ML-1004,4.7,230.21,21.1,0.968,0,NORMAL
2026-06-17 18:34:05.727696,METER-ML-1004,3.857,231.79,19.09,0.872,0,NORMAL
2026-06-17 19:34:05.727696,METER-ML-1004,4.14,229.73,19.71,0.914,0,NORMAL
2026-06-17 20:34:05.727696,METER-ML-1004,3.626,230.97,15.92,0.986,0,NORMAL
2026-06-17 21:34:05.727696,METER-ML-1004,3.997,226.25,19.21,0.92,0,NORMAL
2026-06-17 22:34:05.727696,METER-ML-1004,2.594,228.96,12.03,0.942,0,NORMAL
2026-06-17 23:34:05.727696,METER-ML-1004,2.381,234.47,11.03,0.92,0,NORMAL
2026-06-18 00:34:05.727696,METER-ML-1004,3.196,227.92,15.83,0.886,0,NORMAL
2026-06-18 01:34:05.727696,METER-ML-1004,3.08,226.66,14.47,0.939,0,NORMAL
2026-06-18 02:34:05.727696,METER-ML-1004,17.737,228.13,80.1,0.971,1,SURCHARGE_ANORMALE
2026-06-18 03:34:05.727696,METER-ML-1004,3.456,226.55,17.8,0.857,0,NORMAL
2026-06-18 04:34:05.727696,METER-ML-1004,2.654,231.88,12.17,0.94,0,NORMAL
2026-06-18 05:34:05.727696,METER-ML-1004,3.411,227.94,15.67,0.955,0,NORMAL
2026-06-18 06:34:05.727696,METER-ML-1004,4.66,237.45,21.86,0.898,0,NORMAL
2026-06-18 07:34:05.727696,METER-ML-1004,4.58,225.87,21.6,0.939,0,NORMAL
2026-06-18 08:34:05.727696,METER-ML-1004,5.019,230.12,23.42,0.931,0,NORMAL
2026-06-18 09:34:05.727696,METER-ML-1004,5.161,228.92,24.83,0.908,0,NORMAL
2026-06-18 10:34:05.727696,METER-ML-1004,5.528,228.35,26.04,0.93,0,NORMAL
2026-06-18 11:34:05.727696,METER-ML-1004,5.925,228.9,28.29,0.915,0,NORMAL
2026-06-18 12:34:05.727696,METER-ML-1004,5.217,234.5,24.14,0.922,0,NORMAL
2026-06-18 13:34:05.727696,METER-ML-1004,6.191,179.17,32.03,0.524,1,ANOMALIE_TENSION_FP
2026-06-18 14:34:05.727696,METER-ML-1004,5.821,230.19,26.49,0.955,0,NORMAL
2026-06-18 15:34:05.727696,METER-ML-1004,5.91,229.87,30.69,0.838,0,NORMAL
2026-06-18 16:34:05.727696,METER-ML-1004,5.15,179.8,24.0,0.52,1,ANOMALIE_TENSION_FP
2026-06-18 17:34:05.727696,METER-ML-1004,4.183,227.61,20.44,0.899,0,NORMAL
2026-06-18 18:34:05.727696,METER-ML-1004,4.229,225.8,20.7,0.905,0,NORMAL
2026-06-18 19:34:05.727696,METER-ML-1004,4.47,229.84,20.8,0.935,0,NORMAL
2026-06-18 20:34:05.727696,METER-ML-1004,3.617,228.49,16.78,0.943,0,NORMAL
2026-06-18 21:34:05.727696,METER-ML-1004,3.328,229.35,15.92,0.911,0,NORMAL
2026-06-18 22:34:05.727696,METER-ML-1004,2.36,240.28,10.91,0.9,0,NORMAL
2026-06-18 23:34:05.727696,METER-ML-1004,2.505,226.45,11.92,0.928,0,NORMAL
2026-06-19 00:34:05.727696,METER-ML-1004,3.196,231.76,15.15,0.911,0,NORMAL
2026-06-19 01:34:05.727696,METER-ML-1004,2.698,234.53,12.59,0.914,0,NORMAL
2026-06-19 02:34:05.727696,METER-ML-1004,3.241,228.92,15.05,0.941,0,NORMAL
2026-06-19 03:34:05.727696,METER-ML-1004,3.772,232.66,17.86,0.908,0,NORMAL
2026-06-19 04:34:05.727696,METER-ML-1004,4.023,223.71,19.5,0.922,0,NORMAL
2026-06-19 05:34:05.727696,METER-ML-1004,3.289,228.6,15.07,0.955,0,NORMAL
2026-06-19 06:34:05.727696,METER-ML-1004,4.362,230.05,20.0,0.948,0,NORMAL
2026-06-19 07:34:05.727696,METER-ML-1004,4.461,227.19,21.4,0.918,0,NORMAL
2026-06-19 08:34:05.727696,METER-ML-1004,4.918,227.26,24.22,0.894,0,NORMAL
2026-06-19 09:34:05.727696,METER-ML-1004,4.999,227.28,23.29,0.944,0,NORMAL
2026-06-19 10:34:05.727696,METER-ML-1004,5.713,228.77,26.43,0.945,0,NORMAL
2026-06-19 11:34:05.727696,METER-ML-1004,6.104,224.4,28.24,0.963,0,NORMAL
2026-06-19 12:34:05.727696,METER-ML-1004,5.3,226.5,24.39,0.96,0,NORMAL
2026-06-19 13:34:05.727696,METER-ML-1004,6.435,232.01,29.54,0.939,0,NORMAL
2026-06-19 14:34:05.727696,METER-ML-1004,5.346,227.99,23.94,0.98,0,NORMAL
2026-06-19 15:34:05.727696,METER-ML-1004,4.805,230.43,24.17,0.862,0,NORMAL
2026-06-19 16:34:05.727696,METER-ML-1004,4.402,231.72,20.97,0.906,0,NORMAL
2026-06-19 17:34:05.727696,METER-ML-1004,5.233,228.92,26.1,0.876,0,NORMAL
2026-06-19 18:34:05.727696,METER-ML-1004,4.631,232.81,22.85,0.871,0,NORMAL
2026-06-19 19:34:05.727696,METER-ML-1004,4.085,235.66,19.12,0.907,0,NORMAL
2026-06-19 20:34:05.727696,METER-ML-1004,3.165,231.24,16.16,0.847,0,NORMAL
2026-06-19 21:34:05.727696,METER-ML-1004,2.894,232.07,13.62,0.915,0,NORMAL
2026-06-19 22:34:05.727696,METER-ML-1004,3.122,233.47,14.26,0.938,0,NORMAL
2026-06-19 23:34:05.727696,METER-ML-1004,2.999,231.15,13.87,0.935,0,NORMAL
2026-06-20 00:34:05.727696,METER-ML-1004,4.485,227.49,21.51,0.917,0,NORMAL
2026-06-20 01:34:05.727696,METER-ML-1004,4.168,229.6,20.89,0.869,0,NORMAL
2026-06-20 02:34:05.727696,METER-ML-1004,4.565,228.92,20.83,0.957,0,NORMAL
2026-06-20 03:34:05.727696,METER-ML-1004,3.946,233.32,19.04,0.888,0,NORMAL
2026-06-20 04:34:05.727696,METER-ML-1004,3.668,228.27,16.93,0.949,0,NORMAL
2026-06-20 05:34:05.727696,METER-ML-1004,4.146,226.04,19.4,0.946,0,NORMAL
2026-06-20 06:34:05.727696,METER-ML-1004,5.733,227.66,26.54,0.949,0,NORMAL
2026-06-20 07:34:05.727696,METER-ML-1004,5.155,229.44,25.04,0.897,0,NORMAL
2026-06-20 08:34:05.727696,METER-ML-1004,5.33,229.03,24.18,0.962,0,NORMAL
2026-06-20 09:34:05.727696,METER-ML-1004,5.459,232.85,24.73,0.948,0,NORMAL
2026-06-20 10:34:05.727696,METER-ML-1004,7.2,235.36,32.21,0.95,0,NORMAL
2026-06-20 11:34:05.727696,METER-ML-1004,6.674,232.79,30.9,0.928,0,NORMAL
2026-06-20 12:34:05.727696,METER-ML-1004,6.426,229.01,29.27,0.959,0,NORMAL
2026-06-20 13:34:05.727696,METER-ML-1004,6.35,227.68,28.9,0.965,0,NORMAL
2026-06-20 14:34:05.727696,METER-ML-1004,5.9,230.74,27.76,0.921,0,NORMAL
2026-06-20 15:34:05.727696,METER-ML-1004,6.285,228.62,29.8,0.922,0,NORMAL
2026-06-20 16:34:05.727696,METER-ML-1004,5.454,235.47,24.79,0.934,0,NORMAL
2026-06-20 17:34:05.727696,METER-ML-1004,4.973,227.17,23.66,0.925,0,NORMAL
2026-06-20 18:34:05.727696,METER-ML-1004,4.472,232.61,21.57,0.891,0,NORMAL
2026-06-20 19:34:05.727696,METER-ML-1004,4.599,229.04,21.79,0.922,0,NORMAL
2026-06-20 20:34:05.727696,METER-ML-1004,4.669,227.05,22.96,0.896,0,NORMAL
2026-06-20 21:34:05.727696,METER-ML-1004,3.794,229.91,17.55,0.94,0,NORMAL
2026-06-20 22:34:05.727696,METER-ML-1004,2.688,226.56,13.31,0.891,0,NORMAL
2026-06-20 23:34:05.727696,METER-ML-1004,3.335,230.45,15.57,0.929,0,NORMAL
2026-06-21 00:34:05.727696,METER-ML-1004,4.944,231.98,22.96,0.928,0,NORMAL
2026-06-21 01:34:05.727696,METER-ML-1004,4.132,235.16,19.06,0.922,0,NORMAL
2026-06-21 02:34:05.727696,METER-ML-1004,3.255,225.78,15.45,0.933,0,NORMAL
2026-06-21 03:34:05.727696,METER-ML-1004,5.248,227.22,25.42,0.908,0,NORMAL
2026-06-21 04:34:05.727696,METER-ML-1004,3.459,229.88,15.8,0.952,0,NORMAL
2026-06-21 05:34:05.727696,METER-ML-1004,4.239,229.13,21.38,0.865,0,NORMAL
2026-06-21 06:34:05.727696,METER-ML-1004,5.233,232.84,24.89,0.903,0,NORMAL
2026-06-21 07:34:05.727696,METER-ML-1004,5.566,230.23,25.23,0.958,0,NORMAL
2026-06-21 08:34:05.727696,METER-ML-1004,5.602,228.14,27.71,0.886,0,NORMAL
2026-06-21 09:34:05.727696,METER-ML-1004,5.608,234.03,26.93,0.89,0,NORMAL
2026-06-21 10:34:05.727696,METER-ML-1004,6.338,223.21,32.05,0.886,0,NORMAL
2026-06-21 11:34:05.727696,METER-ML-1004,7.515,233.64,35.75,0.9,0,NORMAL
2026-06-21 12:34:05.727696,METER-ML-1004,6.869,229.83,32.13,0.93,0,NORMAL
2026-06-21 13:34:05.727696,METER-ML-1004,5.91,228.12,28.23,0.917,0,NORMAL
2026-06-21 14:34:05.727696,METER-ML-1004,6.267,230.17,29.87,0.912,0,NORMAL
2026-06-21 15:34:05.727696,METER-ML-1004,6.076,228.11,29.67,0.898,0,NORMAL
2026-06-21 16:34:05.727696,METER-ML-1004,6.391,225.1,32.55,0.872,0,NORMAL
2026-06-21 17:34:05.727696,METER-ML-1004,4.906,235.99,22.16,0.938,0,NORMAL
2026-06-21 18:34:05.727696,METER-ML-1004,18.895,229.14,92.97,0.887,1,SURCHARGE_ANORMALE
2026-06-21 19:34:05.727696,METER-ML-1004,4.616,227.55,22.11,0.917,0,NORMAL
2026-06-21 20:34:05.727696,METER-ML-1004,4.454,230.02,20.98,0.923,0,NORMAL
2026-06-21 21:34:05.727696,METER-ML-1004,3.232,228.39,16.94,0.835,0,NORMAL
2026-06-21 22:34:05.727696,METER-ML-1004,3.806,228.29,18.65,0.894,0,NORMAL
2026-06-21 23:34:05.727696,METER-ML-1004,3.384,232.27,15.75,0.925,0,NORMAL
2026-06-22 00:34:05.727696,METER-ML-1004,3.337,233.07,15.15,0.945,0,NORMAL
2026-06-22 01:34:05.727696,METER-ML-1004,3.33,230.81,16.03,0.9,0,NORMAL
2026-06-22 02:34:05.727696,METER-ML-1004,3.661,230.02,16.92,0.941,0,NORMAL
2026-06-22 03:34:05.727696,METER-ML-1004,3.475,226.92,16.55,0.925,0,NORMAL
2026-06-22 04:34:05.727696,METER-ML-1004,3.263,228.08,15.94,0.898,0,NORMAL
2026-06-22 05:34:05.727696,METER-ML-1004,3.602,229.09,16.94,0.928,0,NORMAL
2026-06-22 06:34:05.727696,METER-ML-1004,4.221,230.91,20.14,0.908,0,NORMAL
2026-06-22 07:34:05.727696,METER-ML-1004,4.278,232.25,21.19,0.869,0,NORMAL
2026-06-22 08:34:05.727696,METER-ML-1004,4.879,232.61,22.24,0.943,0,NORMAL
2026-06-22 09:34:05.727696,METER-ML-1004,5.248,230.91,24.23,0.938,0,NORMAL
2026-06-22 10:34:05.727696,METER-ML-1004,4.991,230.43,23.95,0.905,0,NORMAL
2026-06-22 11:34:05.727696,METER-ML-1004,5.996,232.13,26.92,0.96,0,NORMAL
2026-06-22 12:34:05.727696,METER-ML-1004,6.034,231.82,28.33,0.919,0,NORMAL
2026-06-22 13:34:05.727696,METER-ML-1004,5.421,227.72,25.36,0.939,0,NORMAL
2026-06-22 14:34:05.727696,METER-ML-1004,5.576,233.45,27.2,0.878,0,NORMAL
2026-06-22 15:34:05.727696,METER-ML-1004,28.987,231.13,140.95,0.89,1,SURCHARGE_ANORMALE
2026-06-22 16:34:05.727696,METER-ML-1004,5.77,230.98,27.23,0.917,0,NORMAL
2026-06-22 17:34:05.727696,METER-ML-1004,4.411,231.17,20.4,0.935,0,NORMAL
2026-06-22 18:34:05.727696,METER-ML-1004,3.585,231.94,16.1,0.96,0,NORMAL
2026-06-22 19:34:05.727696,METER-ML-1004,3.816,233.0,18.14,0.903,0,NORMAL
2026-06-22 20:34:05.727696,METER-ML-1004,3.307,224.8,15.74,0.935,0,NORMAL
2026-06-22 21:34:05.727696,METER-ML-1004,3.762,231.8,17.17,0.945,0,NORMAL
2026-06-22 22:34:05.727696,METER-ML-1004,2.222,229.34,10.36,0.935,0,NORMAL
2026-06-22 23:34:05.727696,METER-ML-1004,2.809,228.66,13.14,0.935,0,NORMAL
2026-06-23 00:34:05.727696,METER-ML-1004,4.457,227.76,23.01,0.85,0,NORMAL
2026-06-23 01:34:05.727696,METER-ML-1004,3.554,232.37,17.88,0.855,0,NORMAL
2026-06-23 02:34:05.727696,METER-ML-1004,3.601,227.14,17.29,0.917,0,NORMAL
2026-06-23 03:34:05.727696,METER-ML-1004,3.833,231.71,17.47,0.947,0,NORMAL
2026-06-23 04:34:05.727696,METER-ML-1004,4.258,227.02,20.49,0.916,0,NORMAL
2026-06-23 05:34:05.727696,METER-ML-1004,4.245,227.31,20.75,0.9,0,NORMAL
2026-06-23 06:34:05.727696,METER-ML-1004,4.263,228.38,20.04,0.932,0,NORMAL
2026-06-23 07:34:05.727696,METER-ML-1004,4.553,235.98,21.58,0.894,0,NORMAL
2026-06-23 08:34:05.727696,METER-ML-1004,5.092,230.29,24.66,0.897,0,NORMAL
2026-06-23 09:34:05.727696,METER-ML-1004,5.456,232.2,25.15,0.934,0,NORMAL
2026-06-23 10:34:05.727696,METER-ML-1004,5.422,225.98,25.77,0.931,0,NORMAL
2026-06-23 11:34:05.727696,METER-ML-1004,5.632,231.19,26.51,0.919,0,NORMAL
2026-06-23 12:34:05.727696,METER-ML-1004,6.2,234.3,27.74,0.954,0,NORMAL
2026-06-23 13:34:05.727696,METER-ML-1004,5.231,228.78,25.21,0.907,0,NORMAL
2026-06-23 14:34:05.727696,METER-ML-1004,5.048,227.36,23.29,0.953,0,NORMAL
2026-06-23 15:34:05.727696,METER-ML-1004,5.05,237.3,25.12,0.847,0,NORMAL
2026-06-23 16:34:05.727696,METER-ML-1004,4.649,232.02,23.58,0.85,0,NORMAL
2026-06-23 17:34:05.727696,METER-ML-1004,4.359,234.44,19.82,0.938,0,NORMAL
2026-06-23 18:34:05.727696,METER-ML-1004,4.907,232.86,23.08,0.913,0,NORMAL
2026-06-23 19:34:05.727696,METER-ML-1004,4.417,234.37,20.38,0.925,0,NORMAL
2026-06-23 20:34:05.727696,METER-ML-1004,3.117,236.84,14.91,0.883,0,NORMAL
2026-06-23 21:34:05.727696,METER-ML-1004,3.299,229.91,16.2,0.886,0,NORMAL
2026-06-23 22:34:05.727696,METER-ML-1004,3.07,229.7,14.51,0.921,0,NORMAL
2026-06-23 23:34:05.727696,METER-ML-1004,2.709,226.03,13.14,0.912,0,NORMAL
2026-06-24 00:34:05.727696,METER-ML-1004,4.145,227.5,20.71,0.88,0,NORMAL
2026-06-24 01:34:05.727696,METER-ML-1004,4.211,234.92,19.58,0.916,0,NORMAL
2026-06-24 02:34:05.727696,METER-ML-1004,3.237,232.35,16.16,0.862,0,NORMAL
2026-06-24 03:34:05.727696,METER-ML-1004,4.028,228.69,18.91,0.932,0,NORMAL
2026-06-24 04:34:05.727696,METER-ML-1004,3.059,233.8,14.66,0.892,0,NORMAL
2026-06-24 05:34:05.727696,METER-ML-1004,17.436,229.03,80.36,0.947,1,SURCHARGE_ANORMALE
2026-06-24 06:34:05.727696,METER-ML-1004,4.37,230.25,21.26,0.893,0,NORMAL
2026-06-24 07:34:05.727696,METER-ML-1004,5.329,226.86,28.13,0.835,0,NORMAL
2026-06-24 08:34:05.727696,METER-ML-1004,4.809,224.58,24.23,0.884,0,NORMAL
2026-06-24 09:34:05.727696,METER-ML-1004,5.538,237.05,26.38,0.886,0,NORMAL
2026-06-24 10:34:05.727696,METER-ML-1004,5.451,230.96,25.48,0.926,0,NORMAL
2026-06-24 11:34:05.727696,METER-ML-1004,5.763,228.43,28.14,0.897,0,NORMAL
2026-06-24 12:34:05.727696,METER-ML-1004,5.306,232.27,23.89,0.956,0,NORMAL
2026-06-24 13:34:05.727696,METER-ML-1004,5.23,232.58,22.91,0.982,0,NORMAL
2026-06-24 14:34:05.727696,METER-ML-1004,5.201,227.65,24.11,0.948,0,NORMAL
2026-06-24 15:34:05.727696,METER-ML-1004,6.067,227.66,28.37,0.939,0,NORMAL
2026-06-24 16:34:05.727696,METER-ML-1004,4.969,232.75,21.92,0.974,0,NORMAL
2026-06-24 17:34:05.727696,METER-ML-1004,4.486,228.6,20.96,0.936,0,NORMAL
2026-06-24 18:34:05.727696,METER-ML-1004,3.646,231.69,16.71,0.942,0,NORMAL
2026-06-24 19:34:05.727696,METER-ML-1004,4.089,225.81,18.96,0.955,0,NORMAL
2026-06-24 20:34:05.727696,METER-ML-1004,3.603,230.61,16.79,0.93,0,NORMAL
2026-06-24 21:34:05.727696,METER-ML-1004,2.769,232.63,12.98,0.917,0,NORMAL
2026-06-24 22:34:05.727696,METER-ML-1004,3.402,232.75,15.53,0.941,0,NORMAL
2026-06-24 23:34:05.727696,METER-ML-1004,0.044,234.4,0.1,0.911,1,CHUTE_SUSPECTE_FRAUDE
2026-06-25 00:34:05.727696,METER-ML-1004,3.287,232.51,15.66,0.903,0,NORMAL
2026-06-25 01:34:05.727696,METER-ML-1004,3.468,231.21,15.88,0.945,0,NORMAL
2026-06-25 02:34:05.727696,METER-ML-1004,3.175,230.54,14.32,0.961,0,NORMAL
2026-06-25 03:34:05.727696,METER-ML-1004,3.52,223.74,16.74,0.94,0,NORMAL
2026-06-25 04:34:05.727696,METER-ML-1004,3.532,233.02,16.11,0.941,0,NORMAL
2026-06-25 05:34:05.727696,METER-ML-1004,3.207,227.93,15.09,0.932,0,NORMAL
2026-06-25 06:34:05.727696,METER-ML-1004,4.509,226.6,20.22,0.984,0,NORMAL
2026-06-25 07:34:05.727696,METER-ML-1004,3.917,230.91,18.48,0.918,0,NORMAL
2026-06-25 08:34:05.727696,METER-ML-1004,4.628,229.59,22.3,0.904,0,NORMAL
2026-06-25 09:34:05.727696,METER-ML-1004,5.2,228.95,24.91,0.912,0,NORMAL
2026-06-25 10:34:05.727696,METER-ML-1004,6.087,228.95,29.47,0.902,0,NORMAL
2026-06-25 11:34:05.727696,METER-ML-1004,23.687,228.55,108.32,0.957,1,SURCHARGE_ANORMALE
2026-06-25 12:34:05.727696,METER-ML-1004,4.893,233.04,21.81,0.963,0,NORMAL
2026-06-25 13:34:05.727696,METER-ML-1004,4.76,232.14,21.79,0.941,0,NORMAL
2026-06-25 14:34:05.727696,METER-ML-1004,6.217,234.82,27.82,0.952,0,NORMAL
2026-06-25 15:34:05.727696,METER-ML-1004,5.984,228.43,28.45,0.921,0,NORMAL
2026-06-25 16:34:05.727696,METER-ML-1004,5.54,229.62,26.08,0.925,0,NORMAL
2026-06-25 17:34:05.727696,METER-ML-1004,5.014,228.72,24.15,0.908,0,NORMAL
2026-06-25 18:34:05.727696,METER-ML-1004,4.489,232.01,21.5,0.9,0,NORMAL
2026-06-25 19:34:05.727696,METER-ML-1004,3.89,231.03,18.93,0.889,0,NORMAL
2026-06-25 20:34:05.727696,METER-ML-1004,3.773,232.98,17.38,0.932,0,NORMAL
2026-06-25 21:34:05.727696,METER-ML-1004,3.322,231.0,16.62,0.865,0,NORMAL
2026-06-25 22:34:05.727696,METER-ML-1004,3.4,226.32,16.76,0.897,0,NORMAL
2026-06-25 23:34:05.727696,METER-ML-1004,2.761,224.75,12.89,0.953,0,NORMAL
2026-06-26 00:34:05.727696,METER-ML-1004,3.288,230.49,15.33,0.93,0,NORMAL
2026-06-26 01:34:05.727696,METER-ML-1004,3.477,231.82,16.37,0.917,0,NORMAL
2026-06-26 02:34:05.727696,METER-ML-1004,3.957,236.99,18.74,0.891,0,NORMAL
2026-06-26 03:34:05.727696,METER-ML-1004,3.231,234.49,15.57,0.885,0,NORMAL
2026-06-26 04:34:05.727696,METER-ML-1004,3.902,235.89,18.58,0.89,0,NORMAL
2026-06-26 05:34:05.727696,METER-ML-1004,0.042,234.29,0.1,0.918,1,CHUTE_SUSPECTE_FRAUDE
2026-06-26 06:34:05.727696,METER-ML-1004,3.493,229.73,15.87,0.958,0,NORMAL
2026-06-26 07:34:05.727696,METER-ML-1004,4.48,232.61,20.43,0.943,0,NORMAL
2026-06-26 08:34:05.727696,METER-ML-1004,5.163,229.54,24.65,0.913,0,NORMAL
2026-06-26 09:34:05.727696,METER-ML-1004,6.13,226.41,29.71,0.911,0,NORMAL
2026-06-26 10:34:05.727696,METER-ML-1004,5.82,227.51,27.8,0.92,0,NORMAL
2026-06-26 11:34:05.727696,METER-ML-1004,31.24,231.37,151.9,0.889,1,SURCHARGE_ANORMALE
2026-06-26 12:34:05.727696,METER-ML-1004,6.176,236.11,29.74,0.88,0,NORMAL
2026-06-26 13:34:05.727696,METER-ML-1004,5.453,231.99,25.54,0.92,0,NORMAL
2026-06-26 14:34:05.727696,METER-ML-1004,6.242,226.2,30.01,0.92,0,NORMAL
2026-06-26 15:34:05.727696,METER-ML-1004,6.624,224.94,34.21,0.861,0,NORMAL
2026-06-26 16:34:05.727696,METER-ML-1004,4.164,232.25,19.47,0.921,0,NORMAL
2026-06-26 17:34:05.727696,METER-ML-1004,4.733,223.8,21.94,0.964,0,NORMAL
2026-06-26 18:34:05.727696,METER-ML-1004,4.775,227.09,24.33,0.864,0,NORMAL
2026-06-26 19:34:05.727696,METER-ML-1004,3.645,233.72,16.97,0.919,0,NORMAL
2026-06-26 20:34:05.727696,METER-ML-1004,3.217,232.55,15.11,0.916,0,NORMAL
2026-06-26 21:34:05.727696,METER-ML-1004,3.073,228.0,15.33,0.879,0,NORMAL
2026-06-26 22:34:05.727696,METER-ML-1004,2.942,232.31,14.5,0.873,0,NORMAL
2026-06-26 23:34:05.727696,METER-ML-1004,2.989,232.69,13.85,0.928,0,NORMAL
2026-06-27 00:34:05.727696,METER-ML-1004,3.807,227.44,18.53,0.903,0,NORMAL
2026-06-27 01:34:05.727696,METER-ML-1004,4.723,237.08,22.29,0.894,0,NORMAL
2026-06-27 02:34:05.727696,METER-ML-1004,4.112,231.15,19.3,0.922,0,NORMAL
2026-06-27 03:34:05.727696,METER-ML-1004,4.156,232.19,19.45,0.92,0,NORMAL
2026-06-27 04:34:05.727696,METER-ML-1004,13.46,233.33,63.42,0.91,1,SURCHARGE_ANORMALE
2026-06-27 05:34:05.727696,METER-ML-1004,3.468,232.53,16.52,0.903,0,NORMAL
2026-06-27 06:34:05.727696,METER-ML-1004,3.796,232.6,17.26,0.946,0,NORMAL
2026-06-27 07:34:05.727696,METER-ML-1004,5.179,227.82,25.11,0.905,0,NORMAL
2026-06-27 08:34:05.727696,METER-ML-1004,5.083,231.81,23.52,0.932,0,NORMAL
2026-06-27 09:34:05.727696,METER-ML-1004,5.602,232.4,25.93,0.93,0,NORMAL
2026-06-27 10:34:05.727696,METER-ML-1004,6.32,234.15,28.11,0.96,0,NORMAL
2026-06-27 11:34:05.727696,METER-ML-1004,7.006,228.38,32.52,0.943,0,NORMAL
2026-06-27 12:34:05.727696,METER-ML-1004,7.471,233.24,33.77,0.949,0,NORMAL
2026-06-27 13:34:05.727696,METER-ML-1004,6.715,234.92,30.91,0.925,0,NORMAL
2026-06-27 14:34:05.727696,METER-ML-1004,6.163,229.41,29.24,0.919,0,NORMAL
2026-06-27 15:34:05.727696,METER-ML-1004,6.456,234.77,29.91,0.92,0,NORMAL
2026-06-27 16:34:05.727696,METER-ML-1004,5.865,221.3,29.37,0.902,0,NORMAL
2026-06-27 17:34:05.727696,METER-ML-1004,21.347,229.3,100.77,0.924,1,SURCHARGE_ANORMALE
2026-06-27 18:34:05.727696,METER-ML-1004,4.463,240.26,19.05,0.975,0,NORMAL
2026-06-27 19:34:05.727696,METER-ML-1004,4.005,233.31,18.98,0.905,0,NORMAL
2026-06-27 20:34:05.727696,METER-ML-1004,4.021,169.26,17.83,0.593,1,ANOMALIE_TENSION_FP
2026-06-27 21:34:05.727696,METER-ML-1004,3.014,232.62,14.63,0.886,0,NORMAL
2026-06-27 22:34:05.727696,METER-ML-1004,3.334,226.76,15.65,0.939,0,NORMAL
2026-06-27 23:34:05.727696,METER-ML-1004,3.019,225.81,14.84,0.901,0,NORMAL
2026-06-28 00:34:05.727696,METER-ML-1004,3.419,229.29,16.08,0.927,0,NORMAL
2026-06-28 01:34:05.727696,METER-ML-1004,3.619,230.19,17.06,0.922,0,NORMAL
2026-06-28 02:34:05.727696,METER-ML-1004,4.122,236.88,19.19,0.907,0,NORMAL
2026-06-28 03:34:05.727696,METER-ML-1004,4.802,235.96,22.92,0.888,0,NORMAL
2026-06-28 04:34:05.727696,METER-ML-1004,4.478,223.69,23.29,0.86,0,NORMAL
2026-06-28 05:34:05.727696,METER-ML-1004,3.687,228.55,18.0,0.896,0,NORMAL
2026-06-28 06:34:05.727696,METER-ML-1004,4.76,236.44,22.07,0.912,0,NORMAL
2026-06-28 07:34:05.727696,METER-ML-1004,5.966,231.39,27.36,0.942,0,NORMAL
2026-06-28 08:34:05.727696,METER-ML-1004,6.0,230.8,26.94,0.965,0,NORMAL
2026-06-28 09:34:05.727696,METER-ML-1004,6.742,228.99,31.87,0.924,0,NORMAL
2026-06-28 10:34:05.727696,METER-ML-1004,6.358,233.16,29.9,0.912,0,NORMAL
2026-06-28 11:34:05.727696,METER-ML-1004,6.094,232.34,31.03,0.845,0,NORMAL
2026-06-28 12:34:05.727696,METER-ML-1004,6.573,230.36,32.0,0.892,0,NORMAL
2026-06-28 13:34:05.727696,METER-ML-1004,6.221,233.96,29.5,0.901,0,NORMAL
2026-06-28 14:34:05.727696,METER-ML-1004,6.606,228.44,31.43,0.92,0,NORMAL
2026-06-28 15:34:05.727696,METER-ML-1004,6.531,231.63,31.43,0.897,0,NORMAL
2026-06-28 16:34:05.727696,METER-ML-1004,6.198,231.42,27.76,0.965,0,NORMAL
2026-06-28 17:34:05.727696,METER-ML-1004,0.086,227.17,0.1,0.93,1,CHUTE_SUSPECTE_FRAUDE
2026-06-28 18:34:05.727696,METER-ML-1004,5.546,231.59,26.23,0.913,0,NORMAL
2026-06-28 19:34:05.727696,METER-ML-1004,5.964,233.44,28.87,0.885,0,NORMAL
2026-06-28 20:34:05.727696,METER-ML-1004,3.825,229.89,18.68,0.891,0,NORMAL
2026-06-28 21:34:05.727696,METER-ML-1004,3.843,226.64,17.54,0.967,0,NORMAL
2026-06-28 22:34:05.727696,METER-ML-1004,3.774,232.03,18.74,0.868,0,NORMAL
2026-06-28 23:34:05.727696,METER-ML-1004,3.754,231.91,17.75,0.912,0,NORMAL
2026-06-29 00:34:05.727696,METER-ML-1004,3.277,230.41,15.47,0.919,0,NORMAL
2026-06-29 01:34:05.727696,METER-ML-1004,3.442,230.06,16.75,0.893,0,NORMAL
2026-06-29 02:34:05.727696,METER-ML-1004,3.747,234.06,17.8,0.899,0,NORMAL
2026-06-29 03:34:05.727696,METER-ML-1004,3.527,231.48,16.09,0.947,0,NORMAL
2026-06-29 04:34:05.727696,METER-ML-1004,4.016,226.46,19.11,0.928,0,NORMAL
2026-06-29 05:34:05.727696,METER-ML-1004,4.173,236.96,18.74,0.94,0,NORMAL
2026-06-29 06:34:05.727696,METER-ML-1004,4.588,229.71,22.97,0.87,0,NORMAL
2026-06-29 07:34:05.727696,METER-ML-1004,4.28,230.98,20.18,0.918,0,NORMAL
2026-06-29 08:34:05.727696,METER-ML-1004,5.773,231.23,26.66,0.937,0,NORMAL
2026-06-29 09:34:05.727696,METER-ML-1004,5.293,231.16,24.85,0.921,0,NORMAL
2026-06-29 10:34:05.727696,METER-ML-1004,5.382,240.22,24.21,0.925,0,NORMAL
2026-06-29 11:34:05.727696,METER-ML-1004,6.32,231.22,30.43,0.898,0,NORMAL
2026-06-29 12:34:05.727696,METER-ML-1004,5.167,231.99,23.59,0.944,0,NORMAL
2026-06-29 13:34:05.727696,METER-ML-1004,5.884,155.43,27.45,0.582,1,ANOMALIE_TENSION_FP
2026-06-29 14:34:05.727696,METER-ML-1004,5.495,227.78,27.08,0.891,0,NORMAL
2026-06-29 15:34:05.727696,METER-ML-1004,5.919,226.17,28.38,0.922,0,NORMAL
2026-06-29 16:34:05.727696,METER-ML-1004,5.123,230.8,24.72,0.898,0,NORMAL
2026-06-29 17:34:05.727696,METER-ML-1004,4.528,233.15,21.89,0.887,0,NORMAL
2026-06-29 18:34:05.727696,METER-ML-1004,4.533,224.81,22.61,0.892,0,NORMAL
2026-06-29 19:34:05.727696,METER-ML-1004,3.901,240.07,16.41,0.99,0,NORMAL
2026-06-29 20:34:05.727696,METER-ML-1004,3.365,230.11,14.87,0.984,0,NORMAL
2026-06-29 21:34:05.727696,METER-ML-1004,3.402,232.74,15.35,0.952,0,NORMAL
2026-06-29 22:34:05.727696,METER-ML-1004,2.813,224.83,13.52,0.926,0,NORMAL
2026-06-29 23:34:05.727696,METER-ML-1004,3.273,226.83,15.58,0.926,0,NORMAL
2026-06-30 00:34:05.727696,METER-ML-1004,3.754,231.46,17.58,0.923,0,NORMAL
2026-06-30 01:34:05.727696,METER-ML-1004,3.19,225.81,14.39,0.982,0,NORMAL
2026-06-30 02:34:05.727696,METER-ML-1004,3.569,230.41,17.18,0.902,0,NORMAL
2026-06-30 03:34:05.727696,METER-ML-1004,3.914,230.28,18.13,0.938,0,NORMAL
2026-06-30 04:34:05.727696,METER-ML-1004,3.05,227.73,15.4,0.87,0,NORMAL
2026-06-30 05:34:05.727696,METER-ML-1004,3.615,223.81,17.03,0.948,0,NORMAL
2026-06-30 06:34:05.727696,METER-ML-1004,4.821,230.95,21.7,0.962,0,NORMAL
2026-06-30 07:34:05.727696,METER-ML-1004,0.016,228.35,0.1,0.938,1,CHUTE_SUSPECTE_FRAUDE
2026-06-30 08:34:05.727696,METER-ML-1004,5.951,229.54,28.74,0.902,0,NORMAL
2026-06-30 09:34:05.727696,METER-ML-1004,5.531,237.6,25.9,0.899,0,NORMAL
2026-06-30 10:34:05.727696,METER-ML-1004,6.518,229.41,30.49,0.932,0,NORMAL
2026-06-30 11:34:05.727696,METER-ML-1004,6.329,228.38,29.69,0.933,0,NORMAL
2026-06-30 12:34:05.727696,METER-ML-1004,5.081,232.79,23.89,0.913,0,NORMAL
2026-06-30 13:34:05.727696,METER-ML-1004,5.052,230.34,23.41,0.937,0,NORMAL
2026-06-30 14:34:05.727696,METER-ML-1004,5.325,234.52,25.85,0.878,0,NORMAL
2026-06-30 15:34:05.727696,METER-ML-1004,5.46,235.45,24.74,0.937,0,NORMAL
2026-06-30 16:34:05.727696,METER-ML-1004,5.158,232.45,22.47,0.987,0,NORMAL
2026-06-30 17:34:05.727696,METER-ML-1004,4.513,232.82,21.22,0.914,0,NORMAL
2026-06-30 18:34:05.727696,METER-ML-1004,3.67,233.24,17.1,0.92,0,NORMAL
2026-06-30 19:34:05.727696,METER-ML-1004,22.157,230.81,103.62,0.926,1,SURCHARGE_ANORMALE
2026-06-30 20:34:05.727696,METER-ML-1004,3.832,230.53,18.53,0.897,0,NORMAL
2026-06-30 21:34:05.727696,METER-ML-1004,2.329,228.77,11.26,0.904,0,NORMAL
2026-06-30 22:34:05.727696,METER-ML-1004,3.004,221.72,14.69,0.922,0,NORMAL
2026-06-30 23:34:05.727696,METER-ML-1004,2.821,233.76,13.84,0.872,0,NORMAL
2026-07-01 00:34:05.727696,METER-ML-1004,3.225,232.35,15.1,0.919,0,NORMAL
2026-07-01 01:34:05.727696,METER-ML-1004,3.192,231.15,15.06,0.917,0,NORMAL
2026-07-01 02:34:05.727696,METER-ML-1004,3.035,233.06,14.3,0.91,0,NORMAL
2026-07-01 03:34:05.727696,METER-ML-1004,4.06,235.75,19.07,0.903,0,NORMAL
2026-07-01 04:34:05.727696,METER-ML-1004,3.243,236.94,13.83,0.99,0,NORMAL
2026-07-01 05:34:05.727696,METER-ML-1004,3.516,232.25,16.37,0.925,0,NORMAL
2026-07-01 06:34:05.727696,METER-ML-1004,4.366,230.74,20.21,0.936,0,NORMAL
2026-07-01 07:34:05.727696,METER-ML-1004,4.27,235.79,19.47,0.93,0,NORMAL
2026-07-01 08:34:05.727696,METER-ML-1004,4.754,226.87,22.23,0.943,0,NORMAL
2026-07-01 09:34:05.727696,METER-ML-1004,5.992,225.4,29.03,0.916,0,NORMAL
2026-07-01 10:34:05.727696,METER-ML-1004,6.094,229.57,27.76,0.956,0,NORMAL
2026-07-01 11:34:05.727696,METER-ML-1004,4.734,228.72,21.11,0.98,0,NORMAL
2026-07-01 12:34:05.727696,METER-ML-1004,5.864,233.33,29.13,0.863,0,NORMAL
2026-07-01 13:34:05.727696,METER-ML-1004,5.927,226.44,28.79,0.909,0,NORMAL
2026-07-01 14:34:05.727696,METER-ML-1004,5.517,231.93,25.39,0.937,0,NORMAL
2026-07-01 15:34:05.727696,METER-ML-1004,27.406,226.95,130.66,0.924,1,SURCHARGE_ANORMALE
2026-07-01 16:34:05.727696,METER-ML-1004,4.391,233.9,19.51,0.962,0,NORMAL
2026-07-01 17:34:05.727696,METER-ML-1004,4.379,230.69,20.44,0.929,0,NORMAL
2026-07-01 18:34:05.727696,METER-ML-1004,3.929,229.59,19.92,0.859,0,NORMAL
2026-07-01 19:34:05.727696,METER-ML-1004,3.801,231.11,17.66,0.931,0,NORMAL
2026-07-01 20:34:05.727696,METER-ML-1004,3.999,235.38,18.54,0.916,0,NORMAL
2026-07-01 21:34:05.727696,METER-ML-1004,3.763,229.96,18.12,0.903,0,NORMAL
2026-07-01 22:34:05.727696,METER-ML-1004,2.802,230.0,12.95,0.941,0,NORMAL
2026-07-01 23:34:05.727696,METER-ML-1004,2.413,231.13,10.81,0.966,0,NORMAL
2026-07-02 00:34:05.727696,METER-ML-1004,3.168,228.88,15.65,0.885,0,NORMAL
2026-07-02 01:34:05.727696,METER-ML-1004,3.236,225.27,16.44,0.874,0,NORMAL
2026-07-02 02:34:05.727696,METER-ML-1004,3.587,234.15,17.28,0.887,0,NORMAL
2026-07-02 03:34:05.727696,METER-ML-1004,3.579,231.84,16.42,0.94,0,NORMAL
2026-07-02 04:34:05.727696,METER-ML-1004,4.465,231.86,22.06,0.873,0,NORMAL
2026-07-02 05:34:05.727696,METER-ML-1004,3.522,228.33,16.89,0.913,0,NORMAL
2026-07-02 06:34:05.727696,METER-ML-1004,4.159,227.99,21.09,0.865,0,NORMAL
2026-07-02 07:34:05.727696,METER-ML-1004,4.46,237.5,20.48,0.917,0,NORMAL
2026-07-02 08:34:05.727696,METER-ML-1004,5.121,230.21,25.6,0.869,0,NORMAL
2026-07-02 09:34:05.727696,METER-ML-1004,5.171,222.89,24.66,0.941,0,NORMAL
2026-07-02 10:34:05.727696,METER-ML-1004,0.078,227.67,0.1,0.872,1,CHUTE_SUSPECTE_FRAUDE
2026-07-02 11:34:05.727696,METER-ML-1004,5.178,231.63,23.71,0.943,0,NORMAL
2026-07-02 12:34:05.727696,METER-ML-1004,5.513,234.3,26.65,0.883,0,NORMAL
2026-07-02 13:34:05.727696,METER-ML-1004,6.066,229.68,28.05,0.941,0,NORMAL
2026-07-02 14:34:05.727696,METER-ML-1004,5.211,233.36,24.04,0.929,0,NORMAL
2026-07-02 15:34:05.727696,METER-ML-1004,5.63,231.99,26.02,0.932,0,NORMAL
2026-07-02 16:34:05.727696,METER-ML-1004,4.7,225.5,22.42,0.929,0,NORMAL
2026-07-02 17:34:05.727696,METER-ML-1004,4.444,229.0,21.64,0.897,0,NORMAL
2026-07-02 18:34:05.727696,METER-ML-1004,4.254,226.03,22.36,0.842,0,NORMAL
2026-07-02 19:34:05.727696,METER-ML-1004,3.802,230.21,18.27,0.904,0,NORMAL
2026-07-02 20:34:05.727696,METER-ML-1004,3.458,219.93,17.51,0.898,0,NORMAL
2026-07-02 21:34:05.727696,METER-ML-1004,3.493,235.38,16.2,0.916,0,NORMAL
2026-07-02 22:34:05.727696,METER-ML-1004,3.222,233.8,15.17,0.908,0,NORMAL
2026-07-02 23:34:05.727696,METER-ML-1004,3.193,225.87,15.71,0.9,0,NORMAL
2026-07-03 00:34:05.727696,METER-ML-1004,3.211,232.5,14.85,0.93,0,NORMAL
2026-07-03 01:34:05.727696,METER-ML-1004,3.562,234.46,17.62,0.862,0,NORMAL
2026-07-03 02:34:05.727696,METER-ML-1004,3.737,237.13,17.37,0.908,0,NORMAL
2026-07-03 03:34:05.727696,METER-ML-1004,3.747,232.81,16.96,0.949,0,NORMAL
2026-07-03 04:34:05.727696,METER-ML-1004,2.952,234.82,13.5,0.931,0,NORMAL
2026-07-03 05:34:05.727696,METER-ML-1004,3.249,230.44,15.13,0.932,0,NORMAL
2026-07-03 06:34:05.727696,METER-ML-1004,4.546,224.78,22.46,0.9,0,NORMAL
2026-07-03 07:34:05.727696,METER-ML-1004,5.367,226.65,24.22,0.978,0,NORMAL
2026-07-03 08:34:05.727696,METER-ML-1004,4.931,227.95,24.34,0.889,0,NORMAL
2026-07-03 09:34:05.727696,METER-ML-1004,5.261,231.31,23.54,0.966,0,NORMAL
2026-07-03 10:34:05.727696,METER-ML-1004,5.067,237.75,23.01,0.926,0,NORMAL
2026-07-03 11:34:05.727696,METER-ML-1004,6.129,233.6,29.7,0.883,0,NORMAL
2026-07-03 12:34:05.727696,METER-ML-1004,30.482,236.56,144.26,0.893,1,SURCHARGE_ANORMALE
2026-07-03 13:34:05.727696,METER-ML-1004,6.282,224.38,30.83,0.908,0,NORMAL
2026-07-03 14:34:05.727696,METER-ML-1004,4.997,233.13,23.19,0.924,0,NORMAL
2026-07-03 15:34:05.727696,METER-ML-1004,24.134,228.34,120.21,0.879,1,SURCHARGE_ANORMALE
2026-07-03 16:34:05.727696,METER-ML-1004,5.667,227.15,26.3,0.948,0,NORMAL
2026-07-03 17:34:05.727696,METER-ML-1004,4.29,226.27,21.08,0.899,0,NORMAL
2026-07-03 18:34:05.727696,METER-ML-1004,5.21,224.93,26.39,0.878,0,NORMAL
2026-07-03 19:34:05.727696,METER-ML-1004,4.12,228.06,20.21,0.894,0,NORMAL
2026-07-03 20:34:05.727696,METER-ML-1004,4.164,231.58,19.89,0.904,0,NORMAL
2026-07-03 21:34:05.727696,METER-ML-1004,3.062,225.63,14.06,0.965,0,NORMAL
2026-07-03 22:34:05.727696,METER-ML-1004,2.767,230.48,13.43,0.894,0,NORMAL
2026-07-03 23:34:05.727696,METER-ML-1004,2.602,231.38,11.78,0.955,0,NORMAL
2026-07-04 00:34:05.727696,METER-ML-1004,4.232,234.65,19.82,0.91,0,NORMAL
2026-07-04 01:34:05.727696,METER-ML-1004,3.989,232.83,19.26,0.89,0,NORMAL
2026-07-04 02:34:05.727696,METER-ML-1004,4.52,219.87,21.51,0.956,0,NORMAL
2026-07-04 03:34:05.727696,METER-ML-1004,3.971,236.53,18.71,0.897,0,NORMAL
2026-07-04 04:34:05.727696,METER-ML-1004,4.132,225.39,19.38,0.946,0,NORMAL
2026-07-04 05:34:05.727696,METER-ML-1004,4.759,234.66,21.69,0.935,0,NORMAL
2026-07-04 06:34:05.727696,METER-ML-1004,5.052,223.9,23.97,0.941,0,NORMAL
2026-07-04 07:34:05.727696,METER-ML-1004,5.425,234.61,24.27,0.953,0,NORMAL
2026-07-04 08:34:05.727696,METER-ML-1004,5.215,228.09,25.28,0.904,0,NORMAL
2026-07-04 09:34:05.727696,METER-ML-1004,5.531,234.97,25.49,0.924,0,NORMAL
2026-07-04 10:34:05.727696,METER-ML-1004,7.33,228.4,36.43,0.881,0,NORMAL
2026-07-04 11:34:05.727696,METER-ML-1004,6.236,231.97,30.82,0.872,0,NORMAL
2026-07-04 12:34:05.727696,METER-ML-1004,7.585,236.1,34.05,0.944,0,NORMAL
2026-07-04 13:34:05.727696,METER-ML-1004,6.834,237.96,29.08,0.988,0,NORMAL
2026-07-04 14:34:05.727696,METER-ML-1004,6.807,233.49,29.96,0.973,0,NORMAL
2026-07-04 15:34:05.727696,METER-ML-1004,6.039,227.12,28.79,0.924,0,NORMAL
2026-07-04 16:34:05.727696,METER-ML-1004,6.088,228.33,29.27,0.911,0,NORMAL
2026-07-04 17:34:05.727696,METER-ML-1004,5.439,234.89,24.25,0.955,0,NORMAL
2026-07-04 18:34:05.727696,METER-ML-1004,4.682,225.96,23.41,0.885,0,NORMAL
2026-07-04 19:34:05.727696,METER-ML-1004,3.75,230.07,18.99,0.858,0,NORMAL
2026-07-04 20:34:05.727696,METER-ML-1004,3.777,235.78,16.8,0.953,0,NORMAL
2026-07-04 21:34:05.727696,METER-ML-1004,3.672,228.19,17.4,0.925,0,NORMAL
2026-07-04 22:34:05.727696,METER-ML-1004,3.22,231.21,15.53,0.897,0,NORMAL
2026-07-04 23:34:05.727696,METER-ML-1004,3.067,229.06,14.18,0.944,0,NORMAL
2026-07-05 00:34:05.727696,METER-ML-1004,4.106,230.92,18.28,0.973,0,NORMAL
2026-07-05 01:34:05.727696,METER-ML-1004,3.635,229.41,17.51,0.905,0,NORMAL
2026-07-05 02:34:05.727696,METER-ML-1004,4.566,230.98,22.18,0.891,0,NORMAL
2026-07-05 03:34:05.727696,METER-ML-1004,4.618,226.73,21.17,0.962,0,NORMAL
2026-07-05 04:34:05.727696,METER-ML-1004,4.398,226.99,21.84,0.887,0,NORMAL
2026-07-05 05:34:05.727696,METER-ML-1004,3.723,229.77,17.67,0.917,0,NORMAL
2026-07-05 06:34:05.727696,METER-ML-1004,4.582,230.6,20.75,0.957,0,NORMAL
2026-07-05 07:34:05.727696,METER-ML-1004,4.976,228.4,23.39,0.931,0,NORMAL
2026-07-05 08:34:05.727696,METER-ML-1004,5.775,232.36,26.2,0.949,0,NORMAL
2026-07-05 09:34:05.727696,METER-ML-1004,4.974,231.87,22.38,0.959,0,NORMAL
2026-07-05 10:34:05.727696,METER-ML-1004,5.545,229.26,26.61,0.909,0,NORMAL
2026-07-05 11:34:05.727696,METER-ML-1004,6.838,237.85,31.02,0.927,0,NORMAL
2026-07-05 12:34:05.727696,METER-ML-1004,6.788,235.12,31.63,0.913,0,NORMAL
2026-07-05 13:34:05.727696,METER-ML-1004,6.996,232.69,33.68,0.893,0,NORMAL
2026-07-05 14:34:05.727696,METER-ML-1004,6.671,227.59,32.18,0.911,0,NORMAL
2026-07-05 15:34:05.727696,METER-ML-1004,5.947,231.89,30.42,0.843,0,NORMAL
2026-07-05 16:34:05.727696,METER-ML-1004,5.103,228.27,24.27,0.921,0,NORMAL
2026-07-05 17:34:05.727696,METER-ML-1004,6.264,179.33,30.19,0.489,1,ANOMALIE_TENSION_FP
2026-07-05 18:34:05.727696,METER-ML-1004,5.409,227.59,26.24,0.906,0,NORMAL
2026-07-05 19:34:05.727696,METER-ML-1004,4.243,223.67,21.52,0.882,0,NORMAL
2026-07-05 20:34:05.727696,METER-ML-1004,4.613,233.5,21.72,0.909,0,NORMAL
2026-07-05 21:34:05.727696,METER-ML-1004,3.822,231.89,18.43,0.895,0,NORMAL
2026-07-05 22:34:05.727696,METER-ML-1004,3.237,238.13,14.4,0.944,0,NORMAL
2026-07-05 23:34:05.727696,METER-ML-1004,3.427,234.9,15.46,0.944,0,NORMAL
2026-07-06 00:34:05.727696,METER-ML-1004,2.577,229.08,12.69,0.887,0,NORMAL
2026-07-06 01:34:05.727696,METER-ML-1004,3.214,229.1,15.39,0.911,0,NORMAL
2026-07-06 02:34:05.727696,METER-ML-1004,3.379,229.47,15.9,0.926,0,NORMAL
2026-07-06 03:34:05.727696,METER-ML-1004,3.904,227.65,19.33,0.887,0,NORMAL
2026-07-06 04:34:05.727696,METER-ML-1004,3.579,229.93,16.16,0.963,0,NORMAL
2026-07-06 05:34:05.727696,METER-ML-1004,3.741,223.2,18.75,0.894,0,NORMAL
2026-07-06 06:34:05.727696,METER-ML-1004,3.809,231.23,18.54,0.889,0,NORMAL
2026-07-06 07:34:05.727696,METER-ML-1004,4.542,227.79,20.91,0.953,0,NORMAL
2026-07-06 08:34:05.727696,METER-ML-1004,5.823,232.49,27.14,0.923,0,NORMAL
2026-07-06 09:34:05.727696,METER-ML-1004,5.442,232.64,26.43,0.885,0,NORMAL
2026-07-06 10:34:05.727696,METER-ML-1004,5.348,224.21,24.93,0.957,0,NORMAL
2026-07-06 11:34:05.727696,METER-ML-1004,5.494,233.54,26.96,0.872,0,NORMAL
2026-07-06 12:34:05.727696,METER-ML-1004,5.273,229.36,24.78,0.928,0,NORMAL
2026-07-06 13:34:05.727696,METER-ML-1004,5.563,234.18,26.87,0.884,0,NORMAL
2026-07-06 14:34:05.727696,METER-ML-1004,6.134,228.62,28.8,0.932,0,NORMAL
2026-07-06 15:34:05.727696,METER-ML-1004,5.106,231.91,23.94,0.92,0,NORMAL
2026-07-06 16:34:05.727696,METER-ML-1004,5.442,225.65,25.17,0.958,0,NORMAL
2026-07-06 17:34:05.727696,METER-ML-1004,4.273,233.86,19.5,0.937,0,NORMAL
2026-07-06 18:34:05.727696,METER-ML-1004,4.026,241.93,18.27,0.911,0,NORMAL
2026-07-06 19:34:05.727696,METER-ML-1004,2.792,231.04,12.75,0.948,0,NORMAL
2026-07-06 20:34:05.727696,METER-ML-1004,3.584,228.8,16.6,0.944,0,NORMAL
2026-07-06 21:34:05.727696,METER-ML-1004,3.055,233.73,14.57,0.897,0,NORMAL
2026-07-06 22:34:05.727696,METER-ML-1004,3.128,224.07,15.0,0.931,0,NORMAL
2026-07-06 23:34:05.727696,METER-ML-1004,3.054,237.48,13.66,0.941,0,NORMAL
2026-07-07 00:34:05.727696,METER-ML-1004,3.179,229.2,16.0,0.867,0,NORMAL
2026-07-07 01:34:05.727696,METER-ML-1004,3.229,229.45,15.46,0.91,0,NORMAL
2026-07-07 02:34:05.727696,METER-ML-1004,4.121,233.14,19.51,0.906,0,NORMAL
2026-07-07 03:34:05.727696,METER-ML-1004,4.127,230.3,19.68,0.911,0,NORMAL
2026-07-07 04:34:05.727696,METER-ML-1004,3.521,226.38,17.38,0.895,0,NORMAL
2026-07-07 05:34:05.727696,METER-ML-1004,4.115,230.86,20.14,0.885,0,NORMAL
2026-07-07 06:34:05.727696,METER-ML-1004,3.417,232.68,16.07,0.914,0,NORMAL
2026-07-07 07:34:05.727696,METER-ML-1004,4.385,228.41,20.54,0.935,0,NORMAL
2026-07-07 08:34:05.727696,METER-ML-1004,4.788,231.5,22.49,0.92,0,NORMAL
2026-07-07 09:34:05.727696,METER-ML-1004,4.977,232.11,23.84,0.9,0,NORMAL
2026-07-07 10:34:05.727696,METER-ML-1004,6.025,235.37,26.5,0.966,0,NORMAL
2026-07-07 11:34:05.727696,METER-ML-1004,5.479,230.7,24.23,0.98,0,NORMAL
2026-07-07 12:34:05.727696,METER-ML-1004,5.535,227.37,26.79,0.909,0,NORMAL
2026-07-07 13:34:05.727696,METER-ML-1004,0.032,230.76,0.1,0.949,1,CHUTE_SUSPECTE_FRAUDE
2026-07-07 14:34:05.727696,METER-ML-1004,20.764,233.34,98.08,0.907,1,SURCHARGE_ANORMALE
2026-07-07 15:34:05.727696,METER-ML-1004,5.513,232.11,27.13,0.875,0,NORMAL
2026-07-07 16:34:05.727696,METER-ML-1004,4.994,228.7,24.06,0.908,0,NORMAL
2026-07-07 17:34:05.727696,METER-ML-1004,5.02,238.19,22.3,0.945,0,NORMAL
2026-07-07 18:34:05.727696,METER-ML-1004,4.179,230.9,20.18,0.897,0,NORMAL
2026-07-07 19:34:05.727696,METER-ML-1004,3.401,223.39,16.43,0.927,0,NORMAL
2026-07-07 20:34:05.727696,METER-ML-1004,3.503,226.66,16.98,0.91,0,NORMAL
2026-07-07 21:34:05.727696,METER-ML-1004,3.128,236.18,14.1,0.94,0,NORMAL
2026-07-07 22:34:05.727696,METER-ML-1004,2.398,228.81,11.85,0.884,0,NORMAL
2026-07-07 23:34:05.727696,METER-ML-1004,3.008,231.12,13.94,0.934,0,NORMAL
2026-07-08 00:34:05.727696,METER-ML-1004,3.599,235.72,16.76,0.911,0,NORMAL
2026-07-08 01:34:05.727696,METER-ML-1004,3.294,226.43,16.42,0.886,0,NORMAL
2026-07-08 02:34:05.727696,METER-ML-1004,3.148,234.09,14.59,0.921,0,NORMAL
2026-07-08 03:34:05.727696,METER-ML-1004,2.775,226.57,13.28,0.922,0,NORMAL
2026-07-08 04:34:05.727696,METER-ML-1004,3.437,229.63,15.96,0.938,0,NORMAL
2026-07-08 05:34:05.727696,METER-ML-1004,3.101,226.28,14.55,0.942,0,NORMAL
2026-07-08 06:34:05.727696,METER-ML-1004,4.256,228.95,19.33,0.962,0,NORMAL
2026-07-08 07:34:05.727696,METER-ML-1004,4.224,227.14,20.5,0.907,0,NORMAL
2026-07-08 08:34:05.727696,METER-ML-1004,5.394,231.51,25.44,0.916,0,NORMAL
2026-07-08 09:34:05.727696,METER-ML-1004,5.627,232.79,28.41,0.851,0,NORMAL
2026-07-08 10:34:05.727696,METER-ML-1004,5.482,229.52,26.53,0.9,0,NORMAL
2026-07-08 11:34:05.727696,METER-ML-1004,5.763,226.02,28.75,0.887,0,NORMAL
2026-07-08 12:34:05.727696,METER-ML-1004,6.034,230.09,27.71,0.946,0,NORMAL
2026-07-08 13:34:05.727696,METER-ML-1004,6.196,236.1,28.82,0.91,0,NORMAL
2026-07-08 14:34:05.727696,METER-ML-1004,4.879,230.88,22.33,0.946,0,NORMAL
2026-07-08 15:34:05.727696,METER-ML-1004,4.952,230.2,22.42,0.959,0,NORMAL
2026-07-08 16:34:05.727696,METER-ML-1004,4.935,229.06,23.92,0.901,0,NORMAL
2026-07-08 17:34:05.727696,METER-ML-1004,4.324,228.56,20.03,0.945,0,NORMAL
2026-07-08 18:34:05.727696,METER-ML-1004,3.796,232.1,16.59,0.986,0,NORMAL
2026-07-08 19:34:05.727696,METER-ML-1004,3.912,224.23,19.0,0.918,0,NORMAL
2026-07-08 20:34:05.727696,METER-ML-1004,3.34,228.0,16.32,0.898,0,NORMAL
2026-07-08 21:34:05.727696,METER-ML-1004,3.102,227.99,13.85,0.982,0,NORMAL
2026-07-08 22:34:05.727696,METER-ML-1004,2.731,232.04,13.38,0.88,0,NORMAL
2026-07-08 23:34:05.727696,METER-ML-1004,2.885,230.2,13.69,0.916,0,NORMAL
2026-07-09 00:34:05.727696,METER-ML-1004,18.266,234.94,86.51,0.899,1,SURCHARGE_ANORMALE
2026-07-09 01:34:05.727696,METER-ML-1004,3.401,229.8,16.38,0.903,0,NORMAL
2026-07-09 02:34:05.727696,METER-ML-1004,3.62,231.87,16.68,0.936,0,NORMAL
2026-07-09 03:34:05.727696,METER-ML-1004,3.895,227.52,18.25,0.938,0,NORMAL
2026-07-09 04:34:05.727696,METER-ML-1004,3.508,230.39,15.52,0.981,0,NORMAL
2026-07-09 05:34:05.727696,METER-ML-1004,2.939,228.18,13.61,0.946,0,NORMAL
2026-07-09 06:34:05.727696,METER-ML-1004,4.071,232.22,20.45,0.857,0,NORMAL
2026-07-09 07:34:05.727696,METER-ML-1004,5.253,232.69,23.37,0.966,0,NORMAL
2026-07-09 08:34:05.727696,METER-ML-1004,4.77,224.97,23.24,0.912,0,NORMAL
2026-07-09 09:34:05.727696,METER-ML-1004,4.782,234.78,23.76,0.857,0,NORMAL
2026-07-09 10:34:05.727696,METER-ML-1004,6.091,230.54,29.27,0.903,0,NORMAL
2026-07-09 11:34:05.727696,METER-ML-1004,5.247,224.46,25.87,0.904,0,NORMAL
2026-07-09 12:34:05.727696,METER-ML-1004,5.994,237.76,27.39,0.921,0,NORMAL
2026-07-09 13:34:05.727696,METER-ML-1004,5.602,230.38,27.8,0.875,0,NORMAL
2026-07-09 14:34:05.727696,METER-ML-1004,5.378,228.65,25.03,0.94,0,NORMAL
2026-07-09 15:34:05.727696,METER-ML-1004,5.126,229.03,24.0,0.933,0,NORMAL
2026-07-09 16:34:05.727696,METER-ML-1004,4.207,225.25,20.63,0.905,0,NORMAL
2026-07-09 17:34:05.727696,METER-ML-1004,4.452,228.32,21.19,0.92,0,NORMAL
2026-07-09 18:34:05.727696,METER-ML-1004,4.296,234.83,20.58,0.889,0,NORMAL
2026-07-09 19:34:05.727696,METER-ML-1004,3.379,226.96,16.29,0.914,0,NORMAL
2026-07-09 20:34:05.727696,METER-ML-1004,3.66,227.65,17.61,0.913,0,NORMAL
2026-07-09 21:34:05.727696,METER-ML-1004,3.42,226.68,15.7,0.961,0,NORMAL
2026-07-09 22:34:05.727696,METER-ML-1004,2.764,230.95,13.6,0.88,0,NORMAL
2026-07-09 23:34:05.727696,METER-ML-1004,3.3,235.87,15.68,0.892,0,NORMAL
2026-07-10 00:34:05.727696,METER-ML-1004,3.87,232.24,18.4,0.905,0,NORMAL
2026-07-10 01:34:05.727696,METER-ML-1004,3.963,231.99,18.39,0.929,0,NORMAL
2026-07-10 02:34:05.727696,METER-ML-1004,3.698,231.2,16.82,0.951,0,NORMAL
2026-07-10 03:34:05.727696,METER-ML-1004,3.438,230.83,16.14,0.922,0,NORMAL
2026-07-10 04:34:05.727696,METER-ML-1004,2.85,237.27,13.41,0.895,0,NORMAL
2026-07-10 05:34:05.727696,METER-ML-1004,3.963,231.41,18.28,0.937,0,NORMAL
2026-07-10 06:34:05.727696,METER-ML-1004,3.877,159.84,19.23,0.471,1,ANOMALIE_TENSION_FP
2026-07-10 07:34:05.727696,METER-ML-1004,4.626,222.61,21.87,0.95,0,NORMAL
2026-07-10 08:34:05.727696,METER-ML-1004,5.292,234.36,23.83,0.948,0,NORMAL
2026-07-10 09:34:05.727696,METER-ML-1004,5.756,234.72,25.69,0.955,0,NORMAL
2026-07-10 10:34:05.727696,METER-ML-1004,5.631,153.35,27.67,0.482,1,ANOMALIE_TENSION_FP
2026-07-10 11:34:05.727696,METER-ML-1004,5.92,233.23,27.5,0.923,0,NORMAL
2026-07-10 12:34:05.727696,METER-ML-1004,5.637,225.87,26.55,0.94,0,NORMAL
2026-07-10 13:34:05.727696,METER-ML-1004,4.873,234.44,22.23,0.935,0,NORMAL
2026-07-10 14:34:05.727696,METER-ML-1004,5.688,232.14,25.0,0.98,0,NORMAL
2026-07-10 15:34:05.727696,METER-ML-1004,5.422,223.94,26.01,0.931,0,NORMAL
2026-07-10 16:34:05.727696,METER-ML-1004,4.834,229.05,23.47,0.899,0,NORMAL
2026-07-10 17:34:05.727696,METER-ML-1004,3.656,227.93,17.84,0.899,0,NORMAL
2026-07-10 18:34:05.727696,METER-ML-1004,4.467,228.0,23.09,0.848,0,NORMAL
2026-07-10 19:34:05.727696,METER-ML-1004,4.078,228.92,18.85,0.945,0,NORMAL
2026-07-10 20:34:05.727696,METER-ML-1004,2.772,232.18,12.7,0.94,0,NORMAL
2026-07-10 21:34:05.727696,METER-ML-1004,3.648,233.62,15.92,0.981,0,NORMAL
2026-07-10 22:34:05.727696,METER-ML-1004,3.452,230.84,16.57,0.902,0,NORMAL
2026-07-10 23:34:05.727696,METER-ML-1004,3.237,229.34,14.92,0.946,0,NORMAL
2026-07-11 00:34:05.727696,METER-ML-1004,3.602,230.68,16.95,0.921,0,NORMAL
2026-07-11 01:34:05.727696,METER-ML-1004,3.383,232.75,15.34,0.947,0,NORMAL
2026-07-11 02:34:05.727696,METER-ML-1004,4.413,223.28,21.84,0.905,0,NORMAL
2026-07-11 03:34:05.727696,METER-ML-1004,4.081,233.77,18.34,0.952,0,NORMAL
2026-07-11 04:34:05.727696,METER-ML-1004,3.402,230.41,16.91,0.873,0,NORMAL
2026-07-11 05:34:05.727696,METER-ML-1004,4.075,229.6,18.48,0.96,0,NORMAL
2026-07-11 06:34:05.727696,METER-ML-1004,5.135,231.86,25.24,0.878,0,NORMAL
2026-07-11 07:34:05.727696,METER-ML-1004,5.89,229.49,27.97,0.918,0,NORMAL
2026-07-11 08:34:05.727696,METER-ML-1004,6.047,228.29,29.28,0.905,0,NORMAL
2026-07-11 09:34:05.727696,METER-ML-1004,7.027,237.03,30.63,0.968,0,NORMAL
2026-07-11 10:34:05.727696,METER-ML-1004,6.017,229.67,28.78,0.91,0,NORMAL
2026-07-11 11:34:05.727696,METER-ML-1004,6.896,220.17,34.71,0.902,0,NORMAL
2026-07-11 12:34:05.727696,METER-ML-1004,7.568,231.07,35.28,0.929,0,NORMAL
2026-07-11 13:34:05.727696,METER-ML-1004,7.281,228.13,34.96,0.913,0,NORMAL
2026-07-11 14:34:05.727696,METER-ML-1004,6.38,228.34,30.84,0.906,0,NORMAL
2026-07-11 15:34:05.727696,METER-ML-1004,6.676,231.69,30.62,0.941,0,NORMAL
2026-07-11 16:34:05.727696,METER-ML-1004,5.624,226.26,27.58,0.901,0,NORMAL
2026-07-11 17:34:05.727696,METER-ML-1004,4.956,229.04,22.37,0.967,0,NORMAL
2026-07-11 18:34:05.727696,METER-ML-1004,4.85,227.78,24.03,0.886,0,NORMAL
2026-07-11 19:34:05.727696,METER-ML-1004,4.945,237.45,24.73,0.842,0,NORMAL
2026-07-11 20:34:05.727696,METER-ML-1004,3.6,235.09,18.0,0.851,0,NORMAL
2026-07-11 21:34:05.727696,METER-ML-1004,4.488,232.91,19.85,0.971,0,NORMAL
2026-07-11 22:34:05.727696,METER-ML-1004,4.091,229.67,19.63,0.908,0,NORMAL
2026-07-11 23:34:05.727696,METER-ML-1004,3.384,229.7,15.34,0.96,0,NORMAL
2026-07-12 00:34:05.727696,METER-ML-1004,4.035,226.99,19.87,0.895,0,NORMAL
2026-07-12 01:34:05.727696,METER-ML-1004,4.097,234.65,18.8,0.929,0,NORMAL
2026-07-12 02:34:05.727696,METER-ML-1004,4.157,221.0,20.7,0.909,0,NORMAL
2026-07-12 03:34:05.727696,METER-ML-1004,4.323,233.32,20.08,0.923,0,NORMAL
2026-07-12 04:34:05.727696,METER-ML-1004,4.842,231.93,22.49,0.928,0,NORMAL
2026-07-12 05:34:05.727696,METER-ML-1004,4.781,226.53,23.83,0.886,0,NORMAL
2026-07-12 06:34:05.727696,METER-ML-1004,5.342,229.67,24.77,0.939,0,NORMAL
2026-07-12 07:34:05.727696,METER-ML-1004,5.929,234.95,27.66,0.912,0,NORMAL
2026-07-12 08:34:05.727696,METER-ML-1004,5.681,160.49,25.15,0.452,1,ANOMALIE_TENSION_FP
2026-07-12 09:34:05.727696,METER-ML-1004,6.099,228.42,28.11,0.95,0,NORMAL
2026-07-12 10:34:05.727696,METER-ML-1004,6.53,232.79,30.75,0.912,0,NORMAL
2026-07-12 11:34:05.727696,METER-ML-1004,7.144,225.69,34.42,0.92,0,NORMAL
2026-07-12 12:34:05.727696,METER-ML-1004,7.287,229.1,35.03,0.908,0,NORMAL
2026-07-12 13:34:05.727696,METER-ML-1004,6.336,222.0,30.8,0.927,0,NORMAL
2026-07-12 14:34:05.727696,METER-ML-1004,7.557,230.58,36.49,0.898,0,NORMAL
2026-07-12 15:34:05.727696,METER-ML-1004,5.899,235.34,27.07,0.926,0,NORMAL
2026-07-12 16:34:05.727696,METER-ML-1004,5.882,235.17,27.84,0.898,0,NORMAL
2026-07-12 17:34:05.727696,METER-ML-1004,6.163,230.03,29.06,0.922,0,NORMAL
2026-07-12 18:34:05.727696,METER-ML-1004,19.726,234.3,95.76,0.879,1,SURCHARGE_ANORMALE
2026-07-12 19:34:05.727696,METER-ML-1004,4.209,231.44,19.26,0.944,0,NORMAL
2026-07-12 20:34:05.727696,METER-ML-1004,24.137,229.12,112.75,0.934,1,SURCHARGE_ANORMALE
2026-07-12 21:34:05.727696,METER-ML-1004,4.212,230.59,20.16,0.906,0,NORMAL
2026-07-12 22:34:05.727696,METER-ML-1004,3.477,232.7,15.89,0.94,0,NORMAL
2026-07-12 23:34:05.727696,METER-ML-1004,3.242,227.22,14.96,0.954,0,NORMAL
2026-07-13 00:34:05.727696,METER-ML-1004,3.163,229.27,14.63,0.943,0,NORMAL
2026-07-13 01:34:05.727696,METER-ML-1004,3.806,229.79,17.65,0.938,0,NORMAL
2026-07-13 02:34:05.727696,METER-ML-1004,0.068,228.88,0.1,0.962,1,CHUTE_SUSPECTE_FRAUDE
2026-07-13 03:34:05.727696,METER-ML-1004,3.871,228.85,18.99,0.891,0,NORMAL
2026-07-13 04:34:05.727696,METER-ML-1004,3.732,233.26,17.22,0.929,0,NORMAL
2026-07-13 05:34:05.727696,METER-ML-1004,3.722,232.17,17.41,0.921,0,NORMAL
2026-07-13 06:34:05.727696,METER-ML-1004,3.181,227.37,14.82,0.944,0,NORMAL
2026-07-13 07:34:05.727696,METER-ML-1004,5.083,227.37,23.03,0.97,0,NORMAL
2026-07-13 08:34:05.727696,METER-ML-1004,4.87,228.29,23.4,0.912,0,NORMAL
2026-07-13 09:34:05.727696,METER-ML-1004,5.723,226.16,26.95,0.939,0,NORMAL
2026-07-13 10:34:05.727696,METER-ML-1004,5.22,220.58,25.95,0.912,0,NORMAL
2026-07-13 11:34:05.727696,METER-ML-1004,5.916,229.37,27.56,0.936,0,NORMAL
2026-07-13 12:34:05.727696,METER-ML-1004,5.726,226.22,27.28,0.928,0,NORMAL
2026-07-13 13:34:05.727696,METER-ML-1004,6.265,232.73,29.22,0.921,0,NORMAL
2026-07-13 14:34:05.727696,METER-ML-1004,5.318,230.0,25.83,0.895,0,NORMAL
2026-07-13 15:34:05.727696,METER-ML-1004,5.786,230.96,26.74,0.937,0,NORMAL
2026-07-13 16:34:05.727696,METER-ML-1004,4.804,225.48,23.47,0.908,0,NORMAL
2026-07-13 17:34:05.727696,METER-ML-1004,4.776,226.55,22.58,0.934,0,NORMAL
2026-07-13 18:34:05.727696,METER-ML-1004,4.312,230.73,21.91,0.853,0,NORMAL
2026-07-13 19:34:05.727696,METER-ML-1004,4.043,230.37,18.63,0.942,0,NORMAL
2026-07-13 20:34:05.727696,METER-ML-1004,3.286,233.33,15.78,0.892,0,NORMAL
2026-07-13 21:34:05.727696,METER-ML-1004,2.614,229.56,12.24,0.93,0,NORMAL
2026-07-13 22:34:05.727696,METER-ML-1004,3.233,233.61,14.63,0.946,0,NORMAL
2026-07-13 23:34:05.727696,METER-ML-1004,2.923,226.16,14.49,0.892,0,NORMAL
2026-07-14 00:34:05.727696,METER-ML-1004,4.219,231.04,19.35,0.944,0,NORMAL
2026-07-14 01:34:05.727696,METER-ML-1004,3.512,229.59,17.07,0.896,0,NORMAL
2026-07-14 02:34:05.727696,METER-ML-1004,3.401,233.21,16.53,0.882,0,NORMAL
2026-07-14 03:34:05.727696,METER-ML-1004,3.213,151.54,15.56,0.434,1,ANOMALIE_TENSION_FP
2026-07-14 04:34:05.727696,METER-ML-1004,4.022,224.39,19.72,0.909,0,NORMAL
2026-07-14 05:34:05.727696,METER-ML-1004,3.026,232.37,14.18,0.918,0,NORMAL
2026-07-14 06:34:05.727696,METER-ML-1004,4.121,228.01,20.93,0.863,0,NORMAL
2026-07-14 07:34:05.727696,METER-ML-1004,4.877,230.57,25.28,0.837,0,NORMAL
2026-07-14 08:34:05.727696,METER-ML-1004,5.711,227.97,26.87,0.932,0,NORMAL
2026-07-14 09:34:05.727696,METER-ML-1004,6.035,226.82,29.42,0.904,0,NORMAL
2026-07-14 10:34:05.727696,METER-ML-1004,5.251,220.12,25.03,0.953,0,NORMAL
2026-07-14 11:34:05.727696,METER-ML-1004,5.844,230.29,28.5,0.891,0,NORMAL
2026-07-14 12:34:05.727696,METER-ML-1004,6.713,231.56,30.31,0.957,0,NORMAL
2026-07-14 13:34:05.727696,METER-ML-1004,5.726,231.14,25.66,0.965,0,NORMAL
2026-07-14 14:34:05.727696,METER-ML-1004,5.165,229.92,24.67,0.91,0,NORMAL
2026-07-14 15:34:05.727696,METER-ML-1004,5.915,229.98,27.65,0.93,0,NORMAL
2026-07-14 16:34:05.727696,METER-ML-1004,4.981,229.49,24.27,0.894,0,NORMAL
2026-07-14 17:34:05.727696,METER-ML-1004,4.137,227.46,20.49,0.888,0,NORMAL
2026-07-14 18:34:05.727696,METER-ML-1004,4.848,232.48,22.12,0.943,0,NORMAL
2026-07-14 19:34:05.727696,METER-ML-1004,3.221,237.5,15.08,0.899,0,NORMAL
2026-07-14 20:34:05.727696,METER-ML-1004,3.389,233.36,16.88,0.86,0,NORMAL
2026-07-14 21:34:05.727696,METER-ML-1004,3.67,225.72,17.57,0.925,0,NORMAL
2026-07-14 22:34:05.727696,METER-ML-1004,3.154,234.27,13.6,0.99,0,NORMAL
2026-07-14 23:34:05.727696,METER-ML-1004,2.413,223.51,11.51,0.938,0,NORMAL
2026-07-15 00:34:05.727696,METER-ML-1004,4.474,230.26,21.5,0.904,0,NORMAL
2026-07-15 01:34:05.727696,METER-ML-1004,3.938,225.56,19.28,0.906,0,NORMAL
2026-07-15 02:34:05.727696,METER-ML-1004,3.15,227.57,14.92,0.928,0,NORMAL
2026-07-15 03:34:05.727696,METER-ML-1004,3.317,227.79,16.35,0.891,0,NORMAL
2026-07-15 04:34:05.727696,METER-ML-1004,3.453,231.65,16.51,0.903,0,NORMAL
2026-07-15 05:34:05.727696,METER-ML-1004,3.491,230.2,16.53,0.918,0,NORMAL
2026-07-15 06:34:05.727696,METER-ML-1004,3.725,234.35,16.3,0.975,0,NORMAL
2026-07-15 07:34:05.727696,METER-ML-1004,4.388,230.8,20.11,0.945,0,NORMAL
2026-07-15 08:34:05.727696,METER-ML-1004,4.614,151.96,21.51,0.425,1,ANOMALIE_TENSION_FP
2026-07-15 09:34:05.727696,METER-ML-1004,5.808,232.07,28.23,0.887,0,NORMAL
2026-07-15 10:34:05.727696,METER-ML-1004,5.402,232.5,24.7,0.941,0,NORMAL
2026-07-15 11:34:05.727696,METER-ML-1004,5.581,231.96,26.18,0.919,0,NORMAL
2026-07-15 12:34:05.727696,METER-ML-1004,5.426,236.24,25.71,0.893,0,NORMAL
2026-07-15 13:34:05.727696,METER-ML-1004,6.175,227.86,30.84,0.879,0,NORMAL
2026-07-15 14:34:05.727696,METER-ML-1004,5.998,231.75,26.88,0.963,0,NORMAL
2026-07-15 15:34:05.727696,METER-ML-1004,5.526,233.15,25.63,0.925,0,NORMAL
2026-07-15 16:34:05.727696,METER-ML-1004,4.694,225.63,22.96,0.906,0,NORMAL
2026-07-15 17:34:05.727696,METER-ML-1004,5.315,234.04,23.41,0.97,0,NORMAL
2026-07-15 18:34:05.727696,METER-ML-1004,4.698,228.74,22.69,0.905,0,NORMAL
2026-07-15 19:34:05.727696,METER-ML-1004,3.387,232.6,15.41,0.945,0,NORMAL
2026-07-15 20:34:05.727696,METER-ML-1004,4.442,233.08,20.77,0.918,0,NORMAL
2026-07-15 21:34:05.727696,METER-ML-1004,3.038,230.36,14.64,0.901,0,NORMAL
2026-07-15 22:34:05.727696,METER-ML-1004,3.422,227.54,16.07,0.936,0,NORMAL
2026-07-15 23:34:05.727696,METER-ML-1004,2.052,227.33,10.41,0.867,0,NORMAL
2026-07-16 00:34:05.727696,METER-ML-1004,3.868,230.72,18.11,0.926,0,NORMAL
2026-07-16 01:34:05.727696,METER-ML-1004,3.808,237.02,17.32,0.928,0,NORMAL
2026-07-16 02:34:05.727696,METER-ML-1004,4.075,232.07,18.66,0.941,0,NORMAL
2026-07-16 03:34:05.727696,METER-ML-1004,3.251,227.12,15.52,0.922,0,NORMAL
2026-07-16 04:34:05.727696,METER-ML-1004,2.738,225.88,13.36,0.907,0,NORMAL
2026-07-16 05:34:05.727696,METER-ML-1004,0.071,231.56,0.1,0.922,1,CHUTE_SUSPECTE_FRAUDE
2026-07-16 06:34:05.727696,METER-ML-1004,4.091,232.75,18.74,0.938,0,NORMAL
2026-07-16 07:34:05.727696,METER-ML-1004,4.557,230.72,21.88,0.903,0,NORMAL
2026-07-16 08:34:05.727696,METER-ML-1004,4.837,228.01,23.4,0.907,0,NORMAL
2026-07-16 09:34:05.727696,METER-ML-1004,5.531,236.28,26.01,0.9,0,NORMAL
2026-07-16 10:34:05.727696,METER-ML-1004,5.256,236.73,24.12,0.921,0,NORMAL
2026-07-16 11:34:05.727696,METER-ML-1004,5.27,230.66,26.29,0.869,0,NORMAL
2026-07-16 12:34:05.727696,METER-ML-1004,5.37,228.05,26.58,0.886,0,NORMAL
2026-07-16 13:34:05.727696,METER-ML-1004,5.861,225.31,27.38,0.95,0,NORMAL
2026-07-16 14:34:05.727696,METER-ML-1004,0.005,232.92,0.1,0.91,1,CHUTE_SUSPECTE_FRAUDE
2026-07-16 15:34:05.727696,METER-ML-1004,5.007,175.86,23.25,0.532,1,ANOMALIE_TENSION_FP
2026-07-16 16:34:05.727696,METER-ML-1004,5.388,227.4,24.61,0.963,0,NORMAL
2026-07-16 17:34:05.727696,METER-ML-1004,5.075,229.79,24.34,0.907,0,NORMAL
2026-07-16 18:34:05.727696,METER-ML-1004,4.139,230.29,20.86,0.862,0,NORMAL
2026-07-16 19:34:05.727696,METER-ML-1004,3.954,231.39,18.44,0.927,0,NORMAL
2026-07-16 20:34:05.727696,METER-ML-1004,3.701,229.53,18.72,0.861,0,NORMAL
2026-07-16 21:34:05.727696,METER-ML-1004,3.11,232.37,13.83,0.968,0,NORMAL
2026-07-16 22:34:05.727696,METER-ML-1004,2.727,233.7,12.56,0.929,0,NORMAL
2026-07-16 23:34:05.727696,METER-ML-1004,3.433,226.37,16.5,0.919,0,NORMAL
2026-07-17 00:34:05.727696,METER-ML-1004,3.103,227.57,15.32,0.89,0,NORMAL
2026-07-17 01:34:05.727696,METER-ML-1004,3.119,227.58,13.98,0.98,0,NORMAL
2026-07-17 02:34:05.727696,METER-ML-1004,3.664,234.76,17.26,0.904,0,NORMAL
2026-07-17 03:34:05.727696,METER-ML-1004,3.267,230.45,15.77,0.899,0,NORMAL
2026-07-17 04:34:05.727696,METER-ML-1004,3.426,226.25,17.84,0.849,0,NORMAL
2026-07-17 05:34:05.727696,METER-ML-1004,4.216,228.92,19.52,0.943,0,NORMAL
2026-07-17 06:34:05.727696,METER-ML-1004,3.394,234.28,16.6,0.873,0,NORMAL
2026-07-17 07:34:05.727696,METER-ML-1004,4.817,235.93,22.38,0.912,0,NORMAL
2026-07-17 08:34:05.727696,METER-ML-1004,5.54,226.1,26.06,0.94,0,NORMAL
2026-07-17 09:34:05.727696,METER-ML-1004,5.181,230.29,22.94,0.981,0,NORMAL
2026-07-17 10:34:05.727696,METER-ML-1004,5.025,228.7,23.4,0.939,0,NORMAL
2026-07-17 11:34:05.727696,METER-ML-1004,5.522,231.09,25.55,0.935,0,NORMAL
2026-07-17 12:34:05.727696,METER-ML-1004,5.98,228.19,28.17,0.93,0,NORMAL
2026-07-17 13:34:05.727696,METER-ML-1004,4.952,228.09,23.71,0.916,0,NORMAL
2026-07-17 14:34:05.727696,METER-ML-1004,6.045,226.81,29.7,0.897,0,NORMAL
2026-07-17 15:34:05.727696,METER-ML-1004,5.629,236.93,24.1,0.986,0,NORMAL
2026-07-17 16:34:05.727696,METER-ML-1004,5.033,232.45,23.47,0.923,0,NORMAL
2026-07-17 17:34:05.727696,METER-ML-1004,4.572,232.38,22.21,0.886,0,NORMAL
2026-07-17 18:34:05.727696,METER-ML-1004,4.12,227.38,19.23,0.942,0,NORMAL
2026-07-17 19:34:05.727696,METER-ML-1004,4.658,234.42,21.47,0.926,0,NORMAL
2026-07-17 20:34:05.727696,METER-ML-1004,3.697,234.17,17.0,0.929,0,NORMAL
2026-07-17 21:34:05.727696,METER-ML-1004,3.615,234.25,18.11,0.852,0,NORMAL
2026-07-17 22:34:05.727696,METER-ML-1004,2.705,229.57,13.25,0.889,0,NORMAL
2026-07-17 23:34:05.727696,METER-ML-1004,3.663,232.16,17.08,0.924,0,NORMAL
2026-07-18 00:34:05.727696,METER-ML-1004,4.368,237.24,19.43,0.948,0,NORMAL
2026-07-18 01:34:05.727696,METER-ML-1004,4.302,226.34,19.84,0.958,0,NORMAL
2026-07-18 02:34:05.727696,METER-ML-1004,3.979,228.89,19.57,0.888,0,NORMAL
2026-07-18 03:34:05.727696,METER-ML-1004,3.672,226.83,17.52,0.924,0,NORMAL
2026-07-18 04:34:05.727696,METER-ML-1004,4.933,222.87,22.47,0.985,0,NORMAL
2026-07-18 05:34:05.727696,METER-ML-1004,4.575,233.91,21.29,0.919,0,NORMAL
2026-07-18 06:34:05.727696,METER-ML-1004,5.133,227.72,24.41,0.923,0,NORMAL
2026-07-18 07:34:05.727696,METER-ML-1004,5.594,227.25,26.39,0.933,0,NORMAL
2026-07-18 08:34:05.727696,METER-ML-1004,5.882,228.94,27.39,0.938,0,NORMAL
2026-07-18 09:34:05.727696,METER-ML-1004,5.471,234.59,25.73,0.906,0,NORMAL
2026-07-18 10:34:05.727696,METER-ML-1004,6.814,227.31,30.93,0.969,0,NORMAL
2026-07-18 11:34:05.727696,METER-ML-1004,6.846,236.61,29.92,0.967,0,NORMAL
2026-07-18 12:34:05.727696,METER-ML-1004,7.191,229.89,34.47,0.908,0,NORMAL
2026-07-18 13:34:05.727696,METER-ML-1004,6.975,228.94,34.57,0.881,0,NORMAL
2026-07-18 14:34:05.727696,METER-ML-1004,7.23,238.25,32.99,0.92,0,NORMAL
2026-07-18 15:34:05.727696,METER-ML-1004,0.032,229.24,0.1,0.917,1,CHUTE_SUSPECTE_FRAUDE
2026-07-18 16:34:05.727696,METER-ML-1004,5.666,232.15,26.66,0.916,0,NORMAL
2026-07-18 17:34:05.727696,METER-ML-1004,4.77,229.92,22.35,0.928,0,NORMAL
2026-07-18 18:34:05.727696,METER-ML-1004,4.618,229.21,22.7,0.888,0,NORMAL
2026-07-18 19:34:05.727696,METER-ML-1004,4.579,229.44,23.02,0.867,0,NORMAL
2026-07-18 20:34:05.727696,METER-ML-1004,4.677,231.18,22.37,0.905,0,NORMAL
2026-07-18 21:34:05.727696,METER-ML-1004,3.302,228.44,15.03,0.961,0,NORMAL
2026-07-18 22:34:05.727696,METER-ML-1004,3.757,229.39,18.05,0.907,0,NORMAL
2026-07-18 23:34:05.727696,METER-ML-1004,3.109,152.48,14.37,0.52,1,ANOMALIE_TENSION_FP
2026-07-19 00:34:05.727696,METER-ML-1004,4.853,234.47,22.34,0.926,0,NORMAL
2026-07-19 01:34:05.727696,METER-ML-1004,3.735,233.38,16.81,0.952,0,NORMAL
2026-07-19 02:34:05.727696,METER-ML-1004,4.692,231.01,22.67,0.896,0,NORMAL
2026-07-19 03:34:05.727696,METER-ML-1004,0.013,229.85,0.1,0.937,1,CHUTE_SUSPECTE_FRAUDE
2026-07-19 04:34:05.727696,METER-ML-1004,4.634,230.82,21.4,0.938,0,NORMAL
2026-07-19 05:34:05.727696,METER-ML-1004,4.165,235.1,18.49,0.958,0,NORMAL
2026-07-19 06:34:05.727696,METER-ML-1004,4.598,234.74,21.29,0.92,0,NORMAL
2026-07-19 07:34:05.727696,METER-ML-1004,32.756,230.24,152.44,0.933,1,SURCHARGE_ANORMALE
2026-07-19 08:34:05.727696,METER-ML-1004,5.656,225.37,27.05,0.928,0,NORMAL
2026-07-19 09:34:05.727696,METER-ML-1004,6.46,232.47,31.14,0.892,0,NORMAL
2026-07-19 10:34:05.727696,METER-ML-1004,7.248,230.79,36.1,0.87,0,NORMAL
2026-07-19 11:34:05.727696,METER-ML-1004,7.703,231.28,37.09,0.898,0,NORMAL
2026-07-19 12:34:05.727696,METER-ML-1004,7.139,230.6,34.23,0.905,0,NORMAL
2026-07-19 13:34:05.727696,METER-ML-1004,6.934,236.14,31.76,0.925,0,NORMAL
2026-07-19 14:34:05.727696,METER-ML-1004,6.929,232.31,34.21,0.872,0,NORMAL
2026-07-19 15:34:05.727696,METER-ML-1004,6.159,229.69,28.15,0.953,0,NORMAL
2026-07-19 16:34:05.727696,METER-ML-1004,5.823,231.66,26.45,0.95,0,NORMAL
2026-07-19 17:34:05.727696,METER-ML-1004,5.617,229.73,26.46,0.924,0,NORMAL
2026-07-19 18:34:05.727696,METER-ML-1004,4.935,224.58,24.16,0.909,0,NORMAL
2026-07-19 19:34:05.727696,METER-ML-1004,4.553,231.25,21.54,0.914,0,NORMAL
2026-07-19 20:34:05.727696,METER-ML-1004,4.17,226.68,21.16,0.869,0,NORMAL
2026-07-19 21:34:05.727696,METER-ML-1004,5.063,233.64,23.56,0.92,0,NORMAL
2026-07-19 22:34:05.727696,METER-ML-1004,0.057,224.36,0.1,0.932,1,CHUTE_SUSPECTE_FRAUDE
2026-07-19 23:34:05.727696,METER-ML-1004,3.41,165.63,15.48,0.474,1,ANOMALIE_TENSION_FP
2026-07-20 00:34:05.727696,METER-ML-1004,3.544,223.18,17.01,0.934,0,NORMAL
2026-07-20 01:34:05.727696,METER-ML-1004,3.149,230.38,14.3,0.956,0,NORMAL
2026-07-20 02:34:05.727696,METER-ML-1004,4.066,229.07,19.64,0.904,0,NORMAL
2026-07-20 03:34:05.727696,METER-ML-1004,3.656,227.1,17.6,0.915,0,NORMAL
2026-07-20 04:34:05.727696,METER-ML-1004,3.311,232.26,14.9,0.957,0,NORMAL
2026-07-20 05:34:05.727696,METER-ML-1004,3.563,236.49,17.23,0.874,0,NORMAL
2026-07-20 06:34:05.727696,METER-ML-1004,4.922,229.41,23.42,0.916,0,NORMAL
2026-07-20 07:34:05.727696,METER-ML-1004,4.826,233.65,22.11,0.934,0,NORMAL
2026-07-20 08:34:05.727696,METER-ML-1004,4.777,222.1,23.22,0.926,0,NORMAL
2026-07-20 09:34:05.727696,METER-ML-1004,5.055,229.02,23.17,0.952,0,NORMAL
2026-07-20 10:34:05.727696,METER-ML-1004,5.147,229.66,24.42,0.918,0,NORMAL
2026-07-20 11:34:05.727696,METER-ML-1004,5.257,162.43,24.03,0.439,1,ANOMALIE_TENSION_FP
2026-07-20 12:34:05.727696,METER-ML-1004,5.199,232.56,23.84,0.938,0,NORMAL
2026-07-20 13:34:05.727696,METER-ML-1004,5.651,228.98,25.79,0.957,0,NORMAL
2026-07-20 14:34:05.727696,METER-ML-1004,5.755,234.66,26.35,0.931,0,NORMAL
2026-07-20 15:34:05.727696,METER-ML-1004,5.446,238.46,25.08,0.911,0,NORMAL
2026-07-20 16:34:05.727696,METER-ML-1004,5.175,230.64,24.56,0.914,0,NORMAL
2026-07-20 17:34:05.727696,METER-ML-1004,4.716,221.39,23.08,0.923,0,NORMAL
2026-07-20 18:34:05.727696,METER-ML-1004,3.855,224.72,19.44,0.882,0,NORMAL
2026-07-20 19:34:05.727696,METER-ML-1004,3.192,228.64,16.06,0.869,0,NORMAL
2026-07-20 20:34:05.727696,METER-ML-1004,2.852,232.13,13.9,0.884,0,NORMAL
2026-07-20 21:34:05.727696,METER-ML-1004,3.228,231.89,15.66,0.889,0,NORMAL
2026-07-20 22:34:05.727696,METER-ML-1004,3.739,231.67,18.33,0.88,0,NORMAL
2026-07-20 23:34:05.727696,METER-ML-1004,3.134,228.92,15.5,0.883,0,NORMAL
2026-07-21 00:34:05.727696,METER-ML-1004,2.884,233.44,13.02,0.949,0,NORMAL
2026-07-21 01:34:05.727696,METER-ML-1004,3.297,230.08,16.12,0.889,0,NORMAL
2026-07-21 02:34:05.727696,METER-ML-1004,2.969,236.15,13.45,0.935,0,NORMAL
2026-07-21 03:34:05.727696,METER-ML-1004,3.796,227.41,17.97,0.929,0,NORMAL
2026-07-21 04:34:05.727696,METER-ML-1004,0.062,236.35,0.1,0.902,1,CHUTE_SUSPECTE_FRAUDE
2026-07-21 05:34:05.727696,METER-ML-1004,3.35,233.68,15.52,0.924,0,NORMAL
2026-07-21 06:34:05.727696,METER-ML-1004,3.565,233.5,16.71,0.914,0,NORMAL
2026-07-21 07:34:05.727696,METER-ML-1004,5.368,173.67,25.26,0.439,1,ANOMALIE_TENSION_FP
2026-07-21 08:34:05.727696,METER-ML-1004,4.208,229.33,19.65,0.934,0,NORMAL
2026-07-21 09:34:05.727696,METER-ML-1004,5.533,232.64,25.05,0.95,0,NORMAL
2026-07-21 10:34:05.727696,METER-ML-1004,4.978,227.24,23.76,0.922,0,NORMAL
2026-07-21 11:34:05.727696,METER-ML-1004,5.653,231.69,25.86,0.943,0,NORMAL
2026-07-21 12:34:05.727696,METER-ML-1004,5.334,230.41,25.91,0.893,0,NORMAL
2026-07-21 13:34:05.727696,METER-ML-1004,5.901,224.18,27.89,0.944,0,NORMAL
2026-07-21 14:34:05.727696,METER-ML-1004,5.746,227.05,26.59,0.952,0,NORMAL
2026-07-21 15:34:05.727696,METER-ML-1004,5.103,226.08,23.54,0.959,0,NORMAL
2026-07-21 16:34:05.727696,METER-ML-1004,5.525,231.95,27.42,0.869,0,NORMAL
2026-07-21 17:34:05.727696,METER-ML-1004,5.294,227.77,25.36,0.916,0,NORMAL
2026-07-21 18:34:05.727696,METER-ML-1004,4.418,232.29,21.02,0.905,0,NORMAL
2026-07-21 19:34:05.727696,METER-ML-1004,3.286,224.94,16.31,0.896,0,NORMAL
2026-07-21 20:34:05.727696,METER-ML-1004,3.899,227.67,19.53,0.877,0,NORMAL
2026-07-21 21:34:05.727696,METER-ML-1004,3.864,229.47,18.79,0.896,0,NORMAL
2026-07-21 22:34:05.727696,METER-ML-1004,2.955,229.05,13.97,0.924,0,NORMAL
2026-07-21 23:34:05.727696,METER-ML-1004,2.323,228.25,11.02,0.924,0,NORMAL
2026-07-22 00:34:05.727696,METER-ML-1004,3.77,226.87,17.24,0.964,0,NORMAL
2026-07-22 01:34:05.727696,METER-ML-1004,3.768,225.59,18.52,0.902,0,NORMAL
2026-07-22 02:34:05.727696,METER-ML-1004,3.257,231.92,14.86,0.945,0,NORMAL
2026-07-22 03:34:05.727696,METER-ML-1004,3.372,225.84,16.88,0.885,0,NORMAL
2026-07-22 04:34:05.727696,METER-ML-1004,2.759,230.11,13.56,0.884,0,NORMAL
2026-07-22 05:34:05.727696,METER-ML-1004,3.298,229.59,16.16,0.889,0,NORMAL
2026-07-22 06:34:05.727696,METER-ML-1004,4.654,234.13,22.28,0.892,0,NORMAL
2026-07-22 07:34:05.727696,METER-ML-1004,3.943,232.99,18.85,0.898,0,NORMAL
2026-07-22 08:34:05.727696,METER-ML-1004,4.845,229.19,22.93,0.922,0,NORMAL
2026-07-22 09:34:05.727696,METER-ML-1004,5.483,229.83,26.3,0.907,0,NORMAL
2026-07-22 10:34:05.727696,METER-ML-1004,5.708,225.22,27.61,0.918,0,NORMAL
2026-07-22 11:34:05.727696,METER-ML-1004,5.502,230.17,24.93,0.959,0,NORMAL
2026-07-22 12:34:05.727696,METER-ML-1004,6.309,233.56,31.18,0.866,0,NORMAL
2026-07-22 13:34:05.727696,METER-ML-1004,6.615,231.89,32.71,0.872,0,NORMAL
2026-07-22 14:34:05.727696,METER-ML-1004,0.035,229.43,0.1,0.91,1,CHUTE_SUSPECTE_FRAUDE
2026-07-22 15:34:05.727696,METER-ML-1004,5.055,227.12,24.5,0.908,0,NORMAL
2026-07-22 16:34:05.727696,METER-ML-1004,5.142,225.86,23.82,0.956,0,NORMAL
2026-07-22 17:34:05.727696,METER-ML-1004,4.21,229.45,19.85,0.924,0,NORMAL
2026-07-22 18:34:05.727696,METER-ML-1004,4.589,228.44,22.1,0.909,0,NORMAL
2026-07-22 19:34:05.727696,METER-ML-1004,3.891,233.94,18.13,0.917,0,NORMAL
2026-07-22 20:34:05.727696,METER-ML-1004,3.482,237.84,15.98,0.916,0,NORMAL
2026-07-22 21:34:05.727696,METER-ML-1004,2.713,227.71,12.64,0.942,0,NORMAL
2026-07-22 22:34:05.727696,METER-ML-1004,3.357,230.59,16.14,0.902,0,NORMAL
2026-07-22 23:34:05.727696,METER-ML-1004,3.294,229.13,16.96,0.847,0,NORMAL
2026-07-23 00:34:05.727696,METER-ML-1004,3.527,231.05,15.94,0.958,0,NORMAL
2026-07-23 01:34:05.727696,METER-ML-1004,3.117,236.55,13.65,0.966,0,NORMAL
2026-07-23 02:34:05.727696,METER-ML-1004,3.757,235.47,17.14,0.931,0,NORMAL
2026-07-23 03:34:05.727696,METER-ML-1004,3.842,230.71,17.57,0.948,0,NORMAL
2026-07-23 04:34:05.727696,METER-ML-1004,3.712,233.66,17.02,0.933,0,NORMAL
2026-07-23 05:34:05.727696,METER-ML-1004,3.559,229.11,17.19,0.904,0,NORMAL
2026-07-23 06:34:05.727696,METER-ML-1004,3.977,226.04,19.89,0.885,0,NORMAL
2026-07-23 07:34:05.727696,METER-ML-1004,5.257,229.45,24.71,0.927,0,NORMAL
2026-07-23 08:34:05.727696,METER-ML-1004,5.104,226.76,23.69,0.95,0,NORMAL
2026-07-23 09:34:05.727696,METER-ML-1004,5.76,234.7,26.27,0.934,0,NORMAL
2026-07-23 10:34:05.727696,METER-ML-1004,6.036,231.27,27.47,0.95,0,NORMAL
2026-07-23 11:34:05.727696,METER-ML-1004,5.399,233.49,25.31,0.914,0,NORMAL
2026-07-23 12:34:05.727696,METER-ML-1004,5.612,234.5,27.0,0.886,0,NORMAL
2026-07-23 13:34:05.727696,METER-ML-1004,0.071,226.65,0.1,0.933,1,CHUTE_SUSPECTE_FRAUDE
2026-07-23 14:34:05.727696,METER-ML-1004,5.211,233.19,23.26,0.961,0,NORMAL
2026-07-23 15:34:05.727696,METER-ML-1004,5.748,232.47,26.31,0.94,0,NORMAL
2026-07-23 16:34:05.727696,METER-ML-1004,5.388,231.7,24.86,0.935,0,NORMAL
2026-07-23 17:34:05.727696,METER-ML-1004,4.464,229.81,21.69,0.895,0,NORMAL
2026-07-23 18:34:05.727696,METER-ML-1004,3.529,222.04,17.1,0.93,0,NORMAL
2026-07-23 19:34:05.727696,METER-ML-1004,3.782,233.84,17.58,0.92,0,NORMAL
2026-07-23 20:34:05.727696,METER-ML-1004,3.506,224.77,16.79,0.929,0,NORMAL
2026-07-23 21:34:05.727696,METER-ML-1004,2.808,226.33,13.56,0.915,0,NORMAL
2026-07-23 22:34:05.727696,METER-ML-1004,2.804,236.55,12.89,0.92,0,NORMAL
2026-07-23 23:34:05.727696,METER-ML-1004,2.726,228.33,13.23,0.903,0,NORMAL
2026-07-24 00:34:05.727696,METER-ML-1004,3.37,233.32,16.46,0.877,0,NORMAL
2026-07-24 01:34:05.727696,METER-ML-1004,4.148,228.95,19.93,0.909,0,NORMAL
2026-07-24 02:34:05.727696,METER-ML-1004,3.331,231.79,16.63,0.864,0,NORMAL
2026-07-24 03:34:05.727696,METER-ML-1004,3.29,234.38,14.37,0.977,0,NORMAL
2026-07-24 04:34:05.727696,METER-ML-1004,3.961,231.66,17.66,0.968,0,NORMAL
2026-07-24 05:34:05.727696,METER-ML-1004,3.26,231.37,15.01,0.939,0,NORMAL
2026-07-24 06:34:05.727696,METER-ML-1004,3.846,231.05,18.13,0.918,0,NORMAL
2026-07-24 07:34:05.727696,METER-ML-1004,3.903,225.62,18.91,0.915,0,NORMAL
2026-07-24 08:34:05.727696,METER-ML-1004,5.136,230.32,25.36,0.879,0,NORMAL
2026-07-24 09:34:05.727696,METER-ML-1004,5.681,227.93,27.82,0.896,0,NORMAL
2026-07-24 10:34:05.727696,METER-ML-1004,5.883,235.55,26.47,0.943,0,NORMAL
2026-07-24 11:34:05.727696,METER-ML-1004,5.323,233.27,25.2,0.906,0,NORMAL
2026-07-24 12:34:05.727696,METER-ML-1004,5.743,237.2,24.46,0.99,0,NORMAL
2026-07-24 13:34:05.727696,METER-ML-1004,5.403,233.49,26.54,0.872,0,NORMAL
2026-07-24 14:34:05.727696,METER-ML-1004,5.769,231.93,28.15,0.884,0,NORMAL
2026-07-24 15:34:05.727696,METER-ML-1004,4.769,229.57,23.93,0.868,0,NORMAL
2026-07-24 16:34:05.727696,METER-ML-1004,5.634,230.14,26.08,0.939,0,NORMAL
2026-07-24 17:34:05.727696,METER-ML-1004,4.72,230.46,21.86,0.937,0,NORMAL
2026-07-24 18:34:05.727696,METER-ML-1004,4.047,224.43,20.21,0.892,0,NORMAL
2026-07-24 19:34:05.727696,METER-ML-1004,3.296,235.24,15.56,0.9,0,NORMAL
2026-07-24 20:34:05.727696,METER-ML-1004,3.889,237.91,16.94,0.965,0,NORMAL
2026-07-24 21:34:05.727696,METER-ML-1004,3.718,229.36,17.22,0.941,0,NORMAL
2026-07-24 22:34:05.727696,METER-ML-1004,2.24,233.57,10.54,0.91,0,NORMAL
2026-07-24 23:34:05.727696,METER-ML-1004,2.554,233.02,12.25,0.894,0,NORMAL
2026-07-25 00:34:05.727696,METER-ML-1004,4.618,226.45,21.26,0.959,0,NORMAL
2026-07-25 01:34:05.727696,METER-ML-1004,4.473,229.56,21.87,0.891,0,NORMAL
2026-07-25 02:34:05.727696,METER-ML-1004,3.926,234.29,17.61,0.952,0,NORMAL
2026-07-25 03:34:05.727696,METER-ML-1004,4.022,232.26,17.87,0.969,0,NORMAL
2026-07-25 04:34:05.727696,METER-ML-1004,4.051,227.67,20.66,0.861,0,NORMAL
2026-07-25 05:34:05.727696,METER-ML-1004,4.047,222.24,20.31,0.897,0,NORMAL
2026-07-25 06:34:05.727696,METER-ML-1004,20.337,229.69,91.62,0.966,1,SURCHARGE_ANORMALE
2026-07-25 07:34:05.727696,METER-ML-1004,6.182,162.3,27.89,0.543,1,ANOMALIE_TENSION_FP
2026-07-25 08:34:05.727696,METER-ML-1004,5.979,226.95,29.21,0.902,0,NORMAL
2026-07-25 09:34:05.727696,METER-ML-1004,5.929,232.8,29.24,0.871,0,NORMAL
2026-07-25 10:34:05.727696,METER-ML-1004,6.574,226.74,30.31,0.957,0,NORMAL
2026-07-25 11:34:05.727696,METER-ML-1004,6.355,234.14,29.38,0.924,0,NORMAL
2026-07-25 12:34:05.727696,METER-ML-1004,6.394,230.17,31.14,0.892,0,NORMAL
2026-07-25 13:34:05.727696,METER-ML-1004,6.389,233.08,28.3,0.968,0,NORMAL
2026-07-25 14:34:05.727696,METER-ML-1004,6.649,229.29,32.05,0.905,0,NORMAL
2026-07-25 15:34:05.727696,METER-ML-1004,5.699,233.06,27.61,0.886,0,NORMAL
2026-07-25 16:34:05.727696,METER-ML-1004,6.285,231.67,28.64,0.947,0,NORMAL
2026-07-25 17:34:05.727696,METER-ML-1004,5.767,228.77,29.04,0.868,0,NORMAL
2026-07-25 18:34:05.727696,METER-ML-1004,5.255,223.37,24.66,0.954,0,NORMAL
2026-07-25 19:34:05.727696,METER-ML-1004,3.526,232.48,16.75,0.905,0,NORMAL
2026-07-25 20:34:05.727696,METER-ML-1004,4.332,222.94,22.1,0.879,0,NORMAL
2026-07-25 21:34:05.727696,METER-ML-1004,4.396,225.98,21.08,0.923,0,NORMAL
2026-07-25 22:34:05.727696,METER-ML-1004,3.835,230.78,18.13,0.916,0,NORMAL
2026-07-25 23:34:05.727696,METER-ML-1004,2.96,236.44,13.4,0.934,0,NORMAL
2026-07-26 00:34:05.727696,METER-ML-1004,4.566,153.68,20.72,0.502,1,ANOMALIE_TENSION_FP
2026-07-26 01:34:05.727696,METER-ML-1004,3.602,225.53,17.28,0.924,0,NORMAL
2026-07-26 02:34:05.727696,METER-ML-1004,4.19,231.48,20.46,0.885,0,NORMAL
2026-07-26 03:34:05.727696,METER-ML-1004,4.167,228.68,20.67,0.881,0,NORMAL
2026-07-26 04:34:05.727696,METER-ML-1004,4.049,228.62,19.2,0.922,0,NORMAL
2026-07-26 05:34:05.727696,METER-ML-1004,3.96,223.49,18.66,0.95,0,NORMAL
2026-07-26 06:34:05.727696,METER-ML-1004,4.644,226.78,21.7,0.944,0,NORMAL
2026-07-26 07:34:05.727696,METER-ML-1004,6.239,229.99,30.45,0.891,0,NORMAL
2026-07-26 08:34:05.727696,METER-ML-1004,5.533,231.2,26.92,0.889,0,NORMAL
2026-07-26 09:34:05.727696,METER-ML-1004,5.962,228.52,27.69,0.942,0,NORMAL
2026-07-26 10:34:05.727696,METER-ML-1004,35.077,227.63,170.7,0.903,1,SURCHARGE_ANORMALE
2026-07-26 11:34:05.727696,METER-ML-1004,6.634,225.37,31.46,0.936,0,NORMAL
2026-07-26 12:34:05.727696,METER-ML-1004,7.526,227.04,35.81,0.926,0,NORMAL
2026-07-26 13:34:05.727696,METER-ML-1004,5.93,230.62,25.97,0.99,0,NORMAL
2026-07-26 14:34:05.727696,METER-ML-1004,7.262,228.85,33.35,0.952,0,NORMAL
2026-07-26 15:34:05.727696,METER-ML-1004,6.732,227.97,32.85,0.899,0,NORMAL
2026-07-26 16:34:05.727696,METER-ML-1004,5.838,229.85,27.62,0.919,0,NORMAL
2026-07-26 17:34:05.727696,METER-ML-1004,5.607,224.79,27.3,0.914,0,NORMAL
2026-07-26 18:34:05.727696,METER-ML-1004,4.567,229.49,22.09,0.901,0,NORMAL
2026-07-26 19:34:05.727696,METER-ML-1004,4.9,225.05,22.37,0.973,0,NORMAL
2026-07-26 20:34:05.727696,METER-ML-1004,4.771,226.78,23.39,0.9,0,NORMAL
2026-07-26 21:34:05.727696,METER-ML-1004,2.859,228.39,13.67,0.916,0,NORMAL
2026-07-26 22:34:05.727696,METER-ML-1004,3.58,231.0,17.07,0.908,0,NORMAL
2026-07-26 23:34:05.727696,METER-ML-1004,2.637,226.02,12.48,0.935,0,NORMAL
2026-07-27 00:34:05.727696,METER-ML-1004,3.03,229.01,14.52,0.911,0,NORMAL
2026-07-27 01:34:05.727696,METER-ML-1004,3.073,229.53,14.89,0.899,0,NORMAL
2026-07-27 02:34:05.727696,METER-ML-1004,3.15,228.08,16.06,0.86,0,NORMAL
2026-07-27 03:34:05.727696,METER-ML-1004,3.289,229.28,15.67,0.916,0,NORMAL
2026-07-27 04:34:05.727696,METER-ML-1004,3.572,228.72,18.25,0.856,0,NORMAL
2026-07-27 05:34:05.727696,METER-ML-1004,3.829,231.67,18.55,0.891,0,NORMAL
2026-07-27 06:34:05.727696,METER-ML-1004,3.921,231.84,19.1,0.886,0,NORMAL
2026-07-27 07:34:05.727696,METER-ML-1004,4.738,238.29,21.39,0.929,0,NORMAL
2026-07-27 08:34:05.727696,METER-ML-1004,4.67,227.84,23.18,0.884,0,NORMAL
2026-07-27 09:34:05.727696,METER-ML-1004,5.019,231.04,24.03,0.904,0,NORMAL
2026-07-27 10:34:05.727696,METER-ML-1004,5.931,233.35,28.47,0.893,0,NORMAL
2026-07-27 11:34:05.727696,METER-ML-1004,5.067,231.1,24.36,0.9,0,NORMAL
2026-07-27 12:34:05.727696,METER-ML-1004,5.182,234.43,24.93,0.887,0,NORMAL
2026-07-27 13:34:05.727696,METER-ML-1004,5.232,227.47,25.32,0.909,0,NORMAL
2026-07-27 14:34:05.727696,METER-ML-1004,5.514,235.54,24.11,0.971,0,NORMAL
2026-07-27 15:34:05.727696,METER-ML-1004,5.126,235.44,23.51,0.926,0,NORMAL
2026-07-27 16:34:05.727696,METER-ML-1004,5.804,235.17,26.26,0.94,0,NORMAL
2026-07-27 17:34:05.727696,METER-ML-1004,4.387,229.41,21.39,0.894,0,NORMAL
2026-07-27 18:34:05.727696,METER-ML-1004,4.093,230.01,18.71,0.951,0,NORMAL
2026-07-27 19:34:05.727696,METER-ML-1004,3.951,226.49,17.83,0.978,0,NORMAL
2026-07-27 20:34:05.727696,METER-ML-1004,3.52,228.95,16.74,0.918,0,NORMAL
2026-07-27 21:34:05.727696,METER-ML-1004,3.497,229.5,17.23,0.884,0,NORMAL
2026-07-27 22:34:05.727696,METER-ML-1004,3.613,231.44,17.06,0.915,0,NORMAL
2026-07-27 23:34:05.727696,METER-ML-1004,2.224,230.55,10.64,0.906,0,NORMAL
2026-07-28 00:34:05.727696,METER-ML-1004,3.697,228.5,17.81,0.908,0,NORMAL
2026-07-28 01:34:05.727696,METER-ML-1004,4.159,234.31,21.62,0.821,0,NORMAL
2026-07-28 02:34:05.727696,METER-ML-1004,3.957,223.75,19.47,0.909,0,NORMAL
2026-07-28 03:34:05.727696,METER-ML-1004,3.222,226.06,16.21,0.879,0,NORMAL
2026-07-28 04:34:05.727696,METER-ML-1004,3.078,230.43,14.19,0.941,0,NORMAL
2026-07-28 05:34:05.727696,METER-ML-1004,3.717,229.77,18.36,0.881,0,NORMAL
2026-07-28 06:34:05.727696,METER-ML-1004,4.442,227.88,21.98,0.887,0,NORMAL
2026-07-28 07:34:05.727696,METER-ML-1004,4.488,232.36,20.87,0.925,0,NORMAL
2026-07-28 08:34:05.727696,METER-ML-1004,5.002,229.51,24.41,0.893,0,NORMAL
2026-07-28 09:34:05.727696,METER-ML-1004,4.89,226.22,24.93,0.867,0,NORMAL
2026-07-28 10:34:05.727696,METER-ML-1004,5.255,231.58,24.33,0.933,0,NORMAL
2026-07-28 11:34:05.727696,METER-ML-1004,5.56,223.97,27.7,0.896,0,NORMAL
2026-07-28 12:34:05.727696,METER-ML-1004,5.56,234.29,25.54,0.929,0,NORMAL
2026-07-28 13:34:05.727696,METER-ML-1004,5.515,222.6,25.85,0.958,0,NORMAL
2026-07-28 14:34:05.727696,METER-ML-1004,5.837,223.78,27.13,0.962,0,NORMAL
2026-07-28 15:34:05.727696,METER-ML-1004,5.101,227.54,23.64,0.948,0,NORMAL
2026-07-28 16:34:05.727696,METER-ML-1004,4.922,221.78,25.07,0.885,0,NORMAL
2026-07-28 17:34:05.727696,METER-ML-1004,4.797,231.32,21.72,0.955,0,NORMAL
2026-07-28 18:34:05.727696,METER-ML-1004,4.799,233.91,22.59,0.908,0,NORMAL
2026-07-28 19:34:05.727696,METER-ML-1004,4.562,229.77,22.36,0.888,0,NORMAL
2026-07-28 20:34:05.727696,METER-ML-1004,3.34,229.32,16.58,0.878,0,NORMAL
2026-07-28 21:34:05.727696,METER-ML-1004,2.535,233.58,12.52,0.867,0,NORMAL
2026-07-28 22:34:05.727696,METER-ML-1004,2.327,228.7,11.6,0.877,0,NORMAL
2026-07-28 23:34:05.727696,METER-ML-1004,3.499,230.23,15.98,0.951,0,NORMAL
2026-07-29 00:34:05.727696,METER-ML-1004,3.809,229.51,18.84,0.881,0,NORMAL
2026-05-30 00:34:05.727696,METER-ML-1005,4.273,227.33,21.29,0.883,0,NORMAL
2026-05-30 01:34:05.727696,METER-ML-1005,3.627,224.71,16.37,0.986,0,NORMAL
2026-05-30 02:34:05.727696,METER-ML-1005,4.249,225.59,20.64,0.913,0,NORMAL
2026-05-30 03:34:05.727696,METER-ML-1005,3.364,231.61,16.55,0.878,0,NORMAL
2026-05-30 04:34:05.727696,METER-ML-1005,3.822,226.66,18.78,0.898,0,NORMAL
2026-05-30 05:34:05.727696,METER-ML-1005,3.956,228.56,19.0,0.911,0,NORMAL
2026-05-30 06:34:05.727696,METER-ML-1005,4.685,235.04,21.3,0.936,0,NORMAL
2026-05-30 07:34:05.727696,METER-ML-1005,5.099,228.17,24.91,0.897,0,NORMAL
2026-05-30 08:34:05.727696,METER-ML-1005,4.698,229.96,20.8,0.982,0,NORMAL
2026-05-30 09:34:05.727696,METER-ML-1005,6.062,226.76,28.45,0.94,0,NORMAL
2026-05-30 10:34:05.727696,METER-ML-1005,5.584,230.69,26.26,0.922,0,NORMAL
2026-05-30 11:34:05.727696,METER-ML-1005,6.023,227.22,27.82,0.953,0,NORMAL
2026-05-30 12:34:05.727696,METER-ML-1005,7.862,231.41,36.96,0.919,0,NORMAL
2026-05-30 13:34:05.727696,METER-ML-1005,7.365,225.16,36.51,0.896,0,NORMAL
2026-05-30 14:34:05.727696,METER-ML-1005,6.046,229.37,28.44,0.927,0,NORMAL
2026-05-30 15:34:05.727696,METER-ML-1005,5.867,232.23,26.96,0.937,0,NORMAL
2026-05-30 16:34:05.727696,METER-ML-1005,4.977,230.71,23.27,0.927,0,NORMAL
2026-05-30 17:34:05.727696,METER-ML-1005,4.622,229.73,20.32,0.99,0,NORMAL
2026-05-30 18:34:05.727696,METER-ML-1005,4.285,232.16,19.66,0.939,0,NORMAL
2026-05-30 19:34:05.727696,METER-ML-1005,5.212,228.94,23.83,0.955,0,NORMAL
2026-05-30 20:34:05.727696,METER-ML-1005,3.666,226.82,17.15,0.942,0,NORMAL
2026-05-30 21:34:05.727696,METER-ML-1005,4.102,231.66,19.57,0.905,0,NORMAL
2026-05-30 22:34:05.727696,METER-ML-1005,3.333,234.12,15.69,0.907,0,NORMAL
2026-05-30 23:34:05.727696,METER-ML-1005,2.901,226.14,12.96,0.99,0,NORMAL
2026-05-31 00:34:05.727696,METER-ML-1005,4.826,228.24,22.35,0.946,0,NORMAL
2026-05-31 01:34:05.727696,METER-ML-1005,3.558,233.39,16.84,0.905,0,NORMAL
2026-05-31 02:34:05.727696,METER-ML-1005,4.156,231.44,19.18,0.937,0,NORMAL
2026-05-31 03:34:05.727696,METER-ML-1005,4.318,229.06,20.97,0.899,0,NORMAL
2026-05-31 04:34:05.727696,METER-ML-1005,3.998,235.25,18.45,0.921,0,NORMAL
2026-05-31 05:34:05.727696,METER-ML-1005,3.558,231.85,16.85,0.911,0,NORMAL
2026-05-31 06:34:05.727696,METER-ML-1005,4.557,234.11,21.06,0.925,0,NORMAL
2026-05-31 07:34:05.727696,METER-ML-1005,5.847,228.85,26.63,0.959,0,NORMAL
2026-05-31 08:34:05.727696,METER-ML-1005,5.723,227.27,26.85,0.938,0,NORMAL
2026-05-31 09:34:05.727696,METER-ML-1005,6.113,225.54,27.66,0.98,0,NORMAL
2026-05-31 10:34:05.727696,METER-ML-1005,6.494,232.36,29.3,0.954,0,NORMAL
2026-05-31 11:34:05.727696,METER-ML-1005,6.24,233.33,28.77,0.93,0,NORMAL
2026-05-31 12:34:05.727696,METER-ML-1005,7.152,227.52,32.9,0.955,0,NORMAL
2026-05-31 13:34:05.727696,METER-ML-1005,6.314,229.6,29.82,0.922,0,NORMAL
2026-05-31 14:34:05.727696,METER-ML-1005,7.294,233.47,33.4,0.935,0,NORMAL
2026-05-31 15:34:05.727696,METER-ML-1005,6.083,232.06,28.97,0.905,0,NORMAL
2026-05-31 16:34:05.727696,METER-ML-1005,6.023,231.0,28.33,0.921,0,NORMAL
2026-05-31 17:34:05.727696,METER-ML-1005,5.85,231.45,27.55,0.917,0,NORMAL
2026-05-31 18:34:05.727696,METER-ML-1005,4.313,230.53,19.89,0.941,0,NORMAL
2026-05-31 19:34:05.727696,METER-ML-1005,3.872,230.0,18.1,0.93,0,NORMAL
2026-05-31 20:34:05.727696,METER-ML-1005,3.868,225.49,19.57,0.877,0,NORMAL
2026-05-31 21:34:05.727696,METER-ML-1005,2.567,226.71,12.13,0.933,0,NORMAL
2026-05-31 22:34:05.727696,METER-ML-1005,3.003,234.98,14.13,0.905,0,NORMAL
2026-05-31 23:34:05.727696,METER-ML-1005,2.524,228.94,12.36,0.892,0,NORMAL
2026-06-01 00:34:05.727696,METER-ML-1005,3.231,151.67,15.71,0.441,1,ANOMALIE_TENSION_FP
2026-06-01 01:34:05.727696,METER-ML-1005,3.465,225.44,16.61,0.925,0,NORMAL
2026-06-01 02:34:05.727696,METER-ML-1005,3.451,232.73,16.41,0.904,0,NORMAL
2026-06-01 03:34:05.727696,METER-ML-1005,3.409,234.78,16.41,0.884,0,NORMAL
2026-06-01 04:34:05.727696,METER-ML-1005,3.088,226.44,14.4,0.947,0,NORMAL
2026-06-01 05:34:05.727696,METER-ML-1005,2.917,236.37,13.47,0.916,0,NORMAL
2026-06-01 06:34:05.727696,METER-ML-1005,4.416,227.48,21.36,0.909,0,NORMAL
2026-06-01 07:34:05.727696,METER-ML-1005,4.115,233.47,19.96,0.883,0,NORMAL
2026-06-01 08:34:05.727696,METER-ML-1005,4.772,225.33,22.94,0.923,0,NORMAL
2026-06-01 09:34:05.727696,METER-ML-1005,4.052,229.88,19.13,0.921,0,NORMAL
2026-06-01 10:34:05.727696,METER-ML-1005,4.674,235.66,22.9,0.866,0,NORMAL
2026-06-01 11:34:05.727696,METER-ML-1005,5.574,225.29,27.28,0.907,0,NORMAL
2026-06-01 12:34:05.727696,METER-ML-1005,5.398,224.27,28.84,0.835,0,NORMAL
2026-06-01 13:34:05.727696,METER-ML-1005,4.935,230.64,23.35,0.916,0,NORMAL
2026-06-01 14:34:05.727696,METER-ML-1005,4.806,228.14,23.61,0.892,0,NORMAL
2026-06-01 15:34:05.727696,METER-ML-1005,4.484,229.0,21.65,0.904,0,NORMAL
2026-06-01 16:34:05.727696,METER-ML-1005,4.941,228.25,24.6,0.88,0,NORMAL
2026-06-01 17:34:05.727696,METER-ML-1005,4.526,232.21,20.68,0.942,0,NORMAL
2026-06-01 18:34:05.727696,METER-ML-1005,3.924,238.37,18.68,0.881,0,NORMAL
2026-06-01 19:34:05.727696,METER-ML-1005,3.29,230.77,15.05,0.947,0,NORMAL
2026-06-01 20:34:05.727696,METER-ML-1005,3.713,226.47,17.07,0.96,0,NORMAL
2026-06-01 21:34:05.727696,METER-ML-1005,3.321,228.25,16.02,0.908,0,NORMAL
2026-06-01 22:34:05.727696,METER-ML-1005,2.597,227.88,13.2,0.863,0,NORMAL
2026-06-01 23:34:05.727696,METER-ML-1005,2.06,231.39,9.6,0.927,0,NORMAL
2026-06-02 00:34:05.727696,METER-ML-1005,3.541,175.23,17.1,0.549,1,ANOMALIE_TENSION_FP
2026-06-02 01:34:05.727696,METER-ML-1005,3.339,233.03,16.3,0.879,0,NORMAL
2026-06-02 02:34:05.727696,METER-ML-1005,2.301,226.83,11.07,0.916,0,NORMAL
2026-06-02 03:34:05.727696,METER-ML-1005,3.25,234.9,15.65,0.884,0,NORMAL
2026-06-02 04:34:05.727696,METER-ML-1005,3.444,227.42,17.05,0.888,0,NORMAL
2026-06-02 05:34:05.727696,METER-ML-1005,2.995,228.66,14.18,0.924,0,NORMAL
2026-06-02 06:34:05.727696,METER-ML-1005,3.949,234.83,19.0,0.885,0,NORMAL
2026-06-02 07:34:05.727696,METER-ML-1005,4.517,228.86,20.14,0.98,0,NORMAL
2026-06-02 08:34:05.727696,METER-ML-1005,4.11,228.02,19.07,0.945,0,NORMAL
2026-06-02 09:34:05.727696,METER-ML-1005,5.715,226.21,29.04,0.87,0,NORMAL
2026-06-02 10:34:05.727696,METER-ML-1005,5.591,234.61,27.79,0.858,0,NORMAL
2026-06-02 11:34:05.727696,METER-ML-1005,4.88,228.39,23.41,0.913,0,NORMAL
2026-06-02 12:34:05.727696,METER-ML-1005,5.618,223.26,27.83,0.904,0,NORMAL
2026-06-02 13:34:05.727696,METER-ML-1005,5.908,231.01,26.98,0.948,0,NORMAL
2026-06-02 14:34:05.727696,METER-ML-1005,5.369,227.71,25.48,0.925,0,NORMAL
2026-06-02 15:34:05.727696,METER-ML-1005,5.985,233.99,30.45,0.84,0,NORMAL
2026-06-02 16:34:05.727696,METER-ML-1005,4.922,158.25,22.8,0.578,1,ANOMALIE_TENSION_FP
2026-06-02 17:34:05.727696,METER-ML-1005,4.51,229.05,22.4,0.879,0,NORMAL
2026-06-02 18:34:05.727696,METER-ML-1005,3.478,236.35,15.73,0.936,0,NORMAL
2026-06-02 19:34:05.727696,METER-ML-1005,4.294,225.96,20.28,0.937,0,NORMAL
2026-06-02 20:34:05.727696,METER-ML-1005,3.166,229.73,15.81,0.871,0,NORMAL
2026-06-02 21:34:05.727696,METER-ML-1005,2.527,231.06,11.85,0.923,0,NORMAL
2026-06-02 22:34:05.727696,METER-ML-1005,2.544,236.35,11.85,0.908,0,NORMAL
2026-06-02 23:34:05.727696,METER-ML-1005,2.427,228.77,11.15,0.952,0,NORMAL
2026-06-03 00:34:05.727696,METER-ML-1005,2.788,226.69,13.3,0.925,0,NORMAL
2026-06-03 01:34:05.727696,METER-ML-1005,2.919,233.43,12.68,0.986,0,NORMAL
2026-06-03 02:34:05.727696,METER-ML-1005,3.486,232.61,17.56,0.853,0,NORMAL
2026-06-03 03:34:05.727696,METER-ML-1005,3.158,166.76,15.16,0.497,1,ANOMALIE_TENSION_FP
2026-06-03 04:34:05.727696,METER-ML-1005,3.431,220.78,16.35,0.951,0,NORMAL
2026-06-03 05:34:05.727696,METER-ML-1005,2.754,239.31,12.82,0.898,0,NORMAL
2026-06-03 06:34:05.727696,METER-ML-1005,3.67,228.98,17.3,0.927,0,NORMAL
2026-06-03 07:34:05.727696,METER-ML-1005,4.648,235.62,21.6,0.913,0,NORMAL
2026-06-03 08:34:05.727696,METER-ML-1005,4.351,228.53,20.53,0.927,0,NORMAL
2026-06-03 09:34:05.727696,METER-ML-1005,4.79,231.79,22.28,0.927,0,NORMAL
2026-06-03 10:34:05.727696,METER-ML-1005,6.029,233.66,27.46,0.94,0,NORMAL
2026-06-03 11:34:05.727696,METER-ML-1005,5.88,230.53,28.37,0.899,0,NORMAL
2026-06-03 12:34:05.727696,METER-ML-1005,5.384,233.16,25.35,0.911,0,NORMAL
2026-06-03 13:34:05.727696,METER-ML-1005,5.34,231.7,24.98,0.923,0,NORMAL
2026-06-03 14:34:05.727696,METER-ML-1005,5.359,227.58,26.63,0.884,0,NORMAL
2026-06-03 15:34:05.727696,METER-ML-1005,5.292,226.3,25.88,0.904,0,NORMAL
2026-06-03 16:34:05.727696,METER-ML-1005,4.624,174.58,22.08,0.415,1,ANOMALIE_TENSION_FP
2026-06-03 17:34:05.727696,METER-ML-1005,4.872,237.3,22.9,0.896,0,NORMAL
2026-06-03 18:34:05.727696,METER-ML-1005,4.335,238.56,20.03,0.907,0,NORMAL
2026-06-03 19:34:05.727696,METER-ML-1005,3.384,226.04,16.7,0.896,0,NORMAL
2026-06-03 20:34:05.727696,METER-ML-1005,2.802,233.33,12.89,0.931,0,NORMAL
2026-06-03 21:34:05.727696,METER-ML-1005,3.156,235.74,14.8,0.904,0,NORMAL
2026-06-03 22:34:05.727696,METER-ML-1005,3.458,228.5,15.31,0.988,0,NORMAL
2026-06-03 23:34:05.727696,METER-ML-1005,2.796,228.63,13.88,0.881,0,NORMAL
2026-06-04 00:34:05.727696,METER-ML-1005,3.421,234.1,15.68,0.932,0,NORMAL
2026-06-04 01:34:05.727696,METER-ML-1005,3.138,227.88,15.54,0.886,0,NORMAL
2026-06-04 02:34:05.727696,METER-ML-1005,2.996,230.4,14.4,0.903,0,NORMAL
2026-06-04 03:34:05.727696,METER-ML-1005,2.815,230.88,13.12,0.93,0,NORMAL
2026-06-04 04:34:05.727696,METER-ML-1005,2.982,230.22,13.64,0.949,0,NORMAL
2026-06-04 05:34:05.727696,METER-ML-1005,2.921,229.29,14.39,0.885,0,NORMAL
2026-06-04 06:34:05.727696,METER-ML-1005,3.801,221.38,18.34,0.936,0,NORMAL
2026-06-04 07:34:05.727696,METER-ML-1005,4.228,231.64,19.45,0.938,0,NORMAL
2026-06-04 08:34:05.727696,METER-ML-1005,4.61,230.0,22.97,0.873,0,NORMAL
2026-06-04 09:34:05.727696,METER-ML-1005,5.469,235.81,25.54,0.908,0,NORMAL
2026-06-04 10:34:05.727696,METER-ML-1005,5.508,222.37,27.3,0.907,0,NORMAL
2026-06-04 11:34:05.727696,METER-ML-1005,5.725,231.89,27.1,0.911,0,NORMAL
2026-06-04 12:34:05.727696,METER-ML-1005,5.246,222.97,24.99,0.941,0,NORMAL
2026-06-04 13:34:05.727696,METER-ML-1005,5.313,225.23,25.6,0.921,0,NORMAL
2026-06-04 14:34:05.727696,METER-ML-1005,5.442,231.74,25.36,0.926,0,NORMAL
2026-06-04 15:34:05.727696,METER-ML-1005,5.404,238.64,24.43,0.927,0,NORMAL
2026-06-04 16:34:05.727696,METER-ML-1005,4.364,229.54,19.86,0.957,0,NORMAL
2026-06-04 17:34:05.727696,METER-ML-1005,3.702,157.76,18.08,0.425,1,ANOMALIE_TENSION_FP
2026-06-04 18:34:05.727696,METER-ML-1005,4.246,231.69,20.01,0.916,0,NORMAL
2026-06-04 19:34:05.727696,METER-ML-1005,3.749,226.88,18.39,0.899,0,NORMAL
2026-06-04 20:34:05.727696,METER-ML-1005,3.223,230.54,14.71,0.95,0,NORMAL
2026-06-04 21:34:05.727696,METER-ML-1005,3.052,235.54,14.69,0.882,0,NORMAL
2026-06-04 22:34:05.727696,METER-ML-1005,3.002,231.61,13.3,0.974,0,NORMAL
2026-06-04 23:34:05.727696,METER-ML-1005,2.377,237.7,10.75,0.93,0,NORMAL
2026-06-05 00:34:05.727696,METER-ML-1005,2.526,223.81,12.43,0.908,0,NORMAL
2026-06-05 01:34:05.727696,METER-ML-1005,3.172,231.39,14.99,0.914,0,NORMAL
2026-06-05 02:34:05.727696,METER-ML-1005,3.423,229.79,16.04,0.929,0,NORMAL
2026-06-05 03:34:05.727696,METER-ML-1005,3.398,227.03,17.05,0.878,0,NORMAL
2026-06-05 04:34:05.727696,METER-ML-1005,2.898,233.76,14.01,0.885,0,NORMAL
2026-06-05 05:34:05.727696,METER-ML-1005,3.715,234.81,17.06,0.928,0,NORMAL
2026-06-05 06:34:05.727696,METER-ML-1005,3.516,229.05,16.59,0.925,0,NORMAL
2026-06-05 07:34:05.727696,METER-ML-1005,4.016,226.12,19.24,0.923,0,NORMAL
2026-06-05 08:34:05.727696,METER-ML-1005,4.632,226.36,21.43,0.955,0,NORMAL
2026-06-05 09:34:05.727696,METER-ML-1005,5.529,225.71,25.21,0.972,0,NORMAL
2026-06-05 10:34:05.727696,METER-ML-1005,4.975,233.73,23.66,0.899,0,NORMAL
2026-06-05 11:34:05.727696,METER-ML-1005,4.979,233.54,22.72,0.939,0,NORMAL
2026-06-05 12:34:05.727696,METER-ML-1005,5.066,228.8,25.58,0.865,0,NORMAL
2026-06-05 13:34:05.727696,METER-ML-1005,5.506,231.92,25.87,0.918,0,NORMAL
2026-06-05 14:34:05.727696,METER-ML-1005,5.175,229.25,25.22,0.895,0,NORMAL
2026-06-05 15:34:05.727696,METER-ML-1005,5.133,229.86,24.83,0.899,0,NORMAL
2026-06-05 16:34:05.727696,METER-ML-1005,4.591,227.11,21.6,0.936,0,NORMAL
2026-06-05 17:34:05.727696,METER-ML-1005,17.181,230.74,81.69,0.912,1,SURCHARGE_ANORMALE
2026-06-05 18:34:05.727696,METER-ML-1005,3.948,231.92,18.47,0.922,0,NORMAL
2026-06-05 19:34:05.727696,METER-ML-1005,3.032,225.07,14.69,0.917,0,NORMAL
2026-06-05 20:34:05.727696,METER-ML-1005,3.345,227.71,16.37,0.898,0,NORMAL
2026-06-05 21:34:05.727696,METER-ML-1005,12.941,224.61,60.7,0.949,1,SURCHARGE_ANORMALE
2026-06-05 22:34:05.727696,METER-ML-1005,2.24,232.54,10.23,0.942,0,NORMAL
2026-06-05 23:34:05.727696,METER-ML-1005,2.624,227.78,12.15,0.948,0,NORMAL
2026-06-06 00:34:05.727696,METER-ML-1005,3.783,235.2,17.61,0.913,0,NORMAL
2026-06-06 01:34:05.727696,METER-ML-1005,3.78,231.18,18.05,0.906,0,NORMAL
2026-06-06 02:34:05.727696,METER-ML-1005,4.343,234.76,21.1,0.877,0,NORMAL
2026-06-06 03:34:05.727696,METER-ML-1005,4.142,231.44,20.24,0.884,0,NORMAL
2026-06-06 04:34:05.727696,METER-ML-1005,4.455,225.56,21.98,0.899,0,NORMAL
2026-06-06 05:34:05.727696,METER-ML-1005,3.84,230.18,18.22,0.915,0,NORMAL
2026-06-06 06:34:05.727696,METER-ML-1005,4.554,226.79,22.39,0.897,0,NORMAL
2026-06-06 07:34:05.727696,METER-ML-1005,4.522,232.69,22.64,0.858,0,NORMAL
2026-06-06 08:34:05.727696,METER-ML-1005,6.068,231.32,28.47,0.921,0,NORMAL
2026-06-06 09:34:05.727696,METER-ML-1005,5.229,223.06,24.71,0.949,0,NORMAL
2026-06-06 10:34:05.727696,METER-ML-1005,6.217,229.01,29.9,0.908,0,NORMAL
2026-06-06 11:34:05.727696,METER-ML-1005,6.447,234.28,29.22,0.942,0,NORMAL
2026-06-06 12:34:05.727696,METER-ML-1005,5.865,227.49,27.15,0.95,0,NORMAL
2026-06-06 13:34:05.727696,METER-ML-1005,6.525,225.75,30.06,0.961,0,NORMAL
2026-06-06 14:34:05.727696,METER-ML-1005,6.735,226.35,33.58,0.886,0,NORMAL
2026-06-06 15:34:05.727696,METER-ML-1005,5.721,231.56,26.29,0.94,0,NORMAL
2026-06-06 16:34:05.727696,METER-ML-1005,6.096,235.83,26.91,0.961,0,NORMAL
2026-06-06 17:34:05.727696,METER-ML-1005,5.67,231.82,27.71,0.883,0,NORMAL
2026-06-06 18:34:05.727696,METER-ML-1005,4.778,228.28,23.42,0.893,0,NORMAL
2026-06-06 19:34:05.727696,METER-ML-1005,4.7,229.69,22.65,0.903,0,NORMAL
2026-06-06 20:34:05.727696,METER-ML-1005,0.029,230.94,0.1,0.942,1,CHUTE_SUSPECTE_FRAUDE
2026-06-06 21:34:05.727696,METER-ML-1005,2.763,232.3,13.47,0.883,0,NORMAL
2026-06-06 22:34:05.727696,METER-ML-1005,3.329,233.06,15.36,0.93,0,NORMAL
2026-06-06 23:34:05.727696,METER-ML-1005,3.033,229.06,13.37,0.99,0,NORMAL
2026-06-07 00:34:05.727696,METER-ML-1005,3.948,236.26,18.84,0.887,0,NORMAL
2026-06-07 01:34:05.727696,METER-ML-1005,3.245,229.64,15.83,0.892,0,NORMAL
2026-06-07 02:34:05.727696,METER-ML-1005,3.723,227.47,18.23,0.898,0,NORMAL
2026-06-07 03:34:05.727696,METER-ML-1005,3.806,234.91,16.37,0.99,0,NORMAL
2026-06-07 04:34:05.727696,METER-ML-1005,3.759,229.98,18.11,0.902,0,NORMAL
2026-06-07 05:34:05.727696,METER-ML-1005,3.697,236.9,16.09,0.97,0,NORMAL
2026-06-07 06:34:05.727696,METER-ML-1005,5.28,225.55,25.59,0.915,0,NORMAL
2026-06-07 07:34:05.727696,METER-ML-1005,5.294,233.72,24.53,0.923,0,NORMAL
2026-06-07 08:34:05.727696,METER-ML-1005,4.986,228.94,23.52,0.926,0,NORMAL
2026-06-07 09:34:05.727696,METER-ML-1005,6.235,223.88,29.51,0.944,0,NORMAL
2026-06-07 10:34:05.727696,METER-ML-1005,5.284,224.53,24.65,0.955,0,NORMAL
2026-06-07 11:34:05.727696,METER-ML-1005,6.775,236.49,32.78,0.874,0,NORMAL
2026-06-07 12:34:05.727696,METER-ML-1005,6.905,225.97,34.51,0.885,0,NORMAL
2026-06-07 13:34:05.727696,METER-ML-1005,6.603,226.22,30.33,0.962,0,NORMAL
2026-06-07 14:34:05.727696,METER-ML-1005,6.215,226.5,30.76,0.892,0,NORMAL
2026-06-07 15:34:05.727696,METER-ML-1005,5.762,150.06,27.21,0.469,1,ANOMALIE_TENSION_FP
2026-06-07 16:34:05.727696,METER-ML-1005,6.24,229.92,29.02,0.935,0,NORMAL
2026-06-07 17:34:05.727696,METER-ML-1005,5.525,226.67,25.8,0.945,0,NORMAL
2026-06-07 18:34:05.727696,METER-ML-1005,5.621,231.78,25.97,0.934,0,NORMAL
2026-06-07 19:34:05.727696,METER-ML-1005,4.405,234.05,20.62,0.913,0,NORMAL
2026-06-07 20:34:05.727696,METER-ML-1005,2.948,232.73,13.93,0.909,0,NORMAL
2026-06-07 21:34:05.727696,METER-ML-1005,2.788,230.72,14.11,0.857,0,NORMAL
2026-06-07 22:34:05.727696,METER-ML-1005,2.951,231.17,13.16,0.97,0,NORMAL
2026-06-07 23:34:05.727696,METER-ML-1005,2.895,228.6,14.83,0.854,0,NORMAL
2026-06-08 00:34:05.727696,METER-ML-1005,3.775,231.59,18.85,0.865,0,NORMAL
2026-06-08 01:34:05.727696,METER-ML-1005,3.207,235.22,13.99,0.975,0,NORMAL
2026-06-08 02:34:05.727696,METER-ML-1005,3.339,232.37,15.71,0.915,0,NORMAL
2026-06-08 03:34:05.727696,METER-ML-1005,2.578,232.45,12.02,0.923,0,NORMAL
2026-06-08 04:34:05.727696,METER-ML-1005,2.681,234.64,12.03,0.95,0,NORMAL
2026-06-08 05:34:05.727696,METER-ML-1005,2.614,232.22,11.95,0.942,0,NORMAL
2026-06-08 06:34:05.727696,METER-ML-1005,3.892,236.65,18.39,0.894,0,NORMAL
2026-06-08 07:34:05.727696,METER-ML-1005,3.608,225.21,17.95,0.893,0,NORMAL
2026-06-08 08:34:05.727696,METER-ML-1005,4.754,224.88,22.75,0.929,0,NORMAL
2026-06-08 09:34:05.727696,METER-ML-1005,4.837,226.58,23.01,0.928,0,NORMAL
2026-06-08 10:34:05.727696,METER-ML-1005,5.731,229.36,26.5,0.943,0,NORMAL
2026-06-08 11:34:05.727696,METER-ML-1005,5.746,231.04,27.63,0.9,0,NORMAL
2026-06-08 12:34:05.727696,METER-ML-1005,4.843,225.2,21.97,0.979,0,NORMAL
2026-06-08 13:34:05.727696,METER-ML-1005,5.807,231.16,27.2,0.924,0,NORMAL
2026-06-08 14:34:05.727696,METER-ML-1005,5.207,227.39,25.64,0.893,0,NORMAL
2026-06-08 15:34:05.727696,METER-ML-1005,5.059,228.67,23.5,0.941,0,NORMAL
2026-06-08 16:34:05.727696,METER-ML-1005,4.82,229.67,22.14,0.948,0,NORMAL
2026-06-08 17:34:05.727696,METER-ML-1005,4.131,226.94,20.02,0.909,0,NORMAL
2026-06-08 18:34:05.727696,METER-ML-1005,3.68,231.48,17.75,0.896,0,NORMAL
2026-06-08 19:34:05.727696,METER-ML-1005,3.261,229.1,14.95,0.952,0,NORMAL
2026-06-08 20:34:05.727696,METER-ML-1005,3.681,232.58,16.37,0.967,0,NORMAL
2026-06-08 21:34:05.727696,METER-ML-1005,4.107,226.53,18.9,0.959,0,NORMAL
2026-06-08 22:34:05.727696,METER-ML-1005,2.758,224.06,13.12,0.938,0,NORMAL
2026-06-08 23:34:05.727696,METER-ML-1005,1.61,236.33,7.01,0.972,0,NORMAL
2026-06-09 00:34:05.727696,METER-ML-1005,3.697,228.77,17.2,0.94,0,NORMAL
2026-06-09 01:34:05.727696,METER-ML-1005,3.007,234.21,13.66,0.94,0,NORMAL
2026-06-09 02:34:05.727696,METER-ML-1005,3.37,230.1,16.33,0.897,0,NORMAL
2026-06-09 03:34:05.727696,METER-ML-1005,2.971,225.84,14.1,0.933,0,NORMAL
2026-06-09 04:34:05.727696,METER-ML-1005,3.605,229.02,17.58,0.895,0,NORMAL
2026-06-09 05:34:05.727696,METER-ML-1005,2.723,229.76,13.64,0.869,0,NORMAL
2026-06-09 06:34:05.727696,METER-ML-1005,4.548,225.58,22.34,0.903,0,NORMAL
2026-06-09 07:34:05.727696,METER-ML-1005,4.264,227.7,19.49,0.961,0,NORMAL
2026-06-09 08:34:05.727696,METER-ML-1005,4.798,227.74,22.58,0.933,0,NORMAL
2026-06-09 09:34:05.727696,METER-ML-1005,5.146,230.55,25.7,0.868,0,NORMAL
2026-06-09 10:34:05.727696,METER-ML-1005,5.124,232.3,23.42,0.942,0,NORMAL
2026-06-09 11:34:05.727696,METER-ML-1005,5.15,226.14,25.23,0.903,0,NORMAL
2026-06-09 12:34:05.727696,METER-ML-1005,5.453,234.26,25.6,0.909,0,NORMAL
2026-06-09 13:34:05.727696,METER-ML-1005,5.147,235.79,22.42,0.974,0,NORMAL
2026-06-09 14:34:05.727696,METER-ML-1005,5.343,230.71,23.77,0.974,0,NORMAL
2026-06-09 15:34:05.727696,METER-ML-1005,5.008,234.84,22.36,0.954,0,NORMAL
2026-06-09 16:34:05.727696,METER-ML-1005,4.878,224.54,24.0,0.905,0,NORMAL
2026-06-09 17:34:05.727696,METER-ML-1005,4.629,225.78,20.99,0.977,0,NORMAL
2026-06-09 18:34:05.727696,METER-ML-1005,4.368,228.84,20.13,0.948,0,NORMAL
2026-06-09 19:34:05.727696,METER-ML-1005,3.508,231.57,16.83,0.9,0,NORMAL
2026-06-09 20:34:05.727696,METER-ML-1005,3.292,233.98,15.07,0.933,0,NORMAL
2026-06-09 21:34:05.727696,METER-ML-1005,3.842,174.21,18.75,0.557,1,ANOMALIE_TENSION_FP
2026-06-09 22:34:05.727696,METER-ML-1005,2.676,230.06,13.19,0.882,0,NORMAL
2026-06-09 23:34:05.727696,METER-ML-1005,1.95,234.0,8.68,0.961,0,NORMAL
2026-06-10 00:34:05.727696,METER-ML-1005,3.978,228.61,17.73,0.982,0,NORMAL
2026-06-10 01:34:05.727696,METER-ML-1005,3.132,233.37,13.89,0.966,0,NORMAL
2026-06-10 02:34:05.727696,METER-ML-1005,3.071,232.9,14.14,0.933,0,NORMAL
2026-06-10 03:34:05.727696,METER-ML-1005,2.989,230.56,13.75,0.943,0,NORMAL
2026-06-10 04:34:05.727696,METER-ML-1005,2.863,226.97,12.89,0.979,0,NORMAL
2026-06-10 05:34:05.727696,METER-ML-1005,2.966,231.26,13.58,0.945,0,NORMAL
2026-06-10 06:34:05.727696,METER-ML-1005,4.312,232.93,20.25,0.914,0,NORMAL
2026-06-10 07:34:05.727696,METER-ML-1005,4.035,231.62,18.87,0.923,0,NORMAL
2026-06-10 08:34:05.727696,METER-ML-1005,4.739,235.57,21.49,0.936,0,NORMAL
2026-06-10 09:34:05.727696,METER-ML-1005,4.45,230.07,21.78,0.888,0,NORMAL
2026-06-10 10:34:05.727696,METER-ML-1005,5.622,224.68,26.77,0.935,0,NORMAL
2026-06-10 11:34:05.727696,METER-ML-1005,5.654,229.06,26.35,0.937,0,NORMAL
2026-06-10 12:34:05.727696,METER-ML-1005,5.791,229.78,27.36,0.921,0,NORMAL
2026-06-10 13:34:05.727696,METER-ML-1005,5.374,234.2,24.27,0.945,0,NORMAL
2026-06-10 14:34:05.727696,METER-ML-1005,5.091,230.01,24.75,0.894,0,NORMAL
2026-06-10 15:34:05.727696,METER-ML-1005,4.509,225.17,22.07,0.908,0,NORMAL
2026-06-10 16:34:05.727696,METER-ML-1005,4.363,234.47,20.89,0.891,0,NORMAL
2026-06-10 17:34:05.727696,METER-ML-1005,4.526,225.31,22.29,0.901,0,NORMAL
2026-06-10 18:34:05.727696,METER-ML-1005,3.445,233.32,15.86,0.931,0,NORMAL
2026-06-10 19:34:05.727696,METER-ML-1005,2.674,227.44,12.12,0.97,0,NORMAL
2026-06-10 20:34:05.727696,METER-ML-1005,3.146,230.27,15.69,0.871,0,NORMAL
2026-06-10 21:34:05.727696,METER-ML-1005,2.287,227.55,11.29,0.89,0,NORMAL
2026-06-10 22:34:05.727696,METER-ML-1005,2.911,233.84,13.29,0.937,0,NORMAL
2026-06-10 23:34:05.727696,METER-ML-1005,1.234,229.23,5.96,0.903,0,NORMAL
2026-06-11 00:34:05.727696,METER-ML-1005,2.857,225.23,14.22,0.892,0,NORMAL
2026-06-11 01:34:05.727696,METER-ML-1005,3.059,229.31,14.55,0.917,0,NORMAL
2026-06-11 02:34:05.727696,METER-ML-1005,3.243,228.53,16.25,0.873,0,NORMAL
2026-06-11 03:34:05.727696,METER-ML-1005,2.75,227.47,13.47,0.898,0,NORMAL
2026-06-11 04:34:05.727696,METER-ML-1005,2.597,232.37,12.03,0.929,0,NORMAL
2026-06-11 05:34:05.727696,METER-ML-1005,2.923,237.19,13.79,0.894,0,NORMAL
2026-06-11 06:34:05.727696,METER-ML-1005,3.655,234.28,17.45,0.894,0,NORMAL
2026-06-11 07:34:05.727696,METER-ML-1005,4.088,227.92,18.82,0.953,0,NORMAL
2026-06-11 08:34:05.727696,METER-ML-1005,3.942,238.18,18.12,0.913,0,NORMAL
2026-06-11 09:34:05.727696,METER-ML-1005,5.036,227.16,24.87,0.891,0,NORMAL
2026-06-11 10:34:05.727696,METER-ML-1005,5.28,233.07,23.7,0.956,0,NORMAL
2026-06-11 11:34:05.727696,METER-ML-1005,5.62,228.93,25.67,0.957,0,NORMAL
2026-06-11 12:34:05.727696,METER-ML-1005,4.912,227.41,24.07,0.897,0,NORMAL
2026-06-11 13:34:05.727696,METER-ML-1005,4.985,233.0,21.97,0.974,0,NORMAL
2026-06-11 14:34:05.727696,METER-ML-1005,5.688,227.59,26.99,0.926,0,NORMAL
2026-06-11 15:34:05.727696,METER-ML-1005,4.556,222.98,21.99,0.929,0,NORMAL
2026-06-11 16:34:05.727696,METER-ML-1005,4.784,231.71,22.85,0.903,0,NORMAL
2026-06-11 17:34:05.727696,METER-ML-1005,3.982,232.35,18.69,0.917,0,NORMAL
2026-06-11 18:34:05.727696,METER-ML-1005,4.231,229.33,20.13,0.917,0,NORMAL
2026-06-11 19:34:05.727696,METER-ML-1005,3.58,230.97,16.22,0.956,0,NORMAL
2026-06-11 20:34:05.727696,METER-ML-1005,2.868,229.85,14.08,0.886,0,NORMAL
2026-06-11 21:34:05.727696,METER-ML-1005,2.314,156.47,10.41,0.526,1,ANOMALIE_TENSION_FP
2026-06-11 22:34:05.727696,METER-ML-1005,2.625,229.29,12.65,0.905,0,NORMAL
2026-06-11 23:34:05.727696,METER-ML-1005,2.521,228.68,12.56,0.878,0,NORMAL
2026-06-12 00:34:05.727696,METER-ML-1005,2.669,224.49,12.77,0.931,0,NORMAL
2026-06-12 01:34:05.727696,METER-ML-1005,2.859,225.54,13.52,0.938,0,NORMAL
2026-06-12 02:34:05.727696,METER-ML-1005,3.337,232.27,15.44,0.93,0,NORMAL
2026-06-12 03:34:05.727696,METER-ML-1005,2.729,229.74,13.29,0.894,0,NORMAL
2026-06-12 04:34:05.727696,METER-ML-1005,3.77,229.37,18.78,0.875,0,NORMAL
2026-06-12 05:34:05.727696,METER-ML-1005,2.92,231.84,13.71,0.919,0,NORMAL
2026-06-12 06:34:05.727696,METER-ML-1005,4.579,232.56,21.64,0.91,0,NORMAL
2026-06-12 07:34:05.727696,METER-ML-1005,4.781,227.95,24.21,0.866,0,NORMAL
2026-06-12 08:34:05.727696,METER-ML-1005,5.119,228.43,25.4,0.882,0,NORMAL
2026-06-12 09:34:05.727696,METER-ML-1005,5.365,223.32,27.67,0.868,0,NORMAL
2026-06-12 10:34:05.727696,METER-ML-1005,5.155,235.49,23.28,0.94,0,NORMAL
2026-06-12 11:34:05.727696,METER-ML-1005,5.082,231.57,24.75,0.887,0,NORMAL
2026-06-12 12:34:05.727696,METER-ML-1005,5.444,230.98,26.34,0.895,0,NORMAL
2026-06-12 13:34:05.727696,METER-ML-1005,5.333,225.84,26.76,0.883,0,NORMAL
2026-06-12 14:34:05.727696,METER-ML-1005,5.405,227.86,25.13,0.944,0,NORMAL
2026-06-12 15:34:05.727696,METER-ML-1005,5.037,230.16,23.56,0.929,0,NORMAL
2026-06-12 16:34:05.727696,METER-ML-1005,5.194,231.22,24.99,0.899,0,NORMAL
2026-06-12 17:34:05.727696,METER-ML-1005,4.341,232.87,21.22,0.878,0,NORMAL
2026-06-12 18:34:05.727696,METER-ML-1005,4.338,228.55,22.06,0.861,0,NORMAL
2026-06-12 19:34:05.727696,METER-ML-1005,3.379,227.83,16.95,0.875,0,NORMAL
2026-06-12 20:34:05.727696,METER-ML-1005,3.018,235.4,14.44,0.888,0,NORMAL
2026-06-12 21:34:05.727696,METER-ML-1005,2.857,232.96,13.24,0.926,0,NORMAL
2026-06-12 22:34:05.727696,METER-ML-1005,2.925,233.83,13.22,0.946,0,NORMAL
2026-06-12 23:34:05.727696,METER-ML-1005,1.98,169.73,9.2,0.462,1,ANOMALIE_TENSION_FP
2026-06-13 00:34:05.727696,METER-ML-1005,3.722,229.56,17.86,0.907,0,NORMAL
2026-06-13 01:34:05.727696,METER-ML-1005,2.61,228.01,12.34,0.927,0,NORMAL
2026-06-13 02:34:05.727696,METER-ML-1005,3.631,228.6,17.75,0.895,0,NORMAL
2026-06-13 03:34:05.727696,METER-ML-1005,3.687,225.35,18.49,0.885,0,NORMAL
2026-06-13 04:34:05.727696,METER-ML-1005,4.065,232.34,18.46,0.948,0,NORMAL
2026-06-13 05:34:05.727696,METER-ML-1005,3.534,229.43,16.54,0.931,0,NORMAL
2026-06-13 06:34:05.727696,METER-ML-1005,4.916,229.1,22.5,0.954,0,NORMAL
2026-06-13 07:34:05.727696,METER-ML-1005,5.156,227.13,26.18,0.867,0,NORMAL
2026-06-13 08:34:05.727696,METER-ML-1005,6.094,227.14,29.12,0.921,0,NORMAL
2026-06-13 09:34:05.727696,METER-ML-1005,5.587,226.42,27.61,0.894,0,NORMAL
2026-06-13 10:34:05.727696,METER-ML-1005,6.509,228.16,31.01,0.92,0,NORMAL
2026-06-13 11:34:05.727696,METER-ML-1005,41.961,229.31,209.36,0.874,1,SURCHARGE_ANORMALE
2026-06-13 12:34:05.727696,METER-ML-1005,6.613,225.96,31.5,0.929,0,NORMAL
2026-06-13 13:34:05.727696,METER-ML-1005,6.592,222.23,32.31,0.918,0,NORMAL
2026-06-13 14:34:05.727696,METER-ML-1005,5.722,227.76,26.38,0.952,0,NORMAL
2026-06-13 15:34:05.727696,METER-ML-1005,6.942,225.24,31.79,0.97,0,NORMAL
2026-06-13 16:34:05.727696,METER-ML-1005,6.186,227.71,31.1,0.873,0,NORMAL
2026-06-13 17:34:05.727696,METER-ML-1005,5.787,232.96,26.75,0.929,0,NORMAL
2026-06-13 18:34:05.727696,METER-ML-1005,4.74,234.77,21.56,0.937,0,NORMAL
2026-06-13 19:34:05.727696,METER-ML-1005,4.376,229.5,20.17,0.945,0,NORMAL
2026-06-13 20:34:05.727696,METER-ML-1005,4.251,231.09,19.93,0.923,0,NORMAL
2026-06-13 21:34:05.727696,METER-ML-1005,3.275,231.76,15.88,0.89,0,NORMAL
2026-06-13 22:34:05.727696,METER-ML-1005,0.01,224.4,0.1,0.942,1,CHUTE_SUSPECTE_FRAUDE
2026-06-13 23:34:05.727696,METER-ML-1005,4.245,226.92,20.89,0.895,0,NORMAL
2026-06-14 00:34:05.727696,METER-ML-1005,4.514,231.44,21.22,0.919,0,NORMAL
2026-06-14 01:34:05.727696,METER-ML-1005,3.424,231.62,15.67,0.943,0,NORMAL
2026-06-14 02:34:05.727696,METER-ML-1005,4.415,230.56,19.34,0.99,0,NORMAL
2026-06-14 03:34:05.727696,METER-ML-1005,0.096,225.76,0.1,0.947,1,CHUTE_SUSPECTE_FRAUDE
2026-06-14 04:34:05.727696,METER-ML-1005,4.216,228.72,20.56,0.897,0,NORMAL
2026-06-14 05:34:05.727696,METER-ML-1005,3.57,226.72,17.13,0.919,0,NORMAL
2026-06-14 06:34:05.727696,METER-ML-1005,5.218,230.66,23.59,0.959,0,NORMAL
2026-06-14 07:34:05.727696,METER-ML-1005,6.079,232.12,28.51,0.919,0,NORMAL
2026-06-14 08:34:05.727696,METER-ML-1005,6.551,227.59,33.12,0.869,0,NORMAL
2026-06-14 09:34:05.727696,METER-ML-1005,5.716,227.54,28.42,0.884,0,NORMAL
2026-06-14 10:34:05.727696,METER-ML-1005,5.478,230.11,26.61,0.894,0,NORMAL
2026-06-14 11:34:05.727696,METER-ML-1005,6.314,231.02,29.76,0.918,0,NORMAL
2026-06-14 12:34:05.727696,METER-ML-1005,6.253,232.44,30.84,0.872,0,NORMAL
2026-06-14 13:34:05.727696,METER-ML-1005,6.866,228.02,31.98,0.941,0,NORMAL
2026-06-14 14:34:05.727696,METER-ML-1005,6.242,234.26,29.37,0.907,0,NORMAL
2026-06-14 15:34:05.727696,METER-ML-1005,6.502,234.26,30.54,0.909,0,NORMAL
2026-06-14 16:34:05.727696,METER-ML-1005,6.201,229.39,29.89,0.904,0,NORMAL
2026-06-14 17:34:05.727696,METER-ML-1005,4.873,228.08,22.32,0.957,0,NORMAL
2026-06-14 18:34:05.727696,METER-ML-1005,5.016,225.22,24.53,0.908,0,NORMAL
2026-06-14 19:34:05.727696,METER-ML-1005,4.279,226.99,21.24,0.888,0,NORMAL
2026-06-14 20:34:05.727696,METER-ML-1005,0.091,231.39,0.1,0.926,1,CHUTE_SUSPECTE_FRAUDE
2026-06-14 21:34:05.727696,METER-ML-1005,3.665,228.31,17.92,0.896,0,NORMAL
2026-06-14 22:34:05.727696,METER-ML-1005,2.579,227.16,11.58,0.981,0,NORMAL
2026-06-14 23:34:05.727696,METER-ML-1005,2.571,230.78,12.29,0.906,0,NORMAL
2026-06-15 00:34:05.727696,METER-ML-1005,2.473,237.65,11.26,0.924,0,NORMAL
2026-06-15 01:34:05.727696,METER-ML-1005,3.547,223.45,17.2,0.923,0,NORMAL
2026-06-15 02:34:05.727696,METER-ML-1005,4.2,236.7,19.97,0.888,0,NORMAL
2026-06-15 03:34:05.727696,METER-ML-1005,3.45,232.42,15.58,0.953,0,NORMAL
2026-06-15 04:34:05.727696,METER-ML-1005,3.438,226.75,16.69,0.908,0,NORMAL
2026-06-15 05:34:05.727696,METER-ML-1005,2.735,232.16,13.11,0.899,0,NORMAL
2026-06-15 06:34:05.727696,METER-ML-1005,4.068,231.26,18.49,0.951,0,NORMAL
2026-06-15 07:34:05.727696,METER-ML-1005,4.211,236.28,19.52,0.913,0,NORMAL
2026-06-15 08:34:05.727696,METER-ML-1005,4.527,234.89,21.62,0.891,0,NORMAL
2026-06-15 09:34:05.727696,METER-ML-1005,4.689,232.49,21.71,0.929,0,NORMAL
2026-06-15 10:34:05.727696,METER-ML-1005,5.591,235.3,25.54,0.93,0,NORMAL
2026-06-15 11:34:05.727696,METER-ML-1005,5.497,232.34,25.54,0.926,0,NORMAL
2026-06-15 12:34:05.727696,METER-ML-1005,5.62,225.12,28.71,0.869,0,NORMAL
2026-06-15 13:34:05.727696,METER-ML-1005,5.607,234.0,25.6,0.936,0,NORMAL
2026-06-15 14:34:05.727696,METER-ML-1005,5.449,231.17,25.87,0.911,0,NORMAL
2026-06-15 15:34:05.727696,METER-ML-1005,4.889,231.1,22.1,0.957,0,NORMAL
2026-06-15 16:34:05.727696,METER-ML-1005,4.923,176.72,23.41,0.444,1,ANOMALIE_TENSION_FP
2026-06-15 17:34:05.727696,METER-ML-1005,4.538,232.92,22.23,0.876,0,NORMAL
2026-06-15 18:34:05.727696,METER-ML-1005,3.538,235.94,16.21,0.925,0,NORMAL
2026-06-15 19:34:05.727696,METER-ML-1005,3.235,227.97,15.0,0.946,0,NORMAL
2026-06-15 20:34:05.727696,METER-ML-1005,2.454,228.16,11.59,0.928,0,NORMAL
2026-06-15 21:34:05.727696,METER-ML-1005,1.988,231.83,8.86,0.968,0,NORMAL
2026-06-15 22:34:05.727696,METER-ML-1005,2.617,225.83,12.23,0.948,0,NORMAL
2026-06-15 23:34:05.727696,METER-ML-1005,2.799,229.17,13.64,0.895,0,NORMAL
2026-06-16 00:34:05.727696,METER-ML-1005,2.391,231.7,11.52,0.896,0,NORMAL
2026-06-16 01:34:05.727696,METER-ML-1005,3.007,225.53,14.49,0.92,0,NORMAL
2026-06-16 02:34:05.727696,METER-ML-1005,3.139,230.13,14.69,0.928,0,NORMAL
2026-06-16 03:34:05.727696,METER-ML-1005,3.279,236.07,14.86,0.935,0,NORMAL
2026-06-16 04:34:05.727696,METER-ML-1005,3.36,227.72,15.21,0.97,0,NORMAL
2026-06-16 05:34:05.727696,METER-ML-1005,2.286,234.28,10.88,0.897,0,NORMAL
2026-06-16 06:34:05.727696,METER-ML-1005,3.308,226.11,16.18,0.904,0,NORMAL
2026-06-16 07:34:05.727696,METER-ML-1005,4.468,233.37,21.87,0.875,0,NORMAL
2026-06-16 08:34:05.727696,METER-ML-1005,4.497,224.02,23.47,0.855,0,NORMAL
2026-06-16 09:34:05.727696,METER-ML-1005,5.069,236.41,23.56,0.91,0,NORMAL
2026-06-16 10:34:05.727696,METER-ML-1005,4.325,229.73,21.13,0.891,0,NORMAL
2026-06-16 11:34:05.727696,METER-ML-1005,4.766,231.73,22.8,0.902,0,NORMAL
2026-06-16 12:34:05.727696,METER-ML-1005,5.416,223.85,26.51,0.913,0,NORMAL
2026-06-16 13:34:05.727696,METER-ML-1005,4.807,233.03,22.19,0.93,0,NORMAL
2026-06-16 14:34:05.727696,METER-ML-1005,5.047,233.91,23.19,0.93,0,NORMAL
2026-06-16 15:34:05.727696,METER-ML-1005,4.891,229.78,22.63,0.94,0,NORMAL
2026-06-16 16:34:05.727696,METER-ML-1005,5.301,230.86,24.96,0.92,0,NORMAL
2026-06-16 17:34:05.727696,METER-ML-1005,4.206,228.14,19.75,0.933,0,NORMAL
2026-06-16 18:34:05.727696,METER-ML-1005,3.552,229.36,16.12,0.96,0,NORMAL
2026-06-16 19:34:05.727696,METER-ML-1005,18.351,231.84,86.25,0.918,1,SURCHARGE_ANORMALE
2026-06-16 20:34:05.727696,METER-ML-1005,3.481,233.37,16.3,0.915,0,NORMAL
2026-06-16 21:34:05.727696,METER-ML-1005,2.886,171.37,13.62,0.482,1,ANOMALIE_TENSION_FP
2026-06-16 22:34:05.727696,METER-ML-1005,3.268,229.58,14.97,0.951,0,NORMAL
2026-06-16 23:34:05.727696,METER-ML-1005,2.688,228.44,13.04,0.903,0,NORMAL
2026-06-17 00:34:05.727696,METER-ML-1005,3.354,231.71,14.62,0.99,0,NORMAL
2026-06-17 01:34:05.727696,METER-ML-1005,3.101,228.96,14.78,0.916,0,NORMAL
2026-06-17 02:34:05.727696,METER-ML-1005,2.929,229.37,13.42,0.952,0,NORMAL
2026-06-17 03:34:05.727696,METER-ML-1005,3.336,226.47,16.11,0.914,0,NORMAL
2026-06-17 04:34:05.727696,METER-ML-1005,2.8,227.42,12.89,0.955,0,NORMAL
2026-06-17 05:34:05.727696,METER-ML-1005,3.762,226.08,17.93,0.928,0,NORMAL
2026-06-17 06:34:05.727696,METER-ML-1005,3.952,225.22,17.72,0.99,0,NORMAL
2026-06-17 07:34:05.727696,METER-ML-1005,4.416,229.45,20.23,0.951,0,NORMAL
2026-06-17 08:34:05.727696,METER-ML-1005,4.319,231.07,19.75,0.946,0,NORMAL
2026-06-17 09:34:05.727696,METER-ML-1005,5.825,229.18,28.06,0.906,0,NORMAL
2026-06-17 10:34:05.727696,METER-ML-1005,5.858,234.18,27.81,0.899,0,NORMAL
2026-06-17 11:34:05.727696,METER-ML-1005,5.079,230.52,24.62,0.895,0,NORMAL
2026-06-17 12:34:05.727696,METER-ML-1005,5.003,225.98,24.39,0.908,0,NORMAL
2026-06-17 13:34:05.727696,METER-ML-1005,4.825,227.5,22.77,0.931,0,NORMAL
2026-06-17 14:34:05.727696,METER-ML-1005,5.413,233.24,25.68,0.904,0,NORMAL
2026-06-17 15:34:05.727696,METER-ML-1005,0.025,232.46,0.1,0.867,1,CHUTE_SUSPECTE_FRAUDE
2026-06-17 16:34:05.727696,METER-ML-1005,4.726,230.12,24.45,0.84,0,NORMAL
2026-06-17 17:34:05.727696,METER-ML-1005,4.555,229.68,21.2,0.935,0,NORMAL
2026-06-17 18:34:05.727696,METER-ML-1005,3.595,234.2,17.3,0.887,0,NORMAL
2026-06-17 19:34:05.727696,METER-ML-1005,3.381,226.97,15.72,0.948,0,NORMAL
2026-06-17 20:34:05.727696,METER-ML-1005,3.554,231.41,15.74,0.976,0,NORMAL
2026-06-17 21:34:05.727696,METER-ML-1005,3.637,225.72,17.22,0.936,0,NORMAL
2026-06-17 22:34:05.727696,METER-ML-1005,2.329,232.75,10.69,0.936,0,NORMAL
2026-06-17 23:34:05.727696,METER-ML-1005,2.413,224.96,11.52,0.931,0,NORMAL
2026-06-18 00:34:05.727696,METER-ML-1005,3.414,231.88,15.62,0.943,0,NORMAL
2026-06-18 01:34:05.727696,METER-ML-1005,2.684,230.15,12.85,0.908,0,NORMAL
2026-06-18 02:34:05.727696,METER-ML-1005,3.241,228.75,14.71,0.963,0,NORMAL
2026-06-18 03:34:05.727696,METER-ML-1005,3.159,226.78,14.62,0.953,0,NORMAL
2026-06-18 04:34:05.727696,METER-ML-1005,2.65,231.51,12.4,0.923,0,NORMAL
2026-06-18 05:34:05.727696,METER-ML-1005,3.703,231.89,17.27,0.925,0,NORMAL
2026-06-18 06:34:05.727696,METER-ML-1005,3.728,222.61,18.03,0.929,0,NORMAL
2026-06-18 07:34:05.727696,METER-ML-1005,5.417,227.01,25.98,0.919,0,NORMAL
2026-06-18 08:34:05.727696,METER-ML-1005,4.6,232.16,22.1,0.897,0,NORMAL
2026-06-18 09:34:05.727696,METER-ML-1005,4.681,231.77,22.67,0.891,0,NORMAL
2026-06-18 10:34:05.727696,METER-ML-1005,5.04,223.11,25.5,0.886,0,NORMAL
2026-06-18 11:34:05.727696,METER-ML-1005,5.416,228.77,25.23,0.938,0,NORMAL
2026-06-18 12:34:05.727696,METER-ML-1005,5.138,231.98,23.98,0.923,0,NORMAL
2026-06-18 13:34:05.727696,METER-ML-1005,5.183,231.93,24.52,0.911,0,NORMAL
2026-06-18 14:34:05.727696,METER-ML-1005,5.215,234.69,24.01,0.926,0,NORMAL
2026-06-18 15:34:05.727696,METER-ML-1005,4.839,231.78,23.27,0.897,0,NORMAL
2026-06-18 16:34:05.727696,METER-ML-1005,4.993,233.43,22.7,0.942,0,NORMAL
2026-06-18 17:34:05.727696,METER-ML-1005,4.281,232.67,19.03,0.967,0,NORMAL
2026-06-18 18:34:05.727696,METER-ML-1005,4.107,227.35,19.06,0.948,0,NORMAL
2026-06-18 19:34:05.727696,METER-ML-1005,3.983,232.28,19.34,0.887,0,NORMAL
2026-06-18 20:34:05.727696,METER-ML-1005,3.124,237.43,15.05,0.874,0,NORMAL
2026-06-18 21:34:05.727696,METER-ML-1005,2.504,240.03,11.2,0.931,0,NORMAL
2026-06-18 22:34:05.727696,METER-ML-1005,2.755,230.41,12.57,0.951,0,NORMAL
2026-06-18 23:34:05.727696,METER-ML-1005,2.241,227.82,11.27,0.873,0,NORMAL
2026-06-19 00:34:05.727696,METER-ML-1005,3.259,228.68,15.22,0.937,0,NORMAL
2026-06-19 01:34:05.727696,METER-ML-1005,2.506,227.76,12.59,0.874,0,NORMAL
2026-06-19 02:34:05.727696,METER-ML-1005,3.973,221.27,19.22,0.934,0,NORMAL
2026-06-19 03:34:05.727696,METER-ML-1005,2.645,228.27,12.86,0.901,0,NORMAL
2026-06-19 04:34:05.727696,METER-ML-1005,3.439,226.24,17.14,0.887,0,NORMAL
2026-06-19 05:34:05.727696,METER-ML-1005,2.645,223.53,12.5,0.947,0,NORMAL
2026-06-19 06:34:05.727696,METER-ML-1005,4.13,235.41,19.03,0.922,0,NORMAL
2026-06-19 07:34:05.727696,METER-ML-1005,3.585,230.72,16.72,0.929,0,NORMAL
2026-06-19 08:34:05.727696,METER-ML-1005,4.684,231.8,22.45,0.9,0,NORMAL
2026-06-19 09:34:05.727696,METER-ML-1005,4.861,224.51,22.41,0.966,0,NORMAL
2026-06-19 10:34:05.727696,METER-ML-1005,5.015,235.1,21.77,0.98,0,NORMAL
2026-06-19 11:34:05.727696,METER-ML-1005,5.257,228.69,24.1,0.954,0,NORMAL
2026-06-19 12:34:05.727696,METER-ML-1005,5.151,232.24,24.5,0.905,0,NORMAL
2026-06-19 13:34:05.727696,METER-ML-1005,5.476,231.49,26.51,0.892,0,NORMAL
2026-06-19 14:34:05.727696,METER-ML-1005,5.323,235.21,24.48,0.924,0,NORMAL
2026-06-19 15:34:05.727696,METER-ML-1005,4.852,235.68,21.88,0.941,0,NORMAL
2026-06-19 16:34:05.727696,METER-ML-1005,4.963,232.82,21.87,0.975,0,NORMAL
2026-06-19 17:34:05.727696,METER-ML-1005,4.159,227.36,21.41,0.854,0,NORMAL
2026-06-19 18:34:05.727696,METER-ML-1005,3.889,229.4,18.49,0.917,0,NORMAL
2026-06-19 19:34:05.727696,METER-ML-1005,3.524,226.53,17.4,0.894,0,NORMAL
2026-06-19 20:34:05.727696,METER-ML-1005,3.524,225.55,16.71,0.935,0,NORMAL
2026-06-19 21:34:05.727696,METER-ML-1005,3.074,221.26,15.09,0.92,0,NORMAL
2026-06-19 22:34:05.727696,METER-ML-1005,2.56,223.35,12.91,0.888,0,NORMAL
2026-06-19 23:34:05.727696,METER-ML-1005,2.233,233.37,10.23,0.935,0,NORMAL
2026-06-20 00:34:05.727696,METER-ML-1005,4.293,233.96,20.33,0.903,0,NORMAL
2026-06-20 01:34:05.727696,METER-ML-1005,4.118,228.82,19.82,0.908,0,NORMAL
2026-06-20 02:34:05.727696,METER-ML-1005,3.625,224.19,17.32,0.934,0,NORMAL
2026-06-20 03:34:05.727696,METER-ML-1005,3.372,234.26,15.95,0.902,0,NORMAL
2026-06-20 04:34:05.727696,METER-ML-1005,4.323,233.21,20.31,0.913,0,NORMAL
2026-06-20 05:34:05.727696,METER-ML-1005,3.59,228.27,17.66,0.891,0,NORMAL
2026-06-20 06:34:05.727696,METER-ML-1005,5.066,232.37,23.33,0.934,0,NORMAL
2026-06-20 07:34:05.727696,METER-ML-1005,3.799,228.44,18.15,0.916,0,NORMAL
2026-06-20 08:34:05.727696,METER-ML-1005,6.213,231.05,29.05,0.926,0,NORMAL
2026-06-20 09:34:05.727696,METER-ML-1005,5.642,233.94,27.55,0.875,0,NORMAL
2026-06-20 10:34:05.727696,METER-ML-1005,5.588,228.97,25.44,0.959,0,NORMAL
2026-06-20 11:34:05.727696,METER-ML-1005,5.746,230.81,26.92,0.925,0,NORMAL
2026-06-20 12:34:05.727696,METER-ML-1005,6.405,232.78,30.99,0.888,0,NORMAL
2026-06-20 13:34:05.727696,METER-ML-1005,7.341,222.72,35.06,0.94,0,NORMAL
2026-06-20 14:34:05.727696,METER-ML-1005,6.942,233.53,33.5,0.887,0,NORMAL
2026-06-20 15:34:05.727696,METER-ML-1005,6.244,239.06,27.21,0.96,0,NORMAL
2026-06-20 16:34:05.727696,METER-ML-1005,5.818,229.45,28.28,0.897,0,NORMAL
2026-06-20 17:34:05.727696,METER-ML-1005,4.929,233.73,23.83,0.885,0,NORMAL
2026-06-20 18:34:05.727696,METER-ML-1005,3.659,233.33,17.09,0.918,0,NORMAL
2026-06-20 19:34:05.727696,METER-ML-1005,4.48,234.8,21.96,0.869,0,NORMAL
2026-06-20 20:34:05.727696,METER-ML-1005,3.256,228.86,14.78,0.963,0,NORMAL
2026-06-20 21:34:05.727696,METER-ML-1005,4.493,231.58,21.06,0.921,0,NORMAL
2026-06-20 22:34:05.727696,METER-ML-1005,3.547,229.86,17.37,0.888,0,NORMAL
2026-06-20 23:34:05.727696,METER-ML-1005,3.062,231.92,14.66,0.9,0,NORMAL
2026-06-21 00:34:05.727696,METER-ML-1005,3.354,223.11,17.27,0.87,0,NORMAL
2026-06-21 01:34:05.727696,METER-ML-1005,3.504,227.84,16.63,0.925,0,NORMAL
2026-06-21 02:34:05.727696,METER-ML-1005,4.481,224.71,21.83,0.913,0,NORMAL
2026-06-21 03:34:05.727696,METER-ML-1005,3.503,233.2,16.35,0.918,0,NORMAL
2026-06-21 04:34:05.727696,METER-ML-1005,4.857,224.52,23.88,0.906,0,NORMAL
2026-06-21 05:34:05.727696,METER-ML-1005,4.07,235.5,18.4,0.939,0,NORMAL
2026-06-21 06:34:05.727696,METER-ML-1005,4.332,233.72,20.12,0.921,0,NORMAL
2026-06-21 07:34:05.727696,METER-ML-1005,5.835,234.17,25.75,0.968,0,NORMAL
2026-06-21 08:34:05.727696,METER-ML-1005,5.52,232.94,26.19,0.905,0,NORMAL
2026-06-21 09:34:05.727696,METER-ML-1005,6.622,236.74,29.93,0.935,0,NORMAL
2026-06-21 10:34:05.727696,METER-ML-1005,6.68,179.49,30.85,0.471,1,ANOMALIE_TENSION_FP
2026-06-21 11:34:05.727696,METER-ML-1005,25.367,231.07,122.34,0.897,1,SURCHARGE_ANORMALE
2026-06-21 12:34:05.727696,METER-ML-1005,6.314,229.93,28.88,0.951,0,NORMAL
2026-06-21 13:34:05.727696,METER-ML-1005,7.419,232.89,34.28,0.929,0,NORMAL
2026-06-21 14:34:05.727696,METER-ML-1005,6.486,233.46,30.3,0.917,0,NORMAL
2026-06-21 15:34:05.727696,METER-ML-1005,5.794,226.78,26.89,0.95,0,NORMAL
2026-06-21 16:34:05.727696,METER-ML-1005,5.107,235.16,24.82,0.875,0,NORMAL
2026-06-21 17:34:05.727696,METER-ML-1005,3.484,227.0,16.34,0.939,0,NORMAL
2026-06-21 18:34:05.727696,METER-ML-1005,4.667,229.03,22.55,0.904,0,NORMAL
2026-06-21 19:34:05.727696,METER-ML-1005,4.907,230.24,22.94,0.929,0,NORMAL
2026-06-21 20:34:05.727696,METER-ML-1005,4.369,231.34,19.73,0.957,0,NORMAL
2026-06-21 21:34:05.727696,METER-ML-1005,3.693,228.4,17.19,0.941,0,NORMAL
2026-06-21 22:34:05.727696,METER-ML-1005,2.512,233.34,11.27,0.955,0,NORMAL
2026-06-21 23:34:05.727696,METER-ML-1005,3.078,225.59,14.99,0.91,0,NORMAL
2026-06-22 00:34:05.727696,METER-ML-1005,2.567,229.93,12.45,0.897,0,NORMAL
2026-06-22 01:34:05.727696,METER-ML-1005,3.301,225.21,16.89,0.868,0,NORMAL
2026-06-22 02:34:05.727696,METER-ML-1005,2.836,225.71,13.81,0.91,0,NORMAL
2026-06-22 03:34:05.727696,METER-ML-1005,2.704,232.5,13.1,0.888,0,NORMAL
2026-06-22 04:34:05.727696,METER-ML-1005,2.618,226.11,12.63,0.917,0,NORMAL
2026-06-22 05:34:05.727696,METER-ML-1005,3.438,226.36,16.35,0.929,0,NORMAL
2026-06-22 06:34:05.727696,METER-ML-1005,3.762,229.55,18.44,0.889,0,NORMAL
2026-06-22 07:34:05.727696,METER-ML-1005,3.8,224.65,17.69,0.956,0,NORMAL
2026-06-22 08:34:05.727696,METER-ML-1005,4.857,226.48,23.95,0.895,0,NORMAL
2026-06-22 09:34:05.727696,METER-ML-1005,5.189,228.4,25.21,0.901,0,NORMAL
2026-06-22 10:34:05.727696,METER-ML-1005,4.887,236.25,22.95,0.901,0,NORMAL
2026-06-22 11:34:05.727696,METER-ML-1005,5.382,228.42,26.53,0.888,0,NORMAL
2026-06-22 12:34:05.727696,METER-ML-1005,5.57,226.98,25.76,0.953,0,NORMAL
2026-06-22 13:34:05.727696,METER-ML-1005,5.836,230.04,27.02,0.939,0,NORMAL
2026-06-22 14:34:05.727696,METER-ML-1005,5.055,229.14,25.56,0.863,0,NORMAL
2026-06-22 15:34:05.727696,METER-ML-1005,5.171,231.75,24.6,0.907,0,NORMAL
2026-06-22 16:34:05.727696,METER-ML-1005,5.025,228.36,23.01,0.956,0,NORMAL
2026-06-22 17:34:05.727696,METER-ML-1005,4.002,235.12,17.98,0.947,0,NORMAL
2026-06-22 18:34:05.727696,METER-ML-1005,4.1,228.62,20.43,0.878,0,NORMAL
2026-06-22 19:34:05.727696,METER-ML-1005,3.368,229.15,16.42,0.895,0,NORMAL
2026-06-22 20:34:05.727696,METER-ML-1005,3.664,231.71,17.91,0.883,0,NORMAL
2026-06-22 21:34:05.727696,METER-ML-1005,2.146,237.17,10.22,0.886,0,NORMAL
2026-06-22 22:34:05.727696,METER-ML-1005,1.975,229.35,8.98,0.959,0,NORMAL
2026-06-22 23:34:05.727696,METER-ML-1005,2.764,229.12,13.6,0.887,0,NORMAL
2026-06-23 00:34:05.727696,METER-ML-1005,3.26,233.87,15.47,0.901,0,NORMAL
2026-06-23 01:34:05.727696,METER-ML-1005,3.087,231.16,14.77,0.904,0,NORMAL
2026-06-23 02:34:05.727696,METER-ML-1005,2.695,230.51,12.99,0.9,0,NORMAL
2026-06-23 03:34:05.727696,METER-ML-1005,3.567,232.84,16.68,0.918,0,NORMAL
2026-06-23 04:34:05.727696,METER-ML-1005,3.26,228.21,15.83,0.902,0,NORMAL
2026-06-23 05:34:05.727696,METER-ML-1005,2.768,225.72,13.75,0.892,0,NORMAL
2026-06-23 06:34:05.727696,METER-ML-1005,3.962,230.19,18.15,0.948,0,NORMAL
2026-06-23 07:34:05.727696,METER-ML-1005,4.737,228.76,22.03,0.94,0,NORMAL
2026-06-23 08:34:05.727696,METER-ML-1005,4.325,232.63,20.16,0.922,0,NORMAL
2026-06-23 09:34:05.727696,METER-ML-1005,5.321,227.5,24.58,0.952,0,NORMAL
2026-06-23 10:34:05.727696,METER-ML-1005,5.081,228.13,23.31,0.956,0,NORMAL
2026-06-23 11:34:05.727696,METER-ML-1005,0.069,233.58,0.1,0.921,1,CHUTE_SUSPECTE_FRAUDE
2026-06-23 12:34:05.727696,METER-ML-1005,5.595,231.69,26.61,0.908,0,NORMAL
2026-06-23 13:34:05.727696,METER-ML-1005,5.489,235.49,24.72,0.943,0,NORMAL
2026-06-23 14:34:05.727696,METER-ML-1005,4.77,229.47,22.4,0.928,0,NORMAL
2026-06-23 15:34:05.727696,METER-ML-1005,5.012,228.82,22.82,0.96,0,NORMAL
2026-06-23 16:34:05.727696,METER-ML-1005,4.538,229.98,21.45,0.92,0,NORMAL
2026-06-23 17:34:05.727696,METER-ML-1005,4.546,226.74,21.71,0.923,0,NORMAL
2026-06-23 18:34:05.727696,METER-ML-1005,3.726,232.11,18.42,0.872,0,NORMAL
2026-06-23 19:34:05.727696,METER-ML-1005,2.986,219.55,14.66,0.928,0,NORMAL
2026-06-23 20:34:05.727696,METER-ML-1005,3.587,230.25,17.82,0.874,0,NORMAL
2026-06-23 21:34:05.727696,METER-ML-1005,2.849,231.22,13.47,0.915,0,NORMAL
2026-06-23 22:34:05.727696,METER-ML-1005,0.048,225.53,0.1,0.875,1,CHUTE_SUSPECTE_FRAUDE
2026-06-23 23:34:05.727696,METER-ML-1005,2.456,226.47,11.9,0.911,0,NORMAL
2026-06-24 00:34:05.727696,METER-ML-1005,3.56,234.17,17.09,0.889,0,NORMAL
2026-06-24 01:34:05.727696,METER-ML-1005,3.044,229.72,13.95,0.95,0,NORMAL
2026-06-24 02:34:05.727696,METER-ML-1005,2.822,233.88,12.86,0.938,0,NORMAL
2026-06-24 03:34:05.727696,METER-ML-1005,3.037,236.32,13.84,0.929,0,NORMAL
2026-06-24 04:34:05.727696,METER-ML-1005,3.184,233.26,14.73,0.927,0,NORMAL
2026-06-24 05:34:05.727696,METER-ML-1005,3.689,229.87,16.95,0.947,0,NORMAL
2026-06-24 06:34:05.727696,METER-ML-1005,4.571,233.35,20.41,0.96,0,NORMAL
2026-06-24 07:34:05.727696,METER-ML-1005,4.298,234.37,20.68,0.887,0,NORMAL
2026-06-24 08:34:05.727696,METER-ML-1005,4.868,229.77,22.65,0.935,0,NORMAL
2026-06-24 09:34:05.727696,METER-ML-1005,5.031,232.25,22.39,0.967,0,NORMAL
2026-06-24 10:34:05.727696,METER-ML-1005,4.544,230.47,21.02,0.938,0,NORMAL
2026-06-24 11:34:05.727696,METER-ML-1005,4.836,229.75,21.9,0.961,0,NORMAL
2026-06-24 12:34:05.727696,METER-ML-1005,4.752,229.19,22.87,0.907,0,NORMAL
2026-06-24 13:34:05.727696,METER-ML-1005,5.308,227.7,24.7,0.944,0,NORMAL
2026-06-24 14:34:05.727696,METER-ML-1005,5.065,233.26,22.67,0.958,0,NORMAL
2026-06-24 15:34:05.727696,METER-ML-1005,5.949,153.39,26.4,0.493,1,ANOMALIE_TENSION_FP
2026-06-24 16:34:05.727696,METER-ML-1005,5.338,232.3,23.77,0.966,0,NORMAL
2026-06-24 17:34:05.727696,METER-ML-1005,4.067,233.62,18.62,0.935,0,NORMAL
2026-06-24 18:34:05.727696,METER-ML-1005,3.215,232.6,15.25,0.906,0,NORMAL
2026-06-24 19:34:05.727696,METER-ML-1005,3.126,234.96,14.32,0.929,0,NORMAL
2026-06-24 20:34:05.727696,METER-ML-1005,2.17,232.21,10.01,0.934,0,NORMAL
2026-06-24 21:34:05.727696,METER-ML-1005,2.36,232.83,11.82,0.858,0,NORMAL
2026-06-24 22:34:05.727696,METER-ML-1005,2.144,235.51,9.26,0.984,0,NORMAL
2026-06-24 23:34:05.727696,METER-ML-1005,2.635,228.79,13.31,0.865,0,NORMAL
2026-06-25 00:34:05.727696,METER-ML-1005,2.979,227.77,14.04,0.932,0,NORMAL
2026-06-25 01:34:05.727696,METER-ML-1005,3.215,230.07,14.63,0.955,0,NORMAL
2026-06-25 02:34:05.727696,METER-ML-1005,3.401,229.73,15.21,0.973,0,NORMAL
2026-06-25 03:34:05.727696,METER-ML-1005,2.186,232.74,9.75,0.964,0,NORMAL
2026-06-25 04:34:05.727696,METER-ML-1005,3.172,229.56,14.84,0.931,0,NORMAL
2026-06-25 05:34:05.727696,METER-ML-1005,3.518,230.96,16.32,0.933,0,NORMAL
2026-06-25 06:34:05.727696,METER-ML-1005,4.048,224.58,20.26,0.889,0,NORMAL
2026-06-25 07:34:05.727696,METER-ML-1005,4.735,233.7,22.56,0.898,0,NORMAL
2026-06-25 08:34:05.727696,METER-ML-1005,4.576,232.6,22.3,0.882,0,NORMAL
2026-06-25 09:34:05.727696,METER-ML-1005,17.381,225.87,80.03,0.962,1,SURCHARGE_ANORMALE
2026-06-25 10:34:05.727696,METER-ML-1005,5.2,228.33,24.94,0.913,0,NORMAL
2026-06-25 11:34:05.727696,METER-ML-1005,4.793,237.23,21.5,0.94,0,NORMAL
2026-06-25 12:34:05.727696,METER-ML-1005,4.978,228.56,24.23,0.899,0,NORMAL
2026-06-25 13:34:05.727696,METER-ML-1005,4.733,228.76,22.26,0.929,0,NORMAL
2026-06-25 14:34:05.727696,METER-ML-1005,5.271,229.61,25.91,0.886,0,NORMAL
2026-06-25 15:34:05.727696,METER-ML-1005,4.492,235.99,21.15,0.9,0,NORMAL
2026-06-25 16:34:05.727696,METER-ML-1005,4.976,231.22,23.35,0.922,0,NORMAL
2026-06-25 17:34:05.727696,METER-ML-1005,0.012,227.24,0.1,0.982,1,CHUTE_SUSPECTE_FRAUDE
2026-06-25 18:34:05.727696,METER-ML-1005,3.59,228.84,17.78,0.882,0,NORMAL
2026-06-25 19:34:05.727696,METER-ML-1005,3.409,228.99,15.69,0.949,0,NORMAL
2026-06-25 20:34:05.727696,METER-ML-1005,3.182,178.95,14.9,0.477,1,ANOMALIE_TENSION_FP
2026-06-25 21:34:05.727696,METER-ML-1005,3.306,226.49,15.57,0.938,0,NORMAL
2026-06-25 22:34:05.727696,METER-ML-1005,2.388,234.51,10.81,0.942,0,NORMAL
2026-06-25 23:34:05.727696,METER-ML-1005,2.033,228.29,9.46,0.942,0,NORMAL
2026-06-26 00:34:05.727696,METER-ML-1005,3.552,225.23,17.17,0.918,0,NORMAL
2026-06-26 01:34:05.727696,METER-ML-1005,2.784,228.72,13.08,0.931,0,NORMAL
2026-06-26 02:34:05.727696,METER-ML-1005,13.883,229.65,65.07,0.929,1,SURCHARGE_ANORMALE
2026-06-26 03:34:05.727696,METER-ML-1005,3.168,225.57,15.89,0.884,0,NORMAL
2026-06-26 04:34:05.727696,METER-ML-1005,2.897,225.08,14.82,0.868,0,NORMAL
2026-06-26 05:34:05.727696,METER-ML-1005,2.882,228.79,13.99,0.9,0,NORMAL
2026-06-26 06:34:05.727696,METER-ML-1005,4.073,227.89,19.03,0.939,0,NORMAL
2026-06-26 07:34:05.727696,METER-ML-1005,4.16,230.92,20.42,0.882,0,NORMAL
2026-06-26 08:34:05.727696,METER-ML-1005,4.858,229.52,22.78,0.929,0,NORMAL
2026-06-26 09:34:05.727696,METER-ML-1005,5.1,226.81,24.52,0.917,0,NORMAL
2026-06-26 10:34:05.727696,METER-ML-1005,4.734,228.39,21.96,0.944,0,NORMAL
2026-06-26 11:34:05.727696,METER-ML-1005,5.349,229.08,24.48,0.954,0,NORMAL
2026-06-26 12:34:05.727696,METER-ML-1005,0.071,226.2,0.1,0.956,1,CHUTE_SUSPECTE_FRAUDE
2026-06-26 13:34:05.727696,METER-ML-1005,5.194,224.05,26.0,0.892,0,NORMAL
2026-06-26 14:34:05.727696,METER-ML-1005,5.383,229.17,26.12,0.899,0,NORMAL
2026-06-26 15:34:05.727696,METER-ML-1005,5.163,232.96,23.57,0.941,0,NORMAL
2026-06-26 16:34:05.727696,METER-ML-1005,4.212,231.58,19.67,0.924,0,NORMAL
2026-06-26 17:34:05.727696,METER-ML-1005,4.453,231.91,21.61,0.889,0,NORMAL
2026-06-26 18:34:05.727696,METER-ML-1005,3.552,233.4,17.12,0.889,0,NORMAL
2026-06-26 19:34:05.727696,METER-ML-1005,3.726,154.71,17.33,0.544,1,ANOMALIE_TENSION_FP
2026-06-26 20:34:05.727696,METER-ML-1005,2.423,231.02,11.56,0.907,0,NORMAL
2026-06-26 21:34:05.727696,METER-ML-1005,2.681,229.65,12.26,0.952,0,NORMAL
2026-06-26 22:34:05.727696,METER-ML-1005,2.6,233.59,12.96,0.859,0,NORMAL
2026-06-26 23:34:05.727696,METER-ML-1005,1.923,238.42,8.6,0.938,0,NORMAL
2026-06-27 00:34:05.727696,METER-ML-1005,3.648,232.34,18.07,0.869,0,NORMAL
2026-06-27 01:34:05.727696,METER-ML-1005,4.117,228.14,19.3,0.935,0,NORMAL
2026-06-27 02:34:05.727696,METER-ML-1005,3.807,231.72,18.2,0.903,0,NORMAL
2026-06-27 03:34:05.727696,METER-ML-1005,3.319,234.6,15.83,0.894,0,NORMAL
2026-06-27 04:34:05.727696,METER-ML-1005,4.519,230.02,21.23,0.925,0,NORMAL
2026-06-27 05:34:05.727696,METER-ML-1005,2.839,228.16,13.87,0.897,0,NORMAL
2026-06-27 06:34:05.727696,METER-ML-1005,4.651,237.56,21.34,0.917,0,NORMAL
2026-06-27 07:34:05.727696,METER-ML-1005,5.855,226.91,27.05,0.954,0,NORMAL
2026-06-27 08:34:05.727696,METER-ML-1005,5.942,231.07,27.9,0.922,0,NORMAL
2026-06-27 09:34:05.727696,METER-ML-1005,5.331,233.35,25.79,0.886,0,NORMAL
2026-06-27 10:34:05.727696,METER-ML-1005,6.593,231.0,30.83,0.926,0,NORMAL
2026-06-27 11:34:05.727696,METER-ML-1005,6.489,232.7,30.47,0.915,0,NORMAL
2026-06-27 12:34:05.727696,METER-ML-1005,6.518,232.62,30.57,0.917,0,NORMAL
2026-06-27 13:34:05.727696,METER-ML-1005,5.992,231.18,29.9,0.867,0,NORMAL
2026-06-27 14:34:05.727696,METER-ML-1005,5.833,229.87,27.66,0.917,0,NORMAL
2026-06-27 15:34:05.727696,METER-ML-1005,6.647,172.82,30.72,0.421,1,ANOMALIE_TENSION_FP
2026-06-27 16:34:05.727696,METER-ML-1005,5.608,228.35,26.44,0.929,0,NORMAL
2026-06-27 17:34:05.727696,METER-ML-1005,5.533,226.22,27.92,0.876,0,NORMAL
2026-06-27 18:34:05.727696,METER-ML-1005,4.831,225.77,22.79,0.939,0,NORMAL
2026-06-27 19:34:05.727696,METER-ML-1005,4.186,236.83,18.67,0.947,0,NORMAL
2026-06-27 20:34:05.727696,METER-ML-1005,3.924,229.35,19.18,0.892,0,NORMAL
2026-06-27 21:34:05.727696,METER-ML-1005,3.708,229.34,17.28,0.936,0,NORMAL
2026-06-27 22:34:05.727696,METER-ML-1005,3.108,232.41,15.33,0.872,0,NORMAL
2026-06-27 23:34:05.727696,METER-ML-1005,10.616,228.91,48.65,0.953,1,SURCHARGE_ANORMALE
2026-06-28 00:34:05.727696,METER-ML-1005,3.646,226.37,17.58,0.916,0,NORMAL
2026-06-28 01:34:05.727696,METER-ML-1005,3.536,228.19,16.72,0.927,0,NORMAL
2026-06-28 02:34:05.727696,METER-ML-1005,3.508,231.04,16.38,0.927,0,NORMAL
2026-06-28 03:34:05.727696,METER-ML-1005,3.595,231.42,16.91,0.919,0,NORMAL
2026-06-28 04:34:05.727696,METER-ML-1005,4.469,232.41,20.47,0.94,0,NORMAL
2026-06-28 05:34:05.727696,METER-ML-1005,3.03,230.59,14.75,0.891,0,NORMAL
2026-06-28 06:34:05.727696,METER-ML-1005,5.393,237.22,25.59,0.889,0,NORMAL
2026-06-28 07:34:05.727696,METER-ML-1005,5.218,227.98,24.11,0.949,0,NORMAL
2026-06-28 08:34:05.727696,METER-ML-1005,6.139,229.93,29.73,0.898,0,NORMAL
2026-06-28 09:34:05.727696,METER-ML-1005,6.105,231.8,28.01,0.94,0,NORMAL
2026-06-28 10:34:05.727696,METER-ML-1005,6.19,235.67,28.03,0.937,0,NORMAL
2026-06-28 11:34:05.727696,METER-ML-1005,6.603,233.94,30.82,0.916,0,NORMAL
2026-06-28 12:34:05.727696,METER-ML-1005,6.55,226.74,32.42,0.891,0,NORMAL
2026-06-28 13:34:05.727696,METER-ML-1005,6.637,230.72,32.13,0.895,0,NORMAL
2026-06-28 14:34:05.727696,METER-ML-1005,5.908,234.93,26.85,0.936,0,NORMAL
2026-06-28 15:34:05.727696,METER-ML-1005,6.457,230.28,29.22,0.96,0,NORMAL
2026-06-28 16:34:05.727696,METER-ML-1005,6.0,235.95,29.02,0.876,0,NORMAL
2026-06-28 17:34:05.727696,METER-ML-1005,5.74,234.22,26.46,0.926,0,NORMAL
2026-06-28 18:34:05.727696,METER-ML-1005,4.539,228.28,21.15,0.94,0,NORMAL
2026-06-28 19:34:05.727696,METER-ML-1005,3.934,234.15,19.56,0.859,0,NORMAL
2026-06-28 20:34:05.727696,METER-ML-1005,3.86,228.19,19.01,0.89,0,NORMAL
2026-06-28 21:34:05.727696,METER-ML-1005,3.955,232.34,18.8,0.905,0,NORMAL
2026-06-28 22:34:05.727696,METER-ML-1005,3.339,229.73,16.44,0.884,0,NORMAL
2026-06-28 23:34:05.727696,METER-ML-1005,3.829,226.37,18.95,0.893,0,NORMAL
2026-06-29 00:34:05.727696,METER-ML-1005,2.762,228.94,13.49,0.894,0,NORMAL
2026-06-29 01:34:05.727696,METER-ML-1005,3.853,235.7,18.18,0.899,0,NORMAL
2026-06-29 02:34:05.727696,METER-ML-1005,3.179,234.33,15.15,0.895,0,NORMAL
2026-06-29 03:34:05.727696,METER-ML-1005,3.853,228.49,19.34,0.872,0,NORMAL
2026-06-29 04:34:05.727696,METER-ML-1005,3.2,228.3,15.33,0.915,0,NORMAL
2026-06-29 05:34:05.727696,METER-ML-1005,0.066,234.68,0.1,0.922,1,CHUTE_SUSPECTE_FRAUDE
2026-06-29 06:34:05.727696,METER-ML-1005,3.768,228.23,17.59,0.938,0,NORMAL
2026-06-29 07:34:05.727696,METER-ML-1005,4.32,221.21,21.45,0.911,0,NORMAL
2026-06-29 08:34:05.727696,METER-ML-1005,4.709,227.38,23.2,0.893,0,NORMAL
2026-06-29 09:34:05.727696,METER-ML-1005,5.573,234.04,27.36,0.87,0,NORMAL
2026-06-29 10:34:05.727696,METER-ML-1005,5.082,234.36,23.23,0.933,0,NORMAL
2026-06-29 11:34:05.727696,METER-ML-1005,5.455,233.29,24.31,0.962,0,NORMAL
2026-06-29 12:34:05.727696,METER-ML-1005,5.335,229.43,26.34,0.883,0,NORMAL
2026-06-29 13:34:05.727696,METER-ML-1005,0.011,231.34,0.1,0.985,1,CHUTE_SUSPECTE_FRAUDE
2026-06-29 14:34:05.727696,METER-ML-1005,4.693,226.61,22.4,0.924,0,NORMAL
2026-06-29 15:34:05.727696,METER-ML-1005,4.776,227.84,22.28,0.941,0,NORMAL
2026-06-29 16:34:05.727696,METER-ML-1005,3.833,228.0,19.27,0.872,0,NORMAL
2026-06-29 17:34:05.727696,METER-ML-1005,3.554,228.73,16.63,0.934,0,NORMAL
2026-06-29 18:34:05.727696,METER-ML-1005,3.458,231.44,16.31,0.916,0,NORMAL
2026-06-29 19:34:05.727696,METER-ML-1005,3.222,225.35,15.94,0.897,0,NORMAL
2026-06-29 20:34:05.727696,METER-ML-1005,2.99,230.19,14.15,0.918,0,NORMAL
2026-06-29 21:34:05.727696,METER-ML-1005,2.945,227.88,13.67,0.945,0,NORMAL
2026-06-29 22:34:05.727696,METER-ML-1005,2.41,232.29,11.04,0.94,0,NORMAL
2026-06-29 23:34:05.727696,METER-ML-1005,2.193,232.77,10.09,0.933,0,NORMAL
2026-06-30 00:34:05.727696,METER-ML-1005,3.355,229.91,16.61,0.878,0,NORMAL
2026-06-30 01:34:05.727696,METER-ML-1005,2.989,227.96,13.35,0.982,0,NORMAL
2026-06-30 02:34:05.727696,METER-ML-1005,3.463,221.13,17.02,0.92,0,NORMAL
2026-06-30 03:34:05.727696,METER-ML-1005,3.415,227.39,15.72,0.956,0,NORMAL
2026-06-30 04:34:05.727696,METER-ML-1005,3.097,228.48,15.3,0.886,0,NORMAL
2026-06-30 05:34:05.727696,METER-ML-1005,3.791,223.42,18.35,0.925,0,NORMAL
2026-06-30 06:34:05.727696,METER-ML-1005,4.399,231.76,21.36,0.889,0,NORMAL
2026-06-30 07:34:05.727696,METER-ML-1005,4.481,227.27,23.17,0.851,0,NORMAL
2026-06-30 08:34:05.727696,METER-ML-1005,5.169,224.46,25.66,0.898,0,NORMAL
2026-06-30 09:34:05.727696,METER-ML-1005,4.873,224.46,22.38,0.97,0,NORMAL
2026-06-30 10:34:05.727696,METER-ML-1005,5.574,227.92,26.72,0.915,0,NORMAL
2026-06-30 11:34:05.727696,METER-ML-1005,5.667,227.88,27.62,0.9,0,NORMAL
2026-06-30 12:34:05.727696,METER-ML-1005,5.346,230.85,24.48,0.946,0,NORMAL
2026-06-30 13:34:05.727696,METER-ML-1005,5.045,237.97,23.98,0.884,0,NORMAL
2026-06-30 14:34:05.727696,METER-ML-1005,0.061,228.02,0.1,0.935,1,CHUTE_SUSPECTE_FRAUDE
2026-06-30 15:34:05.727696,METER-ML-1005,5.315,241.84,23.66,0.929,0,NORMAL
2026-06-30 16:34:05.727696,METER-ML-1005,4.193,233.08,20.62,0.873,0,NORMAL
2026-06-30 17:34:05.727696,METER-ML-1005,3.768,229.34,17.94,0.916,0,NORMAL
2026-06-30 18:34:05.727696,METER-ML-1005,4.508,232.4,21.31,0.91,0,NORMAL
2026-06-30 19:34:05.727696,METER-ML-1005,4.363,232.19,20.26,0.928,0,NORMAL
2026-06-30 20:34:05.727696,METER-ML-1005,2.888,226.32,13.83,0.923,0,NORMAL
2026-06-30 21:34:05.727696,METER-ML-1005,2.708,232.01,12.38,0.943,0,NORMAL
2026-06-30 22:34:05.727696,METER-ML-1005,3.121,225.12,15.59,0.889,0,NORMAL
2026-06-30 23:34:05.727696,METER-ML-1005,2.46,228.14,11.55,0.933,0,NORMAL
2026-07-01 00:34:05.727696,METER-ML-1005,3.317,233.97,15.65,0.906,0,NORMAL
2026-07-01 01:34:05.727696,METER-ML-1005,4.138,231.42,19.38,0.923,0,NORMAL
2026-07-01 02:34:05.727696,METER-ML-1005,3.412,237.03,15.8,0.911,0,NORMAL
2026-07-01 03:34:05.727696,METER-ML-1005,2.83,231.27,13.36,0.916,0,NORMAL
2026-07-01 04:34:05.727696,METER-ML-1005,3.243,229.96,15.26,0.924,0,NORMAL
2026-07-01 05:34:05.727696,METER-ML-1005,3.857,226.45,18.04,0.944,0,NORMAL
2026-07-01 06:34:05.727696,METER-ML-1005,3.187,237.29,14.86,0.904,0,NORMAL
2026-07-01 07:34:05.727696,METER-ML-1005,4.054,233.97,18.18,0.953,0,NORMAL
2026-07-01 08:34:05.727696,METER-ML-1005,5.263,227.16,24.41,0.949,0,NORMAL
2026-07-01 09:34:05.727696,METER-ML-1005,4.82,227.41,23.35,0.908,0,NORMAL
2026-07-01 10:34:05.727696,METER-ML-1005,4.535,229.89,22.13,0.891,0,NORMAL
2026-07-01 11:34:05.727696,METER-ML-1005,5.733,228.4,28.31,0.887,0,NORMAL
2026-07-01 12:34:05.727696,METER-ML-1005,5.123,230.63,23.9,0.929,0,NORMAL
2026-07-01 13:34:05.727696,METER-ML-1005,5.803,230.48,26.43,0.953,0,NORMAL
2026-07-01 14:34:05.727696,METER-ML-1005,5.333,231.16,26.34,0.876,0,NORMAL
2026-07-01 15:34:05.727696,METER-ML-1005,4.911,226.63,22.82,0.949,0,NORMAL
2026-07-01 16:34:05.727696,METER-ML-1005,4.569,236.89,21.54,0.895,0,NORMAL
2026-07-01 17:34:05.727696,METER-ML-1005,4.771,232.68,21.71,0.944,0,NORMAL
2026-07-01 18:34:05.727696,METER-ML-1005,3.991,226.99,19.53,0.9,0,NORMAL
2026-07-01 19:34:05.727696,METER-ML-1005,3.706,227.15,17.79,0.917,0,NORMAL
2026-07-01 20:34:05.727696,METER-ML-1005,2.861,227.3,12.71,0.99,0,NORMAL
2026-07-01 21:34:05.727696,METER-ML-1005,2.774,230.93,12.7,0.946,0,NORMAL
2026-07-01 22:34:05.727696,METER-ML-1005,2.54,231.29,11.9,0.923,0,NORMAL
2026-07-01 23:34:05.727696,METER-ML-1005,8.446,232.58,40.82,0.89,1,SURCHARGE_ANORMALE
2026-07-02 00:34:05.727696,METER-ML-1005,3.068,236.83,14.3,0.906,0,NORMAL
2026-07-02 01:34:05.727696,METER-ML-1005,3.928,232.14,18.04,0.938,0,NORMAL
2026-07-02 02:34:05.727696,METER-ML-1005,2.958,232.02,13.13,0.971,0,NORMAL
2026-07-02 03:34:05.727696,METER-ML-1005,3.105,231.08,15.0,0.896,0,NORMAL
2026-07-02 04:34:05.727696,METER-ML-1005,3.811,232.99,16.98,0.963,0,NORMAL
2026-07-02 05:34:05.727696,METER-ML-1005,3.288,222.01,15.49,0.956,0,NORMAL
2026-07-02 06:34:05.727696,METER-ML-1005,4.46,231.28,22.75,0.848,0,NORMAL
2026-07-02 07:34:05.727696,METER-ML-1005,4.655,227.03,23.27,0.881,0,NORMAL
2026-07-02 08:34:05.727696,METER-ML-1005,5.023,231.15,23.21,0.936,0,NORMAL
2026-07-02 09:34:05.727696,METER-ML-1005,5.413,233.13,26.43,0.878,0,NORMAL
2026-07-02 10:34:05.727696,METER-ML-1005,4.77,231.43,23.13,0.891,0,NORMAL
2026-07-02 11:34:05.727696,METER-ML-1005,0.083,227.43,0.1,0.889,1,CHUTE_SUSPECTE_FRAUDE
2026-07-02 12:34:05.727696,METER-ML-1005,5.359,230.74,25.98,0.894,0,NORMAL
2026-07-02 13:34:05.727696,METER-ML-1005,5.073,231.9,22.93,0.954,0,NORMAL
2026-07-02 14:34:05.727696,METER-ML-1005,4.593,231.86,21.17,0.936,0,NORMAL
2026-07-02 15:34:05.727696,METER-ML-1005,0.044,230.05,0.1,0.919,1,CHUTE_SUSPECTE_FRAUDE
2026-07-02 16:34:05.727696,METER-ML-1005,5.201,229.64,25.35,0.893,0,NORMAL
2026-07-02 17:34:05.727696,METER-ML-1005,4.484,227.69,21.67,0.909,0,NORMAL
2026-07-02 18:34:05.727696,METER-ML-1005,3.548,232.82,16.63,0.917,0,NORMAL
2026-07-02 19:34:05.727696,METER-ML-1005,4.026,235.74,18.99,0.899,0,NORMAL
2026-07-02 20:34:05.727696,METER-ML-1005,3.375,241.25,15.04,0.93,0,NORMAL
2026-07-02 21:34:05.727696,METER-ML-1005,2.946,228.18,14.12,0.915,0,NORMAL
2026-07-02 22:34:05.727696,METER-ML-1005,0.07,229.76,0.1,0.915,1,CHUTE_SUSPECTE_FRAUDE
2026-07-02 23:34:05.727696,METER-ML-1005,3.3,227.99,15.87,0.912,0,NORMAL
2026-07-03 00:34:05.727696,METER-ML-1005,2.393,230.85,11.38,0.911,0,NORMAL
2026-07-03 01:34:05.727696,METER-ML-1005,3.139,234.9,14.95,0.894,0,NORMAL
2026-07-03 02:34:05.727696,METER-ML-1005,3.622,232.07,17.62,0.886,0,NORMAL
2026-07-03 03:34:05.727696,METER-ML-1005,3.9,230.99,18.59,0.908,0,NORMAL
2026-07-03 04:34:05.727696,METER-ML-1005,0.064,228.6,0.1,0.902,1,CHUTE_SUSPECTE_FRAUDE
2026-07-03 05:34:05.727696,METER-ML-1005,4.177,229.7,20.34,0.894,0,NORMAL
2026-07-03 06:34:05.727696,METER-ML-1005,4.066,236.17,19.08,0.902,0,NORMAL
2026-07-03 07:34:05.727696,METER-ML-1005,4.318,230.73,20.02,0.935,0,NORMAL
2026-07-03 08:34:05.727696,METER-ML-1005,4.436,228.16,22.19,0.876,0,NORMAL
2026-07-03 09:34:05.727696,METER-ML-1005,5.013,228.76,23.79,0.921,0,NORMAL
2026-07-03 10:34:05.727696,METER-ML-1005,5.4,168.36,26.89,0.485,1,ANOMALIE_TENSION_FP
2026-07-03 11:34:05.727696,METER-ML-1005,4.873,231.01,23.37,0.903,0,NORMAL
2026-07-03 12:34:05.727696,METER-ML-1005,5.289,228.05,25.36,0.914,0,NORMAL
2026-07-03 13:34:05.727696,METER-ML-1005,0.02,227.87,0.1,0.959,1,CHUTE_SUSPECTE_FRAUDE
2026-07-03 14:34:05.727696,METER-ML-1005,3.969,228.42,18.05,0.963,0,NORMAL
2026-07-03 15:34:05.727696,METER-ML-1005,5.153,231.45,24.58,0.906,0,NORMAL
2026-07-03 16:34:05.727696,METER-ML-1005,5.05,227.27,24.15,0.92,0,NORMAL
2026-07-03 17:34:05.727696,METER-ML-1005,3.848,230.67,18.22,0.916,0,NORMAL
2026-07-03 18:34:05.727696,METER-ML-1005,3.632,231.28,16.35,0.96,0,NORMAL
2026-07-03 19:34:05.727696,METER-ML-1005,3.501,229.43,16.68,0.915,0,NORMAL
2026-07-03 20:34:05.727696,METER-ML-1005,3.907,230.85,18.06,0.937,0,NORMAL
2026-07-03 21:34:05.727696,METER-ML-1005,1.955,234.25,9.44,0.885,0,NORMAL
2026-07-03 22:34:05.727696,METER-ML-1005,2.727,228.68,12.78,0.934,0,NORMAL
2026-07-03 23:34:05.727696,METER-ML-1005,2.835,230.99,13.42,0.915,0,NORMAL
2026-07-04 00:34:05.727696,METER-ML-1005,3.521,232.99,16.69,0.906,0,NORMAL
2026-07-04 01:34:05.727696,METER-ML-1005,3.527,223.7,16.71,0.944,0,NORMAL
2026-07-04 02:34:05.727696,METER-ML-1005,4.111,239.42,18.04,0.952,0,NORMAL
2026-07-04 03:34:05.727696,METER-ML-1005,4.438,229.19,21.06,0.919,0,NORMAL
2026-07-04 04:34:05.727696,METER-ML-1005,3.915,237.09,18.62,0.887,0,NORMAL
2026-07-04 05:34:05.727696,METER-ML-1005,4.365,225.84,20.5,0.943,0,NORMAL
2026-07-04 06:34:05.727696,METER-ML-1005,3.128,225.8,15.25,0.908,0,NORMAL
2026-07-04 07:34:05.727696,METER-ML-1005,5.2,227.98,23.51,0.97,0,NORMAL
2026-07-04 08:34:05.727696,METER-ML-1005,5.709,227.98,28.21,0.888,0,NORMAL
2026-07-04 09:34:05.727696,METER-ML-1005,5.617,235.97,25.12,0.948,0,NORMAL
2026-07-04 10:34:05.727696,METER-ML-1005,6.083,231.61,29.3,0.897,0,NORMAL
2026-07-04 11:34:05.727696,METER-ML-1005,6.563,225.14,31.27,0.932,0,NORMAL
2026-07-04 12:34:05.727696,METER-ML-1005,6.355,230.96,29.22,0.942,0,NORMAL
2026-07-04 13:34:05.727696,METER-ML-1005,6.382,232.77,29.28,0.936,0,NORMAL
2026-07-04 14:34:05.727696,METER-ML-1005,6.59,227.33,32.51,0.892,0,NORMAL
2026-07-04 15:34:05.727696,METER-ML-1005,5.18,232.61,24.31,0.916,0,NORMAL
2026-07-04 16:34:05.727696,METER-ML-1005,5.915,233.93,28.08,0.9,0,NORMAL
2026-07-04 17:34:05.727696,METER-ML-1005,5.083,225.13,25.62,0.881,0,NORMAL
2026-07-04 18:34:05.727696,METER-ML-1005,5.476,229.18,26.92,0.888,0,NORMAL
2026-07-04 19:34:05.727696,METER-ML-1005,4.078,228.34,20.26,0.882,0,NORMAL
2026-07-04 20:34:05.727696,METER-ML-1005,3.624,228.09,17.01,0.934,0,NORMAL
2026-07-04 21:34:05.727696,METER-ML-1005,2.653,230.74,12.78,0.899,0,NORMAL
2026-07-04 22:34:05.727696,METER-ML-1005,3.215,238.68,15.01,0.897,0,NORMAL
2026-07-04 23:34:05.727696,METER-ML-1005,2.951,223.23,15.11,0.875,0,NORMAL
2026-07-05 00:34:05.727696,METER-ML-1005,3.717,230.13,17.75,0.91,0,NORMAL
2026-07-05 01:34:05.727696,METER-ML-1005,3.563,235.28,16.22,0.933,0,NORMAL
2026-07-05 02:34:05.727696,METER-ML-1005,3.625,233.56,16.33,0.95,0,NORMAL
2026-07-05 03:34:05.727696,METER-ML-1005,3.568,225.17,17.32,0.915,0,NORMAL
2026-07-05 04:34:05.727696,METER-ML-1005,3.146,228.48,15.51,0.888,0,NORMAL
2026-07-05 05:34:05.727696,METER-ML-1005,4.182,235.06,20.1,0.885,0,NORMAL
2026-07-05 06:34:05.727696,METER-ML-1005,4.93,231.42,22.46,0.948,0,NORMAL
2026-07-05 07:34:05.727696,METER-ML-1005,5.314,231.63,26.01,0.882,0,NORMAL
2026-07-05 08:34:05.727696,METER-ML-1005,5.225,235.82,23.57,0.94,0,NORMAL
2026-07-05 09:34:05.727696,METER-ML-1005,6.452,231.18,29.83,0.936,0,NORMAL
2026-07-05 10:34:05.727696,METER-ML-1005,5.324,236.87,24.46,0.919,0,NORMAL
2026-07-05 11:34:05.727696,METER-ML-1005,6.675,235.09,32.29,0.879,0,NORMAL
2026-07-05 12:34:05.727696,METER-ML-1005,6.626,238.17,29.3,0.949,0,NORMAL
2026-07-05 13:34:05.727696,METER-ML-1005,5.778,231.32,27.03,0.924,0,NORMAL
2026-07-05 14:34:05.727696,METER-ML-1005,6.946,229.34,33.33,0.909,0,NORMAL
2026-07-05 15:34:05.727696,METER-ML-1005,5.447,226.76,27.4,0.877,0,NORMAL
2026-07-05 16:34:05.727696,METER-ML-1005,5.315,226.24,26.0,0.903,0,NORMAL
2026-07-05 17:34:05.727696,METER-ML-1005,5.408,230.33,26.13,0.899,0,NORMAL
2026-07-05 18:34:05.727696,METER-ML-1005,4.805,230.91,23.15,0.899,0,NORMAL
2026-07-05 19:34:05.727696,METER-ML-1005,0.049,230.03,0.1,0.921,1,CHUTE_SUSPECTE_FRAUDE
2026-07-05 20:34:05.727696,METER-ML-1005,4.082,227.99,18.31,0.978,0,NORMAL
2026-07-05 21:34:05.727696,METER-ML-1005,4.022,231.95,19.83,0.874,0,NORMAL
2026-07-05 22:34:05.727696,METER-ML-1005,3.179,221.86,15.69,0.913,0,NORMAL
2026-07-05 23:34:05.727696,METER-ML-1005,11.489,234.63,55.0,0.89,1,SURCHARGE_ANORMALE
2026-07-06 00:34:05.727696,METER-ML-1005,3.216,229.11,14.87,0.944,0,NORMAL
2026-07-06 01:34:05.727696,METER-ML-1005,3.275,236.47,14.93,0.928,0,NORMAL
2026-07-06 02:34:05.727696,METER-ML-1005,2.868,225.89,14.5,0.876,0,NORMAL
2026-07-06 03:34:05.727696,METER-ML-1005,3.02,229.68,13.83,0.951,0,NORMAL
2026-07-06 04:34:05.727696,METER-ML-1005,3.071,226.32,15.55,0.873,0,NORMAL
2026-07-06 05:34:05.727696,METER-ML-1005,2.681,236.38,12.16,0.933,0,NORMAL
2026-07-06 06:34:05.727696,METER-ML-1005,4.239,231.15,20.51,0.894,0,NORMAL
2026-07-06 07:34:05.727696,METER-ML-1005,4.102,226.27,19.29,0.94,0,NORMAL
2026-07-06 08:34:05.727696,METER-ML-1005,4.815,233.17,22.31,0.926,0,NORMAL
2026-07-06 09:34:05.727696,METER-ML-1005,4.577,225.46,22.9,0.886,0,NORMAL
2026-07-06 10:34:05.727696,METER-ML-1005,4.972,231.39,24.97,0.86,0,NORMAL
2026-07-06 11:34:05.727696,METER-ML-1005,5.257,233.97,25.84,0.869,0,NORMAL
2026-07-06 12:34:05.727696,METER-ML-1005,5.666,226.04,26.21,0.956,0,NORMAL
2026-07-06 13:34:05.727696,METER-ML-1005,4.839,233.62,21.64,0.957,0,NORMAL
2026-07-06 14:34:05.727696,METER-ML-1005,5.072,236.43,23.37,0.918,0,NORMAL
2026-07-06 15:34:05.727696,METER-ML-1005,4.939,230.53,23.53,0.911,0,NORMAL
2026-07-06 16:34:05.727696,METER-ML-1005,4.465,236.67,20.93,0.901,0,NORMAL
2026-07-06 17:34:05.727696,METER-ML-1005,4.119,229.58,19.41,0.924,0,NORMAL
2026-07-06 18:34:05.727696,METER-ML-1005,3.957,231.3,17.61,0.972,0,NORMAL
2026-07-06 19:34:05.727696,METER-ML-1005,3.333,233.52,15.39,0.927,0,NORMAL
2026-07-06 20:34:05.727696,METER-ML-1005,4.162,230.1,18.85,0.96,0,NORMAL
2026-07-06 21:34:05.727696,METER-ML-1005,3.058,232.44,13.86,0.95,0,NORMAL
2026-07-06 22:34:05.727696,METER-ML-1005,2.586,228.05,12.16,0.933,0,NORMAL
2026-07-06 23:34:05.727696,METER-ML-1005,1.883,173.2,8.43,0.545,1,ANOMALIE_TENSION_FP
2026-07-07 00:34:05.727696,METER-ML-1005,3.007,235.24,13.59,0.941,0,NORMAL
2026-07-07 01:34:05.727696,METER-ML-1005,3.213,230.92,14.51,0.959,0,NORMAL
2026-07-07 02:34:05.727696,METER-ML-1005,2.695,227.19,11.98,0.99,0,NORMAL
2026-07-07 03:34:05.727696,METER-ML-1005,3.334,230.37,15.33,0.944,0,NORMAL
2026-07-07 04:34:05.727696,METER-ML-1005,2.897,229.66,13.87,0.909,0,NORMAL
2026-07-07 05:34:05.727696,METER-ML-1005,3.456,234.93,15.11,0.974,0,NORMAL
2026-07-07 06:34:05.727696,METER-ML-1005,3.683,227.08,16.82,0.964,0,NORMAL
2026-07-07 07:34:05.727696,METER-ML-1005,4.35,226.99,19.66,0.975,0,NORMAL
2026-07-07 08:34:05.727696,METER-ML-1005,4.237,232.22,21.17,0.862,0,NORMAL
2026-07-07 09:34:05.727696,METER-ML-1005,5.01,228.51,25.01,0.877,0,NORMAL
2026-07-07 10:34:05.727696,METER-ML-1005,5.649,225.2,27.9,0.899,0,NORMAL
2026-07-07 11:34:05.727696,METER-ML-1005,5.23,229.67,24.09,0.945,0,NORMAL
2026-07-07 12:34:05.727696,METER-ML-1005,4.855,236.26,23.43,0.877,0,NORMAL
2026-07-07 13:34:05.727696,METER-ML-1005,5.635,233.82,26.34,0.915,0,NORMAL
2026-07-07 14:34:05.727696,METER-ML-1005,4.723,232.02,21.59,0.943,0,NORMAL
2026-07-07 15:34:05.727696,METER-ML-1005,4.465,222.9,22.11,0.906,0,NORMAL
2026-07-07 16:34:05.727696,METER-ML-1005,4.829,227.6,22.25,0.953,0,NORMAL
2026-07-07 17:34:05.727696,METER-ML-1005,4.746,226.74,21.99,0.952,0,NORMAL
2026-07-07 18:34:05.727696,METER-ML-1005,3.762,229.69,17.21,0.952,0,NORMAL
2026-07-07 19:34:05.727696,METER-ML-1005,3.894,235.98,17.7,0.932,0,NORMAL
2026-07-07 20:34:05.727696,METER-ML-1005,2.847,234.34,13.21,0.92,0,NORMAL
2026-07-07 21:34:05.727696,METER-ML-1005,2.053,227.24,9.61,0.94,0,NORMAL
2026-07-07 22:34:05.727696,METER-ML-1005,2.55,223.26,13.45,0.849,0,NORMAL
2026-07-07 23:34:05.727696,METER-ML-1005,2.985,232.19,14.02,0.917,0,NORMAL
2026-07-08 00:34:05.727696,METER-ML-1005,3.711,235.49,17.5,0.9,0,NORMAL
2026-07-08 01:34:05.727696,METER-ML-1005,2.52,229.69,12.45,0.881,0,NORMAL
2026-07-08 02:34:05.727696,METER-ML-1005,3.082,225.47,15.38,0.889,0,NORMAL
2026-07-08 03:34:05.727696,METER-ML-1005,3.075,234.69,13.81,0.949,0,NORMAL
2026-07-08 04:34:05.727696,METER-ML-1005,3.182,227.72,15.88,0.88,0,NORMAL
2026-07-08 05:34:05.727696,METER-ML-1005,3.841,229.35,17.96,0.932,0,NORMAL
2026-07-08 06:34:05.727696,METER-ML-1005,3.467,227.21,16.84,0.906,0,NORMAL
2026-07-08 07:34:05.727696,METER-ML-1005,3.949,230.19,18.38,0.933,0,NORMAL
2026-07-08 08:34:05.727696,METER-ML-1005,4.158,230.52,19.51,0.924,0,NORMAL
2026-07-08 09:34:05.727696,METER-ML-1005,4.968,227.98,23.96,0.91,0,NORMAL
2026-07-08 10:34:05.727696,METER-ML-1005,5.276,229.14,24.91,0.924,0,NORMAL
2026-07-08 11:34:05.727696,METER-ML-1005,4.98,234.51,22.86,0.929,0,NORMAL
2026-07-08 12:34:05.727696,METER-ML-1005,0.024,231.13,0.1,0.945,1,CHUTE_SUSPECTE_FRAUDE
2026-07-08 13:34:05.727696,METER-ML-1005,4.8,229.51,22.26,0.94,0,NORMAL
2026-07-08 14:34:05.727696,METER-ML-1005,5.564,232.61,26.79,0.893,0,NORMAL
2026-07-08 15:34:05.727696,METER-ML-1005,0.093,237.72,0.1,0.953,1,CHUTE_SUSPECTE_FRAUDE
2026-07-08 16:34:05.727696,METER-ML-1005,4.457,223.9,21.86,0.91,0,NORMAL
2026-07-08 17:34:05.727696,METER-ML-1005,4.191,232.85,19.5,0.923,0,NORMAL
2026-07-08 18:34:05.727696,METER-ML-1005,4.183,223.49,19.89,0.941,0,NORMAL
2026-07-08 19:34:05.727696,METER-ML-1005,3.426,240.99,15.92,0.893,0,NORMAL
2026-07-08 20:34:05.727696,METER-ML-1005,2.55,231.31,11.85,0.93,0,NORMAL
2026-07-08 21:34:05.727696,METER-ML-1005,3.341,150.69,16.08,0.447,1,ANOMALIE_TENSION_FP
2026-07-08 22:34:05.727696,METER-ML-1005,2.325,228.29,11.77,0.865,0,NORMAL
2026-07-08 23:34:05.727696,METER-ML-1005,2.4,235.61,10.42,0.978,0,NORMAL
2026-07-09 00:34:05.727696,METER-ML-1005,2.769,229.16,13.46,0.898,0,NORMAL
2026-07-09 01:34:05.727696,METER-ML-1005,3.625,231.91,16.93,0.923,0,NORMAL
2026-07-09 02:34:05.727696,METER-ML-1005,3.196,227.02,15.1,0.932,0,NORMAL
2026-07-09 03:34:05.727696,METER-ML-1005,2.991,230.34,14.53,0.894,0,NORMAL
2026-07-09 04:34:05.727696,METER-ML-1005,0.067,232.31,0.1,0.913,1,CHUTE_SUSPECTE_FRAUDE
2026-07-09 05:34:05.727696,METER-ML-1005,3.435,232.12,16.38,0.903,0,NORMAL
2026-07-09 06:34:05.727696,METER-ML-1005,3.915,229.01,19.12,0.894,0,NORMAL
2026-07-09 07:34:05.727696,METER-ML-1005,4.821,225.63,23.41,0.913,0,NORMAL
2026-07-09 08:34:05.727696,METER-ML-1005,4.336,235.28,19.98,0.923,0,NORMAL
2026-07-09 09:34:05.727696,METER-ML-1005,5.318,226.91,25.78,0.909,0,NORMAL
2026-07-09 10:34:05.727696,METER-ML-1005,5.744,231.27,27.57,0.901,0,NORMAL
2026-07-09 11:34:05.727696,METER-ML-1005,4.994,227.88,25.24,0.868,0,NORMAL
2026-07-09 12:34:05.727696,METER-ML-1005,5.88,232.21,28.33,0.894,0,NORMAL
2026-07-09 13:34:05.727696,METER-ML-1005,5.192,231.84,25.63,0.874,0,NORMAL
2026-07-09 14:34:05.727696,METER-ML-1005,5.729,226.54,28.5,0.887,0,NORMAL
2026-07-09 15:34:05.727696,METER-ML-1005,5.198,232.24,24.99,0.896,0,NORMAL
2026-07-09 16:34:05.727696,METER-ML-1005,4.376,222.52,21.47,0.916,0,NORMAL
2026-07-09 17:34:05.727696,METER-ML-1005,4.064,233.78,18.43,0.943,0,NORMAL
2026-07-09 18:34:05.727696,METER-ML-1005,4.043,230.67,19.05,0.92,0,NORMAL
2026-07-09 19:34:05.727696,METER-ML-1005,2.966,170.93,13.7,0.434,1,ANOMALIE_TENSION_FP
2026-07-09 20:34:05.727696,METER-ML-1005,3.262,232.14,15.32,0.917,0,NORMAL
2026-07-09 21:34:05.727696,METER-ML-1005,3.177,225.0,15.44,0.915,0,NORMAL
2026-07-09 22:34:05.727696,METER-ML-1005,2.855,228.84,12.65,0.986,0,NORMAL
2026-07-09 23:34:05.727696,METER-ML-1005,2.691,234.37,12.46,0.921,0,NORMAL
2026-07-10 00:34:05.727696,METER-ML-1005,3.521,234.39,16.57,0.907,0,NORMAL
2026-07-10 01:34:05.727696,METER-ML-1005,2.674,230.62,12.96,0.895,0,NORMAL
2026-07-10 02:34:05.727696,METER-ML-1005,3.83,237.68,17.32,0.93,0,NORMAL
2026-07-10 03:34:05.727696,METER-ML-1005,3.167,231.91,15.89,0.859,0,NORMAL
2026-07-10 04:34:05.727696,METER-ML-1005,3.618,233.93,16.37,0.945,0,NORMAL
2026-07-10 05:34:05.727696,METER-ML-1005,3.144,227.12,14.97,0.925,0,NORMAL
2026-07-10 06:34:05.727696,METER-ML-1005,4.318,228.08,20.36,0.93,0,NORMAL
2026-07-10 07:34:05.727696,METER-ML-1005,4.021,225.32,19.15,0.932,0,NORMAL
2026-07-10 08:34:05.727696,METER-ML-1005,4.459,230.72,20.83,0.928,0,NORMAL
2026-07-10 09:34:05.727696,METER-ML-1005,0.097,235.33,0.1,0.97,1,CHUTE_SUSPECTE_FRAUDE
2026-07-10 10:34:05.727696,METER-ML-1005,5.504,230.33,25.8,0.926,0,NORMAL
2026-07-10 11:34:05.727696,METER-ML-1005,5.209,231.02,25.29,0.891,0,NORMAL
2026-07-10 12:34:05.727696,METER-ML-1005,5.086,232.85,24.0,0.91,0,NORMAL
2026-07-10 13:34:05.727696,METER-ML-1005,5.648,228.55,27.27,0.906,0,NORMAL
2026-07-10 14:34:05.727696,METER-ML-1005,4.585,231.79,21.25,0.931,0,NORMAL
2026-07-10 15:34:05.727696,METER-ML-1005,5.144,234.68,23.17,0.946,0,NORMAL
2026-07-10 16:34:05.727696,METER-ML-1005,4.348,231.86,19.82,0.946,0,NORMAL
2026-07-10 17:34:05.727696,METER-ML-1005,4.113,228.82,18.93,0.95,0,NORMAL
2026-07-10 18:34:05.727696,METER-ML-1005,3.517,223.71,16.5,0.953,0,NORMAL
2026-07-10 19:34:05.727696,METER-ML-1005,0.032,225.97,0.1,0.94,1,CHUTE_SUSPECTE_FRAUDE
2026-07-10 20:34:05.727696,METER-ML-1005,3.256,230.01,14.9,0.95,0,NORMAL
2026-07-10 21:34:05.727696,METER-ML-1005,1.801,223.81,8.68,0.927,0,NORMAL
2026-07-10 22:34:05.727696,METER-ML-1005,2.493,238.14,10.84,0.966,0,NORMAL
2026-07-10 23:34:05.727696,METER-ML-1005,2.662,236.39,11.98,0.94,0,NORMAL
2026-07-11 00:34:05.727696,METER-ML-1005,3.435,236.25,15.68,0.927,0,NORMAL
2026-07-11 01:34:05.727696,METER-ML-1005,4.762,231.05,21.44,0.962,0,NORMAL
2026-07-11 02:34:05.727696,METER-ML-1005,3.86,225.8,18.19,0.94,0,NORMAL
2026-07-11 03:34:05.727696,METER-ML-1005,3.559,229.35,16.95,0.916,0,NORMAL
2026-07-11 04:34:05.727696,METER-ML-1005,4.006,224.63,19.52,0.914,0,NORMAL
2026-07-11 05:34:05.727696,METER-ML-1005,4.266,228.18,20.82,0.898,0,NORMAL
2026-07-11 06:34:05.727696,METER-ML-1005,5.49,224.22,25.97,0.943,0,NORMAL
2026-07-11 07:34:05.727696,METER-ML-1005,4.932,227.92,23.1,0.937,0,NORMAL
2026-07-11 08:34:05.727696,METER-ML-1005,0.032,229.33,0.1,0.91,1,CHUTE_SUSPECTE_FRAUDE
2026-07-11 09:34:05.727696,METER-ML-1005,6.021,234.37,27.98,0.918,0,NORMAL
2026-07-11 10:34:05.727696,METER-ML-1005,5.531,226.19,26.96,0.907,0,NORMAL
2026-07-11 11:34:05.727696,METER-ML-1005,6.086,232.67,28.45,0.919,0,NORMAL
2026-07-11 12:34:05.727696,METER-ML-1005,6.309,229.83,29.22,0.939,0,NORMAL
2026-07-11 13:34:05.727696,METER-ML-1005,7.032,233.14,32.85,0.918,0,NORMAL
2026-07-11 14:34:05.727696,METER-ML-1005,7.181,230.49,35.45,0.879,0,NORMAL
2026-07-11 15:34:05.727696,METER-ML-1005,6.012,229.5,29.3,0.894,0,NORMAL
2026-07-11 16:34:05.727696,METER-ML-1005,5.74,226.93,27.77,0.911,0,NORMAL
2026-07-11 17:34:05.727696,METER-ML-1005,5.519,231.12,25.41,0.94,0,NORMAL
2026-07-11 18:34:05.727696,METER-ML-1005,5.515,226.85,24.88,0.977,0,NORMAL
2026-07-11 19:34:05.727696,METER-ML-1005,4.805,227.83,22.18,0.951,0,NORMAL
2026-07-11 20:34:05.727696,METER-ML-1005,0.048,232.68,0.1,0.929,1,CHUTE_SUSPECTE_FRAUDE
2026-07-11 21:34:05.727696,METER-ML-1005,3.351,235.91,16.12,0.881,0,NORMAL
2026-07-11 22:34:05.727696,METER-ML-1005,3.045,227.8,13.5,0.99,0,NORMAL
2026-07-11 23:34:05.727696,METER-ML-1005,3.455,224.42,16.57,0.929,0,NORMAL
2026-07-12 00:34:05.727696,METER-ML-1005,3.369,233.38,16.82,0.858,0,NORMAL
2026-07-12 01:34:05.727696,METER-ML-1005,3.758,234.57,18.29,0.876,0,NORMAL
2026-07-12 02:34:05.727696,METER-ML-1005,4.246,236.88,19.57,0.916,0,NORMAL
2026-07-12 03:34:05.727696,METER-ML-1005,5.143,153.6,23.69,0.544,1,ANOMALIE_TENSION_FP
2026-07-12 04:34:05.727696,METER-ML-1005,4.631,227.19,22.96,0.888,0,NORMAL
2026-07-12 05:34:05.727696,METER-ML-1005,3.991,231.61,19.83,0.869,0,NORMAL
2026-07-12 06:34:05.727696,METER-ML-1005,4.711,227.06,23.71,0.875,0,NORMAL
2026-07-12 07:34:05.727696,METER-ML-1005,5.576,225.3,26.83,0.923,0,NORMAL
2026-07-12 08:34:05.727696,METER-ML-1005,4.543,232.56,19.94,0.98,0,NORMAL
2026-07-12 09:34:05.727696,METER-ML-1005,6.612,231.89,30.87,0.924,0,NORMAL
2026-07-12 10:34:05.727696,METER-ML-1005,6.313,230.54,30.25,0.905,0,NORMAL
2026-07-12 11:34:05.727696,METER-ML-1005,6.233,233.63,28.67,0.931,0,NORMAL
2026-07-12 12:34:05.727696,METER-ML-1005,7.542,228.95,38.04,0.866,0,NORMAL
2026-07-12 13:34:05.727696,METER-ML-1005,5.409,229.94,25.3,0.93,0,NORMAL
2026-07-12 14:34:05.727696,METER-ML-1005,6.291,224.71,31.23,0.896,0,NORMAL
2026-07-12 15:34:05.727696,METER-ML-1005,0.089,232.92,0.1,0.913,1,CHUTE_SUSPECTE_FRAUDE
2026-07-12 16:34:05.727696,METER-ML-1005,5.802,228.51,28.13,0.903,0,NORMAL
2026-07-12 17:34:05.727696,METER-ML-1005,5.684,233.22,26.48,0.92,0,NORMAL
2026-07-12 18:34:05.727696,METER-ML-1005,4.481,231.49,21.92,0.883,0,NORMAL
2026-07-12 19:34:05.727696,METER-ML-1005,4.022,231.81,17.74,0.978,0,NORMAL
2026-07-12 20:34:05.727696,METER-ML-1005,4.389,232.18,20.83,0.908,0,NORMAL
2026-07-12 21:34:05.727696,METER-ML-1005,2.696,236.09,12.66,0.902,0,NORMAL
2026-07-12 22:34:05.727696,METER-ML-1005,2.649,233.89,12.8,0.885,0,NORMAL
2026-07-12 23:34:05.727696,METER-ML-1005,3.65,233.81,17.94,0.87,0,NORMAL
2026-07-13 00:34:05.727696,METER-ML-1005,3.109,233.06,14.97,0.891,0,NORMAL
2026-07-13 01:34:05.727696,METER-ML-1005,2.391,231.92,11.14,0.926,0,NORMAL
2026-07-13 02:34:05.727696,METER-ML-1005,3.532,230.49,16.66,0.92,0,NORMAL
2026-07-13 03:34:05.727696,METER-ML-1005,0.059,230.12,0.1,0.948,1,CHUTE_SUSPECTE_FRAUDE
2026-07-13 04:34:05.727696,METER-ML-1005,3.46,232.83,15.9,0.935,0,NORMAL
2026-07-13 05:34:05.727696,METER-ML-1005,2.987,230.22,13.61,0.954,0,NORMAL
2026-07-13 06:34:05.727696,METER-ML-1005,4.686,233.4,21.03,0.955,0,NORMAL
2026-07-13 07:34:05.727696,METER-ML-1005,4.021,233.99,18.68,0.92,0,NORMAL
2026-07-13 08:34:05.727696,METER-ML-1005,4.169,230.23,20.2,0.897,0,NORMAL
2026-07-13 09:34:05.727696,METER-ML-1005,5.208,239.19,23.74,0.917,0,NORMAL
2026-07-13 10:34:05.727696,METER-ML-1005,5.029,228.82,24.88,0.883,0,NORMAL
2026-07-13 11:34:05.727696,METER-ML-1005,5.337,235.52,24.24,0.935,0,NORMAL
2026-07-13 12:34:05.727696,METER-ML-1005,5.89,225.94,28.2,0.924,0,NORMAL
2026-07-13 13:34:05.727696,METER-ML-1005,5.059,237.43,22.33,0.954,0,NORMAL
2026-07-13 14:34:05.727696,METER-ML-1005,5.356,230.49,24.2,0.96,0,NORMAL
2026-07-13 15:34:05.727696,METER-ML-1005,4.657,226.59,22.82,0.901,0,NORMAL
2026-07-13 16:34:05.727696,METER-ML-1005,4.313,226.58,20.58,0.925,0,NORMAL
2026-07-13 17:34:05.727696,METER-ML-1005,4.29,233.81,20.24,0.907,0,NORMAL
2026-07-13 18:34:05.727696,METER-ML-1005,3.743,224.83,18.14,0.917,0,NORMAL
2026-07-13 19:34:05.727696,METER-ML-1005,3.54,225.69,17.47,0.898,0,NORMAL
2026-07-13 20:34:05.727696,METER-ML-1005,3.477,224.59,17.7,0.875,0,NORMAL
2026-07-13 21:34:05.727696,METER-ML-1005,2.861,235.37,12.77,0.952,0,NORMAL
2026-07-13 22:34:05.727696,METER-ML-1005,2.686,230.15,12.69,0.919,0,NORMAL
2026-07-13 23:34:05.727696,METER-ML-1005,2.143,228.49,9.83,0.954,0,NORMAL
2026-07-14 00:34:05.727696,METER-ML-1005,2.849,229.96,13.64,0.908,0,NORMAL
2026-07-14 01:34:05.727696,METER-ML-1005,3.17,219.47,16.17,0.894,0,NORMAL
2026-07-14 02:34:05.727696,METER-ML-1005,2.72,228.31,13.3,0.895,0,NORMAL
2026-07-14 03:34:05.727696,METER-ML-1005,3.418,233.18,16.63,0.882,0,NORMAL
2026-07-14 04:34:05.727696,METER-ML-1005,3.884,227.21,17.86,0.957,0,NORMAL
2026-07-14 05:34:05.727696,METER-ML-1005,3.033,233.66,14.06,0.923,0,NORMAL
2026-07-14 06:34:05.727696,METER-ML-1005,3.61,230.2,18.2,0.862,0,NORMAL
2026-07-14 07:34:05.727696,METER-ML-1005,4.656,234.62,20.67,0.96,0,NORMAL
2026-07-14 08:34:05.727696,METER-ML-1005,4.38,231.13,20.27,0.935,0,NORMAL
2026-07-14 09:34:05.727696,METER-ML-1005,4.507,228.3,21.22,0.93,0,NORMAL
2026-07-14 10:34:05.727696,METER-ML-1005,0.009,240.25,0.1,0.902,1,CHUTE_SUSPECTE_FRAUDE
2026-07-14 11:34:05.727696,METER-ML-1005,4.743,233.73,21.9,0.927,0,NORMAL
2026-07-14 12:34:05.727696,METER-ML-1005,4.978,228.73,23.43,0.929,0,NORMAL
2026-07-14 13:34:05.727696,METER-ML-1005,5.05,233.2,23.66,0.915,0,NORMAL
2026-07-14 14:34:05.727696,METER-ML-1005,5.355,227.64,26.85,0.876,0,NORMAL
2026-07-14 15:34:05.727696,METER-ML-1005,4.559,232.81,22.65,0.865,0,NORMAL
2026-07-14 16:34:05.727696,METER-ML-1005,4.389,233.62,20.71,0.907,0,NORMAL
2026-07-14 17:34:05.727696,METER-ML-1005,4.314,225.8,20.45,0.934,0,NORMAL
2026-07-14 18:34:05.727696,METER-ML-1005,4.117,224.45,21.12,0.868,0,NORMAL
2026-07-14 19:34:05.727696,METER-ML-1005,3.671,236.17,17.8,0.873,0,NORMAL
2026-07-14 20:34:05.727696,METER-ML-1005,3.206,227.61,15.83,0.89,0,NORMAL
2026-07-14 21:34:05.727696,METER-ML-1005,3.025,233.51,14.33,0.904,0,NORMAL
2026-07-14 22:34:05.727696,METER-ML-1005,3.201,230.88,14.83,0.935,0,NORMAL
2026-07-14 23:34:05.727696,METER-ML-1005,2.857,231.94,13.07,0.942,0,NORMAL
2026-07-15 00:34:05.727696,METER-ML-1005,3.287,230.48,15.21,0.938,0,NORMAL
2026-07-15 01:34:05.727696,METER-ML-1005,3.361,233.76,16.25,0.885,0,NORMAL
2026-07-15 02:34:05.727696,METER-ML-1005,3.314,230.52,15.83,0.908,0,NORMAL
2026-07-15 03:34:05.727696,METER-ML-1005,3.117,231.73,15.04,0.895,0,NORMAL
2026-07-15 04:34:05.727696,METER-ML-1005,3.524,228.18,16.22,0.953,0,NORMAL
2026-07-15 05:34:05.727696,METER-ML-1005,2.916,234.57,13.02,0.954,0,NORMAL
2026-07-15 06:34:05.727696,METER-ML-1005,4.117,230.79,18.53,0.962,0,NORMAL
2026-07-15 07:34:05.727696,METER-ML-1005,3.275,225.18,16.32,0.891,0,NORMAL
2026-07-15 08:34:05.727696,METER-ML-1005,4.575,232.43,21.5,0.916,0,NORMAL
2026-07-15 09:34:05.727696,METER-ML-1005,5.293,223.16,25.59,0.927,0,NORMAL
2026-07-15 10:34:05.727696,METER-ML-1005,4.58,228.26,22.45,0.894,0,NORMAL
2026-07-15 11:34:05.727696,METER-ML-1005,5.126,225.08,23.57,0.966,0,NORMAL
2026-07-15 12:34:05.727696,METER-ML-1005,4.915,229.52,22.19,0.965,0,NORMAL
2026-07-15 13:34:05.727696,METER-ML-1005,5.077,228.43,25.1,0.885,0,NORMAL
2026-07-15 14:34:05.727696,METER-ML-1005,5.39,230.42,25.52,0.917,0,NORMAL
2026-07-15 15:34:05.727696,METER-ML-1005,4.774,226.1,22.92,0.921,0,NORMAL
2026-07-15 16:34:05.727696,METER-ML-1005,4.31,226.25,20.68,0.921,0,NORMAL
2026-07-15 17:34:05.727696,METER-ML-1005,3.392,232.25,15.87,0.92,0,NORMAL
2026-07-15 18:34:05.727696,METER-ML-1005,3.673,233.78,16.3,0.964,0,NORMAL
2026-07-15 19:34:05.727696,METER-ML-1005,3.18,233.28,14.47,0.942,0,NORMAL
2026-07-15 20:34:05.727696,METER-ML-1005,3.612,227.26,17.18,0.925,0,NORMAL
2026-07-15 21:34:05.727696,METER-ML-1005,3.445,232.41,15.82,0.937,0,NORMAL
2026-07-15 22:34:05.727696,METER-ML-1005,2.828,231.8,12.94,0.943,0,NORMAL
2026-07-15 23:34:05.727696,METER-ML-1005,2.084,230.55,10.11,0.894,0,NORMAL
2026-07-16 00:34:05.727696,METER-ML-1005,3.619,230.07,16.78,0.938,0,NORMAL
2026-07-16 01:34:05.727696,METER-ML-1005,3.346,226.33,16.5,0.896,0,NORMAL
2026-07-16 02:34:05.727696,METER-ML-1005,3.028,228.72,14.22,0.931,0,NORMAL
2026-07-16 03:34:05.727696,METER-ML-1005,3.433,228.99,16.87,0.889,0,NORMAL
2026-07-16 04:34:05.727696,METER-ML-1005,2.854,171.88,14.48,0.567,1,ANOMALIE_TENSION_FP
2026-07-16 05:34:05.727696,METER-ML-1005,3.616,231.77,16.97,0.92,0,NORMAL
2026-07-16 06:34:05.727696,METER-ML-1005,3.108,236.57,13.96,0.941,0,NORMAL
2026-07-16 07:34:05.727696,METER-ML-1005,4.342,229.57,20.34,0.93,0,NORMAL
2026-07-16 08:34:05.727696,METER-ML-1005,4.907,232.21,22.48,0.94,0,NORMAL
2026-07-16 09:34:05.727696,METER-ML-1005,4.682,230.02,22.87,0.89,0,NORMAL
2026-07-16 10:34:05.727696,METER-ML-1005,5.805,230.12,27.42,0.92,0,NORMAL
2026-07-16 11:34:05.727696,METER-ML-1005,5.63,232.33,26.14,0.927,0,NORMAL
2026-07-16 12:34:05.727696,METER-ML-1005,4.966,228.9,21.91,0.99,0,NORMAL
2026-07-16 13:34:05.727696,METER-ML-1005,5.257,235.23,25.94,0.861,0,NORMAL
2026-07-16 14:34:05.727696,METER-ML-1005,5.678,225.82,28.03,0.897,0,NORMAL
2026-07-16 15:34:05.727696,METER-ML-1005,5.439,222.17,26.57,0.921,0,NORMAL
2026-07-16 16:34:05.727696,METER-ML-1005,4.664,231.64,22.12,0.91,0,NORMAL
2026-07-16 17:34:05.727696,METER-ML-1005,4.455,232.02,20.5,0.937,0,NORMAL
2026-07-16 18:34:05.727696,METER-ML-1005,4.934,228.63,23.09,0.934,0,NORMAL
2026-07-16 19:34:05.727696,METER-ML-1005,3.684,225.62,17.54,0.931,0,NORMAL
2026-07-16 20:34:05.727696,METER-ML-1005,3.69,230.71,17.6,0.908,0,NORMAL
2026-07-16 21:34:05.727696,METER-ML-1005,3.83,226.67,18.77,0.9,0,NORMAL
2026-07-16 22:34:05.727696,METER-ML-1005,2.793,227.04,13.12,0.938,0,NORMAL
2026-07-16 23:34:05.727696,METER-ML-1005,1.761,231.32,8.29,0.918,0,NORMAL
2026-07-17 00:34:05.727696,METER-ML-1005,2.66,223.14,13.5,0.883,0,NORMAL
2026-07-17 01:34:05.727696,METER-ML-1005,3.859,229.6,17.92,0.938,0,NORMAL
2026-07-17 02:34:05.727696,METER-ML-1005,2.58,229.04,12.42,0.907,0,NORMAL
2026-07-17 03:34:05.727696,METER-ML-1005,2.971,174.69,13.13,0.593,1,ANOMALIE_TENSION_FP
2026-07-17 04:34:05.727696,METER-ML-1005,3.721,225.85,17.68,0.932,0,NORMAL
2026-07-17 05:34:05.727696,METER-ML-1005,2.994,229.62,15.19,0.858,0,NORMAL
2026-07-17 06:34:05.727696,METER-ML-1005,3.544,230.48,16.31,0.943,0,NORMAL
2026-07-17 07:34:05.727696,METER-ML-1005,4.245,235.27,18.47,0.977,0,NORMAL
2026-07-17 08:34:05.727696,METER-ML-1005,4.407,227.29,19.94,0.973,0,NORMAL
2026-07-17 09:34:05.727696,METER-ML-1005,4.938,229.41,24.22,0.889,0,NORMAL
2026-07-17 10:34:05.727696,METER-ML-1005,4.941,231.79,21.79,0.978,0,NORMAL
2026-07-17 11:34:05.727696,METER-ML-1005,5.292,230.41,25.61,0.897,0,NORMAL
2026-07-17 12:34:05.727696,METER-ML-1005,6.009,231.81,28.31,0.916,0,NORMAL
2026-07-17 13:34:05.727696,METER-ML-1005,4.535,230.51,21.39,0.92,0,NORMAL
2026-07-17 14:34:05.727696,METER-ML-1005,5.595,234.59,26.51,0.9,0,NORMAL
2026-07-17 15:34:05.727696,METER-ML-1005,4.812,232.94,22.57,0.915,0,NORMAL
2026-07-17 16:34:05.727696,METER-ML-1005,4.509,227.53,20.79,0.953,0,NORMAL
2026-07-17 17:34:05.727696,METER-ML-1005,4.426,229.41,20.79,0.928,0,NORMAL
2026-07-17 18:34:05.727696,METER-ML-1005,3.552,178.61,16.58,0.547,1,ANOMALIE_TENSION_FP
2026-07-17 19:34:05.727696,METER-ML-1005,3.426,226.78,16.0,0.944,0,NORMAL
2026-07-17 20:34:05.727696,METER-ML-1005,3.27,234.78,14.63,0.952,0,NORMAL
2026-07-17 21:34:05.727696,METER-ML-1005,3.13,231.26,14.92,0.907,0,NORMAL
2026-07-17 22:34:05.727696,METER-ML-1005,2.518,234.39,11.9,0.903,0,NORMAL
2026-07-17 23:34:05.727696,METER-ML-1005,2.268,223.45,10.53,0.964,0,NORMAL
2026-07-18 00:34:05.727696,METER-ML-1005,3.045,231.04,15.05,0.876,0,NORMAL
2026-07-18 01:34:05.727696,METER-ML-1005,3.38,225.43,16.3,0.92,0,NORMAL
2026-07-18 02:34:05.727696,METER-ML-1005,3.076,227.19,15.25,0.888,0,NORMAL
2026-07-18 03:34:05.727696,METER-ML-1005,4.021,229.35,18.58,0.943,0,NORMAL
2026-07-18 04:34:05.727696,METER-ML-1005,3.509,228.55,17.32,0.887,0,NORMAL
2026-07-18 05:34:05.727696,METER-ML-1005,3.177,225.66,16.24,0.867,0,NORMAL
2026-07-18 06:34:05.727696,METER-ML-1005,3.283,227.95,16.51,0.872,0,NORMAL
2026-07-18 07:34:05.727696,METER-ML-1005,5.19,231.04,24.44,0.919,0,NORMAL
2026-07-18 08:34:05.727696,METER-ML-1005,4.897,229.74,22.42,0.951,0,NORMAL
2026-07-18 09:34:05.727696,METER-ML-1005,6.839,234.01,31.47,0.929,0,NORMAL
2026-07-18 10:34:05.727696,METER-ML-1005,5.859,231.15,26.71,0.949,0,NORMAL
2026-07-18 11:34:05.727696,METER-ML-1005,5.815,233.61,27.61,0.901,0,NORMAL
2026-07-18 12:34:05.727696,METER-ML-1005,6.903,228.81,30.6,0.986,0,NORMAL
2026-07-18 13:34:05.727696,METER-ML-1005,6.5,234.12,30.33,0.915,0,NORMAL
2026-07-18 14:34:05.727696,METER-ML-1005,6.038,233.85,27.56,0.937,0,NORMAL
2026-07-18 15:34:05.727696,METER-ML-1005,5.488,227.15,26.39,0.915,0,NORMAL
2026-07-18 16:34:05.727696,METER-ML-1005,5.631,229.05,26.86,0.915,0,NORMAL
2026-07-18 17:34:05.727696,METER-ML-1005,6.146,228.94,29.81,0.901,0,NORMAL
2026-07-18 18:34:05.727696,METER-ML-1005,5.183,233.53,25.79,0.861,0,NORMAL
2026-07-18 19:34:05.727696,METER-ML-1005,3.893,232.66,18.33,0.913,0,NORMAL
2026-07-18 20:34:05.727696,METER-ML-1005,3.345,221.6,15.38,0.981,0,NORMAL
2026-07-18 21:34:05.727696,METER-ML-1005,2.958,230.54,13.47,0.953,0,NORMAL
2026-07-18 22:34:05.727696,METER-ML-1005,3.21,220.78,16.25,0.895,0,NORMAL
2026-07-18 23:34:05.727696,METER-ML-1005,3.314,230.69,14.71,0.976,0,NORMAL
2026-07-19 00:34:05.727696,METER-ML-1005,2.4,225.98,10.92,0.973,0,NORMAL
2026-07-19 01:34:05.727696,METER-ML-1005,4.489,229.48,20.61,0.949,0,NORMAL
2026-07-19 02:34:05.727696,METER-ML-1005,3.654,227.48,17.66,0.909,0,NORMAL
2026-07-19 03:34:05.727696,METER-ML-1005,4.419,228.73,20.61,0.938,0,NORMAL
2026-07-19 04:34:05.727696,METER-ML-1005,3.392,227.42,16.18,0.922,0,NORMAL
2026-07-19 05:34:05.727696,METER-ML-1005,3.63,233.9,17.57,0.883,0,NORMAL
2026-07-19 06:34:05.727696,METER-ML-1005,4.533,232.17,22.02,0.887,0,NORMAL
2026-07-19 07:34:05.727696,METER-ML-1005,4.842,229.28,23.28,0.907,0,NORMAL
2026-07-19 08:34:05.727696,METER-ML-1005,5.954,231.31,28.08,0.917,0,NORMAL
2026-07-19 09:34:05.727696,METER-ML-1005,5.512,226.68,27.4,0.887,0,NORMAL
2026-07-19 10:34:05.727696,METER-ML-1005,6.928,228.28,33.13,0.916,0,NORMAL
2026-07-19 11:34:05.727696,METER-ML-1005,6.37,225.96,30.4,0.927,0,NORMAL
2026-07-19 12:34:05.727696,METER-ML-1005,5.956,224.95,30.55,0.867,0,NORMAL
2026-07-19 13:34:05.727696,METER-ML-1005,6.052,224.94,29.9,0.9,0,NORMAL
2026-07-19 14:34:05.727696,METER-ML-1005,6.787,226.25,33.5,0.895,0,NORMAL
2026-07-19 15:34:05.727696,METER-ML-1005,0.092,232.91,0.1,0.946,1,CHUTE_SUSPECTE_FRAUDE
2026-07-19 16:34:05.727696,METER-ML-1005,5.603,233.51,24.97,0.961,0,NORMAL
2026-07-19 17:34:05.727696,METER-ML-1005,5.147,228.83,22.86,0.984,0,NORMAL
2026-07-19 18:34:05.727696,METER-ML-1005,4.734,228.58,21.66,0.956,0,NORMAL
2026-07-19 19:34:05.727696,METER-ML-1005,4.325,226.34,20.95,0.912,0,NORMAL
2026-07-19 20:34:05.727696,METER-ML-1005,3.321,230.52,15.21,0.947,0,NORMAL
2026-07-19 21:34:05.727696,METER-ML-1005,4.21,230.04,19.19,0.954,0,NORMAL
2026-07-19 22:34:05.727696,METER-ML-1005,3.372,231.03,15.36,0.95,0,NORMAL
2026-07-19 23:34:05.727696,METER-ML-1005,3.271,232.51,15.5,0.908,0,NORMAL
2026-07-20 00:34:05.727696,METER-ML-1005,3.22,224.48,16.14,0.889,0,NORMAL
2026-07-20 01:34:05.727696,METER-ML-1005,3.439,229.83,16.33,0.917,0,NORMAL
2026-07-20 02:34:05.727696,METER-ML-1005,2.997,228.17,14.11,0.931,0,NORMAL
2026-07-20 03:34:05.727696,METER-ML-1005,3.472,227.83,17.2,0.886,0,NORMAL
2026-07-20 04:34:05.727696,METER-ML-1005,3.137,225.74,15.43,0.901,0,NORMAL
2026-07-20 05:34:05.727696,METER-ML-1005,2.161,229.81,10.11,0.93,0,NORMAL
2026-07-20 06:34:05.727696,METER-ML-1005,3.59,231.15,17.48,0.889,0,NORMAL
2026-07-20 07:34:05.727696,METER-ML-1005,3.846,232.65,17.89,0.924,0,NORMAL
2026-07-20 08:34:05.727696,METER-ML-1005,4.426,233.74,20.35,0.931,0,NORMAL
2026-07-20 09:34:05.727696,METER-ML-1005,4.408,233.71,20.73,0.91,0,NORMAL
2026-07-20 10:34:05.727696,METER-ML-1005,4.641,237.98,21.6,0.903,0,NORMAL
2026-07-20 11:34:05.727696,METER-ML-1005,5.994,234.49,29.14,0.877,0,NORMAL
2026-07-20 12:34:05.727696,METER-ML-1005,5.179,227.0,24.87,0.918,0,NORMAL
2026-07-20 13:34:05.727696,METER-ML-1005,4.842,224.55,22.6,0.954,0,NORMAL
2026-07-20 14:34:05.727696,METER-ML-1005,4.515,234.9,20.77,0.926,0,NORMAL
2026-07-20 15:34:05.727696,METER-ML-1005,4.985,225.65,24.81,0.89,0,NORMAL
2026-07-20 16:34:05.727696,METER-ML-1005,4.218,224.87,20.01,0.937,0,NORMAL
2026-07-20 17:34:05.727696,METER-ML-1005,4.458,234.33,20.23,0.94,0,NORMAL
2026-07-20 18:34:05.727696,METER-ML-1005,3.082,228.93,14.19,0.949,0,NORMAL
2026-07-20 19:34:05.727696,METER-ML-1005,3.057,175.61,14.2,0.526,1,ANOMALIE_TENSION_FP
2026-07-20 20:34:05.727696,METER-ML-1005,3.219,232.38,15.44,0.897,0,NORMAL
2026-07-20 21:34:05.727696,METER-ML-1005,2.576,234.83,11.72,0.936,0,NORMAL
2026-07-20 22:34:05.727696,METER-ML-1005,2.493,226.98,12.28,0.894,0,NORMAL
2026-07-20 23:34:05.727696,METER-ML-1005,2.209,231.03,10.74,0.891,0,NORMAL
2026-07-21 00:34:05.727696,METER-ML-1005,3.282,236.52,15.14,0.917,0,NORMAL
2026-07-21 01:34:05.727696,METER-ML-1005,3.353,227.46,15.42,0.956,0,NORMAL
2026-07-21 02:34:05.727696,METER-ML-1005,2.838,231.43,13.33,0.92,0,NORMAL
2026-07-21 03:34:05.727696,METER-ML-1005,2.41,230.55,11.1,0.942,0,NORMAL
2026-07-21 04:34:05.727696,METER-ML-1005,3.608,226.05,16.74,0.954,0,NORMAL
2026-07-21 05:34:05.727696,METER-ML-1005,3.085,221.26,15.76,0.885,0,NORMAL
2026-07-21 06:34:05.727696,METER-ML-1005,3.864,231.12,17.13,0.976,0,NORMAL
2026-07-21 07:34:05.727696,METER-ML-1005,4.211,226.53,20.21,0.92,0,NORMAL
2026-07-21 08:34:05.727696,METER-ML-1005,3.788,234.68,17.41,0.927,0,NORMAL
2026-07-21 09:34:05.727696,METER-ML-1005,5.192,232.44,25.43,0.878,0,NORMAL
2026-07-21 10:34:05.727696,METER-ML-1005,5.255,233.95,23.91,0.939,0,NORMAL
2026-07-21 11:34:05.727696,METER-ML-1005,5.111,231.97,24.61,0.895,0,NORMAL
2026-07-21 12:34:05.727696,METER-ML-1005,5.49,225.81,26.88,0.905,0,NORMAL
2026-07-21 13:34:05.727696,METER-ML-1005,5.66,231.17,25.53,0.959,0,NORMAL
2026-07-21 14:34:05.727696,METER-ML-1005,5.165,228.59,25.12,0.9,0,NORMAL
2026-07-21 15:34:05.727696,METER-ML-1005,4.79,234.63,22.81,0.895,0,NORMAL
2026-07-21 16:34:05.727696,METER-ML-1005,4.685,227.54,25.17,0.818,0,NORMAL
2026-07-21 17:34:05.727696,METER-ML-1005,0.051,226.22,0.1,0.861,1,CHUTE_SUSPECTE_FRAUDE
2026-07-21 18:34:05.727696,METER-ML-1005,4.079,228.17,19.75,0.905,0,NORMAL
2026-07-21 19:34:05.727696,METER-ML-1005,3.413,228.88,16.26,0.917,0,NORMAL
2026-07-21 20:34:05.727696,METER-ML-1005,2.687,226.13,12.73,0.934,0,NORMAL
2026-07-21 21:34:05.727696,METER-ML-1005,3.012,231.12,14.59,0.893,0,NORMAL
2026-07-21 22:34:05.727696,METER-ML-1005,3.24,227.98,16.06,0.885,0,NORMAL
2026-07-21 23:34:05.727696,METER-ML-1005,2.863,225.69,13.81,0.919,0,NORMAL
2026-07-22 00:34:05.727696,METER-ML-1005,3.438,231.7,16.25,0.913,0,NORMAL
2026-07-22 01:34:05.727696,METER-ML-1005,2.488,232.42,12.56,0.852,0,NORMAL
2026-07-22 02:34:05.727696,METER-ML-1005,3.323,226.18,15.3,0.96,0,NORMAL
2026-07-22 03:34:05.727696,METER-ML-1005,3.057,229.9,14.94,0.89,0,NORMAL
2026-07-22 04:34:05.727696,METER-ML-1005,3.17,224.64,15.28,0.923,0,NORMAL
2026-07-22 05:34:05.727696,METER-ML-1005,3.429,229.26,15.11,0.99,0,NORMAL
2026-07-22 06:34:05.727696,METER-ML-1005,3.823,232.0,16.64,0.99,0,NORMAL
2026-07-22 07:34:05.727696,METER-ML-1005,4.82,222.69,23.75,0.911,0,NORMAL
2026-07-22 08:34:05.727696,METER-ML-1005,5.253,221.06,26.3,0.904,0,NORMAL
2026-07-22 09:34:05.727696,METER-ML-1005,5.052,237.5,23.0,0.925,0,NORMAL
2026-07-22 10:34:05.727696,METER-ML-1005,5.101,233.36,24.23,0.902,0,NORMAL
2026-07-22 11:34:05.727696,METER-ML-1005,24.335,229.0,117.95,0.901,1,SURCHARGE_ANORMALE
2026-07-22 12:34:05.727696,METER-ML-1005,5.235,225.21,26.09,0.891,0,NORMAL
2026-07-22 13:34:05.727696,METER-ML-1005,5.239,233.48,25.19,0.891,0,NORMAL
2026-07-22 14:34:05.727696,METER-ML-1005,24.545,233.27,115.44,0.912,1,SURCHARGE_ANORMALE
2026-07-22 15:34:05.727696,METER-ML-1005,5.26,228.9,25.35,0.906,0,NORMAL
2026-07-22 16:34:05.727696,METER-ML-1005,16.339,228.07,73.24,0.978,1,SURCHARGE_ANORMALE
2026-07-22 17:34:05.727696,METER-ML-1005,4.426,229.99,22.17,0.868,0,NORMAL
2026-07-22 18:34:05.727696,METER-ML-1005,3.887,229.74,19.08,0.887,0,NORMAL
2026-07-22 19:34:05.727696,METER-ML-1005,4.123,230.21,20.98,0.854,0,NORMAL
2026-07-22 20:34:05.727696,METER-ML-1005,3.122,226.91,15.71,0.876,0,NORMAL
2026-07-22 21:34:05.727696,METER-ML-1005,2.5,227.56,11.4,0.964,0,NORMAL
2026-07-22 22:34:05.727696,METER-ML-1005,3.047,229.89,14.83,0.894,0,NORMAL
2026-07-22 23:34:05.727696,METER-ML-1005,2.17,223.63,10.44,0.93,0,NORMAL
2026-07-23 00:34:05.727696,METER-ML-1005,3.491,230.99,16.33,0.926,0,NORMAL
2026-07-23 01:34:05.727696,METER-ML-1005,3.348,230.62,15.29,0.95,0,NORMAL
2026-07-23 02:34:05.727696,METER-ML-1005,2.827,222.76,13.71,0.926,0,NORMAL
2026-07-23 03:34:05.727696,METER-ML-1005,3.37,227.22,15.57,0.952,0,NORMAL
2026-07-23 04:34:05.727696,METER-ML-1005,3.008,225.5,14.29,0.933,0,NORMAL
2026-07-23 05:34:05.727696,METER-ML-1005,3.654,232.98,17.53,0.895,0,NORMAL
2026-07-23 06:34:05.727696,METER-ML-1005,3.019,235.33,14.46,0.887,0,NORMAL
2026-07-23 07:34:05.727696,METER-ML-1005,4.369,232.36,19.23,0.978,0,NORMAL
2026-07-23 08:34:05.727696,METER-ML-1005,4.938,230.06,23.47,0.914,0,NORMAL
2026-07-23 09:34:05.727696,METER-ML-1005,5.203,226.87,24.83,0.924,0,NORMAL
2026-07-23 10:34:05.727696,METER-ML-1005,4.92,227.52,24.54,0.881,0,NORMAL
2026-07-23 11:34:05.727696,METER-ML-1005,5.982,228.93,27.5,0.95,0,NORMAL
2026-07-23 12:34:05.727696,METER-ML-1005,5.288,228.08,24.86,0.933,0,NORMAL
2026-07-23 13:34:05.727696,METER-ML-1005,5.237,232.04,23.91,0.944,0,NORMAL
2026-07-23 14:34:05.727696,METER-ML-1005,4.772,231.13,22.23,0.929,0,NORMAL
2026-07-23 15:34:05.727696,METER-ML-1005,4.503,230.74,20.69,0.943,0,NORMAL
2026-07-23 16:34:05.727696,METER-ML-1005,4.663,229.24,20.93,0.972,0,NORMAL
2026-07-23 17:34:05.727696,METER-ML-1005,4.069,232.15,18.91,0.927,0,NORMAL
2026-07-23 18:34:05.727696,METER-ML-1005,4.13,228.15,19.78,0.915,0,NORMAL
2026-07-23 19:34:05.727696,METER-ML-1005,3.033,227.98,13.46,0.988,0,NORMAL
2026-07-23 20:34:05.727696,METER-ML-1005,3.573,235.35,16.07,0.945,0,NORMAL
2026-07-23 21:34:05.727696,METER-ML-1005,2.65,231.13,12.46,0.92,0,NORMAL
2026-07-23 22:34:05.727696,METER-ML-1005,3.403,231.06,16.19,0.91,0,NORMAL
2026-07-23 23:34:05.727696,METER-ML-1005,2.116,229.86,10.56,0.872,0,NORMAL
2026-07-24 00:34:05.727696,METER-ML-1005,3.642,233.14,17.14,0.911,0,NORMAL
2026-07-24 01:34:05.727696,METER-ML-1005,3.563,226.8,16.5,0.952,0,NORMAL
2026-07-24 02:34:05.727696,METER-ML-1005,2.998,232.51,13.49,0.956,0,NORMAL
2026-07-24 03:34:05.727696,METER-ML-1005,3.545,231.44,16.23,0.944,0,NORMAL
2026-07-24 04:34:05.727696,METER-ML-1005,2.98,225.16,13.66,0.969,0,NORMAL
2026-07-24 05:34:05.727696,METER-ML-1005,2.978,229.11,14.38,0.904,0,NORMAL
2026-07-24 06:34:05.727696,METER-ML-1005,4.27,233.03,20.61,0.889,0,NORMAL
2026-07-24 07:34:05.727696,METER-ML-1005,4.291,232.85,20.51,0.899,0,NORMAL
2026-07-24 08:34:05.727696,METER-ML-1005,5.467,228.55,25.31,0.945,0,NORMAL
2026-07-24 09:34:05.727696,METER-ML-1005,5.293,229.74,24.55,0.938,0,NORMAL
2026-07-24 10:34:05.727696,METER-ML-1005,6.03,228.23,28.3,0.934,0,NORMAL
2026-07-24 11:34:05.727696,METER-ML-1005,5.496,227.44,26.89,0.899,0,NORMAL
2026-07-24 12:34:05.727696,METER-ML-1005,5.262,225.79,26.04,0.895,0,NORMAL
2026-07-24 13:34:05.727696,METER-ML-1005,5.151,227.69,26.5,0.854,0,NORMAL
2026-07-24 14:34:05.727696,METER-ML-1005,4.914,233.77,23.81,0.883,0,NORMAL
2026-07-24 15:34:05.727696,METER-ML-1005,4.661,236.8,23.2,0.848,0,NORMAL
2026-07-24 16:34:05.727696,METER-ML-1005,4.751,232.84,22.1,0.923,0,NORMAL
2026-07-24 17:34:05.727696,METER-ML-1005,4.124,227.2,18.79,0.966,0,NORMAL
2026-07-24 18:34:05.727696,METER-ML-1005,3.865,232.23,16.81,0.99,0,NORMAL
2026-07-24 19:34:05.727696,METER-ML-1005,3.116,229.59,14.4,0.943,0,NORMAL
2026-07-24 20:34:05.727696,METER-ML-1005,2.864,232.45,13.3,0.926,0,NORMAL
2026-07-24 21:34:05.727696,METER-ML-1005,2.404,236.62,10.75,0.945,0,NORMAL
2026-07-24 22:34:05.727696,METER-ML-1005,1.736,228.71,8.17,0.929,0,NORMAL
2026-07-24 23:34:05.727696,METER-ML-1005,2.407,222.82,11.28,0.958,0,NORMAL
2026-07-25 00:34:05.727696,METER-ML-1005,3.205,229.86,14.71,0.948,0,NORMAL
2026-07-25 01:34:05.727696,METER-ML-1005,4.062,233.57,19.0,0.915,0,NORMAL
2026-07-25 02:34:05.727696,METER-ML-1005,3.76,224.01,17.9,0.938,0,NORMAL
2026-07-25 03:34:05.727696,METER-ML-1005,3.73,226.0,18.0,0.917,0,NORMAL
2026-07-25 04:34:05.727696,METER-ML-1005,3.194,228.15,15.1,0.927,0,NORMAL
2026-07-25 05:34:05.727696,METER-ML-1005,3.513,233.37,16.76,0.898,0,NORMAL
2026-07-25 06:34:05.727696,METER-ML-1005,4.251,229.93,19.94,0.927,0,NORMAL
2026-07-25 07:34:05.727696,METER-ML-1005,5.447,224.93,24.95,0.971,0,NORMAL
2026-07-25 08:34:05.727696,METER-ML-1005,4.813,219.73,23.28,0.941,0,NORMAL
2026-07-25 09:34:05.727696,METER-ML-1005,6.664,229.37,32.0,0.908,0,NORMAL
2026-07-25 10:34:05.727696,METER-ML-1005,6.674,225.46,31.54,0.939,0,NORMAL
2026-07-25 11:34:05.727696,METER-ML-1005,5.99,231.2,28.97,0.894,0,NORMAL
2026-07-25 12:34:05.727696,METER-ML-1005,7.201,236.0,31.34,0.974,0,NORMAL
2026-07-25 13:34:05.727696,METER-ML-1005,6.35,223.99,30.64,0.925,0,NORMAL
2026-07-25 14:34:05.727696,METER-ML-1005,6.264,229.93,29.89,0.911,0,NORMAL
2026-07-25 15:34:05.727696,METER-ML-1005,5.519,229.76,25.2,0.953,0,NORMAL
2026-07-25 16:34:05.727696,METER-ML-1005,5.92,231.6,28.02,0.912,0,NORMAL
2026-07-25 17:34:05.727696,METER-ML-1005,4.962,236.23,23.05,0.911,0,NORMAL
2026-07-25 18:34:05.727696,METER-ML-1005,4.839,226.62,23.3,0.916,0,NORMAL
2026-07-25 19:34:05.727696,METER-ML-1005,3.479,231.56,15.36,0.978,0,NORMAL
2026-07-25 20:34:05.727696,METER-ML-1005,3.338,226.62,15.68,0.939,0,NORMAL
2026-07-25 21:34:05.727696,METER-ML-1005,3.845,227.32,18.24,0.927,0,NORMAL
2026-07-25 22:34:05.727696,METER-ML-1005,3.366,234.98,15.53,0.922,0,NORMAL
2026-07-25 23:34:05.727696,METER-ML-1005,2.971,230.57,14.23,0.906,0,NORMAL
2026-07-26 00:34:05.727696,METER-ML-1005,3.859,229.65,18.75,0.896,0,NORMAL
2026-07-26 01:34:05.727696,METER-ML-1005,4.384,232.54,20.16,0.935,0,NORMAL
2026-07-26 02:34:05.727696,METER-ML-1005,3.197,232.24,14.75,0.933,0,NORMAL
2026-07-26 03:34:05.727696,METER-ML-1005,4.095,239.68,18.29,0.934,0,NORMAL
2026-07-26 04:34:05.727696,METER-ML-1005,4.102,231.52,17.9,0.99,0,NORMAL
2026-07-26 05:34:05.727696,METER-ML-1005,3.861,228.89,19.29,0.874,0,NORMAL
2026-07-26 06:34:05.727696,METER-ML-1005,4.373,227.45,21.75,0.884,0,NORMAL
2026-07-26 07:34:05.727696,METER-ML-1005,4.705,231.05,21.54,0.945,0,NORMAL
2026-07-26 08:34:05.727696,METER-ML-1005,5.761,233.33,27.38,0.902,0,NORMAL
2026-07-26 09:34:05.727696,METER-ML-1005,5.379,231.77,23.99,0.967,0,NORMAL
2026-07-26 10:34:05.727696,METER-ML-1005,5.959,233.4,27.16,0.94,0,NORMAL
2026-07-26 11:34:05.727696,METER-ML-1005,7.019,228.58,33.73,0.911,0,NORMAL
2026-07-26 12:34:05.727696,METER-ML-1005,6.672,226.23,30.54,0.966,0,NORMAL
2026-07-26 13:34:05.727696,METER-ML-1005,7.271,231.63,35.79,0.877,0,NORMAL
2026-07-26 14:34:05.727696,METER-ML-1005,6.415,227.11,29.16,0.969,0,NORMAL
2026-07-26 15:34:05.727696,METER-ML-1005,5.928,230.19,30.67,0.84,0,NORMAL
2026-07-26 16:34:05.727696,METER-ML-1005,6.09,231.44,28.16,0.934,0,NORMAL
2026-07-26 17:34:05.727696,METER-ML-1005,5.155,224.16,26.18,0.878,0,NORMAL
2026-07-26 18:34:05.727696,METER-ML-1005,5.173,235.29,23.61,0.931,0,NORMAL
2026-07-26 19:34:05.727696,METER-ML-1005,26.809,232.1,133.72,0.864,1,SURCHARGE_ANORMALE
2026-07-26 20:34:05.727696,METER-ML-1005,3.98,233.85,18.22,0.934,0,NORMAL
2026-07-26 21:34:05.727696,METER-ML-1005,3.186,226.07,16.11,0.875,0,NORMAL
2026-07-26 22:34:05.727696,METER-ML-1005,0.016,234.42,0.1,0.95,1,CHUTE_SUSPECTE_FRAUDE
2026-07-26 23:34:05.727696,METER-ML-1005,3.028,230.2,14.38,0.915,0,NORMAL
2026-07-27 00:34:05.727696,METER-ML-1005,2.972,228.62,13.79,0.942,0,NORMAL
2026-07-27 01:34:05.727696,METER-ML-1005,3.842,227.04,18.48,0.916,0,NORMAL
2026-07-27 02:34:05.727696,METER-ML-1005,3.423,234.78,15.78,0.924,0,NORMAL
2026-07-27 03:34:05.727696,METER-ML-1005,4.216,230.96,20.87,0.875,0,NORMAL
2026-07-27 04:34:05.727696,METER-ML-1005,3.207,227.31,14.79,0.954,0,NORMAL
2026-07-27 05:34:05.727696,METER-ML-1005,3.27,231.45,14.95,0.945,0,NORMAL
2026-07-27 06:34:05.727696,METER-ML-1005,3.745,230.36,17.17,0.947,0,NORMAL
2026-07-27 07:34:05.727696,METER-ML-1005,4.701,230.17,21.56,0.947,0,NORMAL
2026-07-27 08:34:05.727696,METER-ML-1005,4.273,228.88,20.28,0.921,0,NORMAL
2026-07-27 09:34:05.727696,METER-ML-1005,5.592,232.29,27.06,0.89,0,NORMAL
2026-07-27 10:34:05.727696,METER-ML-1005,0.027,230.71,0.1,0.883,1,CHUTE_SUSPECTE_FRAUDE
2026-07-27 11:34:05.727696,METER-ML-1005,5.498,228.09,25.18,0.957,0,NORMAL
2026-07-27 12:34:05.727696,METER-ML-1005,5.959,224.41,28.58,0.929,0,NORMAL
2026-07-27 13:34:05.727696,METER-ML-1005,5.606,232.04,27.31,0.884,0,NORMAL
2026-07-27 14:34:05.727696,METER-ML-1005,4.66,230.7,22.26,0.907,0,NORMAL
2026-07-27 15:34:05.727696,METER-ML-1005,5.023,233.32,23.79,0.905,0,NORMAL
2026-07-27 16:34:05.727696,METER-ML-1005,4.514,229.92,21.21,0.926,0,NORMAL
2026-07-27 17:34:05.727696,METER-ML-1005,4.011,233.52,18.26,0.941,0,NORMAL
2026-07-27 18:34:05.727696,METER-ML-1005,3.86,226.17,18.55,0.92,0,NORMAL
2026-07-27 19:34:05.727696,METER-ML-1005,3.112,234.24,14.54,0.914,0,NORMAL
2026-07-27 20:34:05.727696,METER-ML-1005,3.281,232.71,14.97,0.942,0,NORMAL
2026-07-27 21:34:05.727696,METER-ML-1005,3.415,220.41,15.74,0.985,0,NORMAL
2026-07-27 22:34:05.727696,METER-ML-1005,3.026,228.82,14.56,0.908,0,NORMAL
2026-07-27 23:34:05.727696,METER-ML-1005,13.491,229.79,63.02,0.932,1,SURCHARGE_ANORMALE
2026-07-28 00:34:05.727696,METER-ML-1005,2.904,228.02,14.01,0.909,0,NORMAL
2026-07-28 01:34:05.727696,METER-ML-1005,3.693,229.22,17.66,0.913,0,NORMAL
2026-07-28 02:34:05.727696,METER-ML-1005,3.032,221.34,14.8,0.925,0,NORMAL
2026-07-28 03:34:05.727696,METER-ML-1005,3.359,228.95,16.61,0.883,0,NORMAL
2026-07-28 04:34:05.727696,METER-ML-1005,2.56,232.28,12.11,0.911,0,NORMAL
2026-07-28 05:34:05.727696,METER-ML-1005,3.247,225.66,15.38,0.936,0,NORMAL
2026-07-28 06:34:05.727696,METER-ML-1005,4.537,234.32,20.45,0.947,0,NORMAL
2026-07-28 07:34:05.727696,METER-ML-1005,4.299,225.25,21.17,0.902,0,NORMAL
2026-07-28 08:34:05.727696,METER-ML-1005,5.011,229.29,23.97,0.912,0,NORMAL
2026-07-28 09:34:05.727696,METER-ML-1005,4.485,230.66,21.71,0.896,0,NORMAL
2026-07-28 10:34:05.727696,METER-ML-1005,5.371,233.26,24.45,0.942,0,NORMAL
2026-07-28 11:34:05.727696,METER-ML-1005,5.012,224.05,24.17,0.926,0,NORMAL
2026-07-28 12:34:05.727696,METER-ML-1005,5.01,232.3,22.96,0.939,0,NORMAL
2026-07-28 13:34:05.727696,METER-ML-1005,6.006,227.05,29.2,0.906,0,NORMAL
2026-07-28 14:34:05.727696,METER-ML-1005,4.505,233.29,21.68,0.89,0,NORMAL
2026-07-28 15:34:05.727696,METER-ML-1005,4.448,230.07,20.23,0.956,0,NORMAL
2026-07-28 16:34:05.727696,METER-ML-1005,4.927,226.91,22.46,0.967,0,NORMAL
2026-07-28 17:34:05.727696,METER-ML-1005,4.099,227.91,19.07,0.943,0,NORMAL
2026-07-28 18:34:05.727696,METER-ML-1005,3.995,231.96,18.34,0.939,0,NORMAL
2026-07-28 19:34:05.727696,METER-ML-1005,2.902,232.25,13.76,0.908,0,NORMAL
2026-07-28 20:34:05.727696,METER-ML-1005,2.993,230.71,13.1,0.99,0,NORMAL
2026-07-28 21:34:05.727696,METER-ML-1005,1.95,224.96,10.13,0.856,0,NORMAL
2026-07-28 22:34:05.727696,METER-ML-1005,2.134,232.02,10.22,0.9,0,NORMAL
2026-07-28 23:34:05.727696,METER-ML-1005,2.292,230.47,10.94,0.909,0,NORMAL
2026-07-29 00:34:05.727696,METER-ML-1005,3.192,237.41,14.52,0.926,0,NORMAL
